:020000040800F2
:100000000000022011970108C7400008CF400008F7
:10001000D7400008DF400008E7400008014500081D
:10002000000000000000000000000000EF40000899
:10003000FD400008000000000B41000819410008C5
:100040000145000801450008254100080145000858
:100050000145000801450008014500080145000868
:10006000014500083D410008014500080145000820
:100070000145000801450008014500080145000848
:100080000145000801450008014500080145000838
:100090000145000801450008014500080145000828
:1000A0000145000801450008014500080145000818
:1000B00001450008794100088D410008014500080C
:1000C000A1410008B5410008C941000801450008E8
:1000D00001450008DD410008F14100080145000824
:1000E00001450008014500080145000801450008D8
:1000F00001450008014500080542000801450008C7
:100100000145000819420008014500082D42000879
:10011000014500085142000801450008014500085A
:100120000145000801450008014500080145000897
:1001300001450008C9420008014500086542000861
:100140000145000879420008A54200080145000861
:100150000145000801450008014500080145000867
:1001600010B5054C237833B9044B13B10448AFF3F1
:1001700000800123237010BD7006002000000000E5
:1001800008C5030808B5034B1BB103490348AFF387
:10019000008008BD000000007406002008C50308A8
:1001A00010B488420DD98B1898420AD2811832B106
:1001B0009A1A13F8014D9A4201F8014DF9D110BC79
:1001C0007047002AFBD00A44431E11F8014B8A42B3
:1001D00003F8014FF9D110BC704770B4840746D0C2
:1001E0004C1E002941D0D5B2034602E0611EE4B3A3
:1001F0000C4603F8015B9907F8D1032C2ED9D5B230
:1002000045EA05250F2C45EA054519D9264603F18F
:100210001001103E0F2E41F8105C41F80C5C41F8C3
:10022000085C41F8045C01F11001F2D8A4F110015E
:1002300021F00F0104F00F041031032C0B440DD9F1
:100240001E4621460439032946F8045BFAD8211FCB
:1002500021F0030104310B4404F003042CB1D2B2A9
:100260001C4403F8012BA342FBD170BC70470C4621
:100270000346C2E7034613F8012B002AFBD1181AE4
:100280000138704753B94AB9002908BF00281CBF7C
:100290004FF0FF314FF0FF3000F0B0B9ADF1080C76
:1002A0006DE904CE00F006F8DDF804E0DDE9022394
:1002B00004B070472DE9F04F099D884604468E46EC
:1002C000002B4AD18A4217465FD9B2FA82F64EB164
:1002D000C6F1200301FA06FEB740B44020FA03F34A
:1002E00043EA0E0E4FEA17481FFA87FC230CBEFBA9
:1002F000F8F108FB11EE01FB0CF243EA0E439A42BF
:1003000007D9FB1801F1FF3002D29A4200F2548162
:1003100001469B1AA2B2B3FBF8F008FB103300FBB6
:100320000CFC42EA034294450BD9BA1800F1FF33A2
:100330002CBF01240024944502D9002C00F03F81F9
:10034000184640EA0140A2EB0C0200211DB1F24028
:100350000023C5E90023BDE8F08F8B4205D90DB11C
:10036000C5E9000100210846F5E7B3FA83F1002949
:100370004ED14345C0F01281824240F20F810846BF
:10038000002DE8D0C5E9004EE5E7002A00F0AC807A
:10039000B2FA82F6002E40F0BB808B1A4FEA124E62
:1003A000BCB20121020C80B2B3FBFEFC0EFB1C337D
:1003B00042EA034304FB0CF29A420ED9FB180CF1FB
:1003C000FF382CBF4FF001094FF000099A4203D9C2
:1003D000B9F1000F00F0EC80C4469B1AB3FBFEF8A5
:1003E0000EFB183304FB08F440EA034294420BD995
:1003F000BA1808F1FF332CBF01200020944202D923
:10040000002800F0D1809846121B48EA0C409DE776
:10041000C1F120068B4008FA01F400FA01F922FA32
:1004200006F728FA06F88A401F4320FA06F3380C2C
:1004300023431FFA87FC1C0CB8FBF0FE00FB1E8850
:1004400044EA08440EFB0CF8A0450ED93C190EF105
:10045000FF3A2CBF4FF0010B4FF0000BA04503D922
:10046000BBF1000F00F0B880D646A4EB08041FFAD9
:1004700083F8B4FBF0F300FB134403FB0CFC48EAE5
:100480000444A4450ED93C1903F1FF302CBF4FF0B2
:1004900001084FF00008A44503D9B8F1000F00F09F
:1004A0009F80034643EA0E40A4EB0C04A0FB02EC41
:1004B00064457346E04602D307D1F14505D2BEEB51
:1004C00002036CEB070C0138E0465DB1B9EB0302A7
:1004D00064EB080404FA06F622FA01F3CC401E434A
:1004E000C5E90064002136E7B1FBF2FC010C1446BB
:1004F00080B2964641EA08412026904640EA0143F0
:100500001046B1FBF2F1A3EB080341EA0C414BE7C3
:10051000B740C6F1200301FA06F221FA03F84FEAC8
:10052000174E20FA03F3BCB2B0401343020C190C6F
:1005300080B2B8FBFEF90EFB198841EA084109FBBD
:1005400004F8884551D9791809F1FF3C2CBF4FF0C8
:10055000010A4FF0000A884502D9BAF1000F31D0E4
:10056000A1EB0801B1FBFEF909FB04F80EFB191120
:100570009BB243EA0143434535D2FB1809F1FF31F1
:100580002CBF4FF0010A4FF0000A4345BBD2BAF12D
:10059000000FB8D1A9F102013B44B4E7841A68EB1B
:1005A000030201209646EBE63A44A8F102082BE745
:1005B000ACF1020C3B4410E702393B44A9E63A4453
:1005C0000238BEE6A7EB0808A9F1020C4144B1FBD2
:1005D000FEF909FB04F8C9E7AEF1020E3C4444E71A
:1005E000023B3C445EE749468DE7A1EB0801CC465F
:1005F000B1FBFEF909FB04F8B8E700BF704700BF84
:1006000080B59EB000AF78600B467B807B681B781E
:1006100087F85F3097F85F30303B752B00F2FA8334
:1006200001A252F823F000BF010E000801080008E3
:10063000150E0008150E0008150E0008150E00080E
:10064000150E0008150E0008150E0008150E0008FE
:10065000150E0008150E0008150E0008150E0008EE
:10066000150E0008150E0008150E00086308000896
:100670000D0900087B0800083F0D0008A10D0008C7
:10068000650B0008150E0008150E0008150E000871
:10069000150E0008070A0008930C00086B0A0008F2
:1006A0000F0C0008090B0008150E0008150E0008B5
:1006B0008D0C0008E7090008A70C0008150E0008BB
:1006C0007F090008F30C0008150E0008150E00083D
:1006D000150E0008150E0008150E0008150E00086E
:1006E000150E0008150E0008150E0008150E00085E
:1006F000150E0008150E0008150E0008150E00084E
:10070000150E0008150E0008150E0008150E00083D
:10071000150E000821080008150E0008150E000827
:10072000150E0008150E0008150E0008150E00081D
:10073000150E0008150E0008150E0008150E00080D
:10074000150E0008150E0008150E0008150E0008FD
:10075000150E0008150E0008150E0008150E0008ED
:10076000150E0008150E0008150E0008150E0008DD
:10077000150E0008150E0008150E0008150E0008CD
:10078000150E0008150E0008150E0008150E0008BD
:10079000150E0008150E0008150E0008150E0008AD
:1007A000150E0008150E0008150E0008150E00089D
:1007B000150E0008150E0008150E0008150E00088D
:1007C000150E0008150E0008150E0008150E00087D
:1007D000150E0008150E0008150E0008150E00086D
:1007E000150E0008150E0008150E0008150E00085D
:1007F000150E0008150E0008150E0008150E00084D
:100800007B88012B08D97B6801331B78612B03D1CE
:10081000012000F035FB2EE3092000F031FB2AE334
:100820007B88012B40F2F8827B6801331B78672BB1
:1008300003D1AA49002000F03BFB7B6801331B7801
:10084000722B03D1A549042000F032FB7B680133F1
:100850001B78622B40F0E282A049082000F028FBC0
:10086000DCE29F4807F073FB9E4B00221A709E4B00
:1008700000221A7000F038FBFDE2994807F01EFBD9
:100880007B88012B3AD97B6801331B78622B35D1E9
:10089000944B01221A70944B00221A70934B1B78D0
:1008A000DBB2002B16D100222021914807F0F6F987
:1008B00001F0F6F901224FF400618E4807F0EEF9DD
:1008C00000224FF400618B4807F0E8F98A4B0022C0
:1008D0001A701AE001224FF40061864807F0DEF931
:1008E00001222021824807F0D9F901F0B1F9824BA9
:1008F00000221A70814B00221A7006E0794B002208
:100900001A70794B01221A70B5E2B4E2744807F00C
:10091000D5FA744B01221A70734B00221A70734B74
:100920001B78DBB2002B16D100222021704807F083
:10093000B5F901F0B5F901224FF400616D4807F0F7
:10094000ADF900224FF400616A4807F0A7F96A4B3D
:1009500000221A708FE201224FF40061654807F00F
:100960009DF901222021624807F098F901F070F901
:10097000614B00221A70614B00221A707BE27B8867
:10098000012B40F24D827B88013BA7F87630B7F807
:100990007630042B02D90423A7F876307B68591CE3
:1009A000B7F8762007F1400318463BF050F9B7F846
:1009B000763078333B44002203F8382C07F14003AB
:1009C00018463BF009F838673B6F002B01DC012328
:1009D0003B673B6F632B01D963233B673B6FDAB205
:1009E000474B1A7047E27B88012B08D97B6801339B
:1009F0001B78302B03D1434B00221A703BE2414B52
:100A000001221A7037E27B88012B0FD97B680133F2
:100A10001B78352B0AD100220221354807F03EF918
:100A200000220421324807F039F91DE07B88012BB0
:100A30000FD97B6801331B78342B0AD100220221A5
:100A40002B4807F02BF901220421294807F026F949
:100A50000AE001220221264807F020F900220421A1
:100A6000234807F01BF906E205E27B88012B1ED91B
:100A70007B6801331B78412B19D1002220211C48AF
:100A800007F00CF901F00CF901224FF4006119484C
:100A900007F004F900224FF40061164807F0FEF851
:100AA000154B00221A70114B00221A70E3E101224B
:100AB0004FF400610F4807F0F1F8012220210C48A3
:100AC00007F0ECF801F0C4F80B4B00221A700B4B46
:100AD00000221A70054B01221A70CCE1040000209C
:100AE000203F0020D3060020D4060020D706002097
:100AF0000004024200000242782D0020D2060020AD
:100B000000000020D60600207B88012B40F28A815D
:100B10007B88013BA7F86E30B7F86E30042B02D902
:100B20000423A7F86E307B68591CB7F86E2007F1D4
:100B3000380318463BF08BF8B7F86E3078333B44F7
:100B4000002203F8402C07F1380318463AF044FF1E
:100B500078657B6D9AB2B64B1A807B6D9AB2B54BB5
:100B60001A8088E17B88012B40F25E817B88013B03
:100B7000A7F86C30B7F86C30042B02D90423A7F81F
:100B80006C307B68591CB7F86C2007F130031846AD
:100B90003BF05DF8B7F86C3078333B44002203F843
:100BA000482C07F1300318463AF016FFF864FB6C46
:100BB000002B40F33981FB6CB3F5FA7F00F33481ED
:100BC000FB6C9D4A13609C4B1B684FF47A72B2FB1E
:100BD000F3F3013B994A1360984B1B6801335B08A0
:100BE000974A1360974B1B78DBB2002B40F01C81B7
:100BF000954B1B68914A1268DA62904B1B68924AC7
:100C0000D360914B1B688E4A1268DA630CE17B88D3
:100C1000012B40F20B817B88013BA7F86A30B7F8C3
:100C20006A30042B02D90423A7F86A307B68591C68
:100C3000B7F86A2007F1280318463BF008F8B7F820
:100C40006A3078333B44002203F8502C07F1280324
:100C500018463AF0C1FE38653B6D002B40F3E68044
:100C60003B6D202B00F3E2803B6DDBB2013BDAB23F
:100C7000764B1A70734B1B78DBB2012B40F0D68099
:100C8000724B1B78184600F0FBF8CFE000F0B6FC82
:100C9000F1E07B685A1C7B88013B9BB219461046E9
:100CA00001F056FCE7E07B88012B40F2DD807B8879
:100CB000052B28BF05239BB2013BA7F85A307B6860
:100CC000591CB7F85A2007F1200318463AF0BFFF25
:100CD000B7F85A3078333B44002203F8582C07F118
:100CE000200318463AF078FE03469AB2514B1A8018
:100CF000BAE07B88012B40F2B9807B88052B28BFA6
:100D000005239BB2013BA7F85C307B68591CB7F800
:100D10005C2007F1180318463AF099FFB7F85C30E9
:100D200078333B44002203F8602C07F1180318467F
:100D30003AF052FE03469AB2454B1A8096E07B8801
:100D4000012B40F295807B88052B28BF05239BB2A1
:100D5000013BA7F848307B68591CB7F8482007F1D9
:100D6000100318463AF073FFB7F8483078333B4425
:100D7000002203F8682C07F1100318463AF02CFE05
:100D800078667B6E002B01DC01237B667B6E1E2B5D
:100D900001D91E237B667B6EDAB22E4B1A7067E098
:100DA0007B88012B66D97B88052B28BF05239BB246
:100DB000013BA7F84A307B68591CB7F84A2007F175
:100DC000080318463AF043FFB7F84A3078333B44FB
:100DD000002203F8702C07F1080318463AF0FCFDD6
:100DE00038663B6E002B01DA00233B663B6E642BBA
:100DF00001DD64233B663B6EDAB2174B1A7039E0B3
:100E0000164807F0A4F8164B00221A70154B002262
:100E10001A7030E000BF2EE000BF2CE000BF2AE0D7
:100E200000BF28E000BF26E000BF24E000BF22E0B2
:100E300002000020280000201C00002020000020CC
:100E400024000020D706002078410020D206002090
:100E50002A0000202C0000202D000020203F002030
:100E6000D3060020D406002000BF04E000BF02E04B
:100E700000BF00E000BF00BF7837BD4680BD00BFA7
:100E800080B483B000AF0346FB71FB7903F01F030E
:100E9000054A064951F82330936100BF0C37BD461F
:100EA0005DF8047B704700BF0000024278E503084C
:100EB00080B582B000AF78603960002109480AF03F
:100EC0003DFE042107480AF039FE082105480AF0D2
:100ED00035FE796803480AF051FD00BF0837BD466A
:100EE00080BD00BFC441002080B584B002AF09209E
:100EF000FFF7C6FF01224FF40051144806F0CEFE62
:100F00000221134806F0E2FE124B1B880A220092CF
:100F1000114A1249124809F0BDFA0346FB710E4B03
:100F20001A88104B1A800F4B1B881A460E490F481F
:100F30003AF0DAFD38603B689BB21A460B490C4820
:100F40000BF0EAFF00BF0837BD4680BD0004024237
:100F5000000002421A000020D006002018000020E5
:100F6000AC3F00208C06002020C50308900600201E
:100F70001042002080B500AF0B4B93F88930DBB2F4
:100F8000012B03D0094B00221A700CE001224FF410
:100F90000051074806F082FE064B1B6800225A6289
:100FA00004480AF00FFC80BDAC3F0020D8060020AA
:100FB000000402422C41002080B582B000AF78606E
:100FC0007B681B68114A93421BD111480AF04EFC02
:100FD00000224FF400510F4806F060FE0E4B1B88B4
:100FE0000E4A0F490F4809F089FC0346002B08D030
:100FF00001224FF40051074806F050FE0A4B002230
:101000001A7000BF0837BD4680BD00BF002C0140EC
:101010002C410020000402421A000020D0060020CB
:1010200018000020AC3F0020D806002080B582B018
:1010300000AF1C4B1B6801331A4A13601A480AF0B0
:1010400015FC1A4B93F88930DBB2012B02D01748FC
:1010500009F0BAFE01224FF40051154806F01EFEB9
:10106000144BD3F89430134A43F02003C2F8943061
:10107000104BD3F8943003F020037B607B680E485C
:1010800004F004FA034603F48073002B02D00A48EC
:1010900003F056FF094B00221A7000BF0837BD4607
:1010A00080BD00BFE80600202C410020AC3F00209E
:1010B00000040242000C02460C3E0020D80600202C
:1010C00080B582B000AF7860194B1B78DBB2012B82
:1010D0000BD1184B1B780133DAB2164B1A70154B33
:1010E0001B78842B1FD9FFF7A1FF124B00221A7027
:1010F0000F4B01221A70104B1B78DBB2012B0AD167
:101100000E4B1B781846FFF7BBFE0C4B1B7818469E
:1011100000F0AAFA04E00A4B1B78184600F0A4FA83
:10112000FFF728FF00E000BF0837BD4680BD00BFC5
:10113000D8060020E4060020D7060020D2060020B2
:10114000782D002080B584B000AF78607B681B6884
:101150002A4A93424FD101224FF40051284806F009
:101160009DFD284B1A88284B1A80284B1A78284B4B
:101170001A70284B1B78DBB2002B3BD0264BD3F8E0
:101180009430254A43F02003C2F89430224BD3F820
:10119000943003F02003BB60BB68204B1B689B6846
:1011A00003F08053002B19D11C4B1B689A681B4B12
:1011B0001B6842F080529A60194B1B68194AA2FBC7
:1011C00003239A0C13469B0013449B00FB6000E032
:1011D00000BFFB685A1EFA60002BF9D102221249A7
:1011E0000E4803F0B9FD0346002B04D0094B002242
:1011F0001A7000E000BF1037BD4680BD00200046D9
:1012000000040242D0060020DA060020702D0020E3
:10121000DC060020D8060020000C02460C3E002010
:101220009800002083DE1B43E006002080B582B0DA
:1012300000AF78607B681B68184A934229D1184B2D
:101240001B889AB2174B1B781846D1B2164A4FF436
:101250009A7300FB03F3134403F598730A461A705C
:101260000F4B5B889AB20F4B1B781846D1B20E4ACF
:101270004FF49A7300FB03F3134403F22F130A464F
:101280001A700A4803F05CFE00214FF480601BF0E6
:1012900003FE00BF0837BD4680BD00BF00100246F8
:1012A000E0060020702D0020F00600200C3E0020FB
:1012B00080B582B000AF78607B681B68084A9342B3
:1012C0000AD1084B1B680133064A1360064803F035
:1012D00037FE064B00221A7000BF0837BD4680BD9E
:1012E00000100246EC0600200C3E0020D80600202C
:1012F00080B582B000AF03F0B7F97860294B1B7856
:10130000DBB2294A128891B27A68184600F0C2F915
:10131000264B1B780133DAB2244B1A70234B1B780F
:101320001F2B38D9214B00221A70214B1B78013317
:10133000DAB21F4B1A701F4B1B78012B0DD1A42161
:101340001D4800F03BFC03467B807B88002B04D0CB
:101350007B881946184800F0FFFB154B1B78012BC2
:1013600019D9134B00221A70144BD3F88830202B54
:1013700007D1134B1B78DBB2012B02D100F0BCFB71
:1013800009E0104B1B78DBB2012B04D100214FF494
:1013900000701BF081FD0C4B00221A7000BF083753
:1013A000BD4680BDDC060020DA060020782D002036
:1013B000792D0020D60600207C2D00201042002030
:1013C000D4060020D3060020D806002080B582B0C5
:1013D00000AF78607B68C622002118463AF0F2FB25
:1013E0007B680022C3F8C8207B68002283F8CC20E9
:1013F0007B68002283F8CD207B680022A3F8CE20F2
:101400007B68002283F8D0207B68002283F8D120FB
:101410007B68002283F8D2207B68002283F8D320E7
:101420007B680022A3F8D4207B68002283F8E020A8
:101430007B680022C3F8E4207B68002283F8E82060
:101440007B680022A3F8EA207B68EC333C22002171
:1014500018463AF0B7FB7B68002283F828217B68A6
:101460000022A3F82A217B680022A3F82C217B68A4
:10147000002283F82E2100BF0837BD4680BD000042
:1014800080B485B000AF78600B467B807B6893F8B2
:10149000CC30FB737B6893F8CD307B73294B1B7882
:1014A000BB73BB7B002B01D10123BB73BB7B632BC5
:1014B00001D96323BB737A7BBB7B9A4205D27B7BCA
:1014C0000133DAB27B6883F8CD207B68D3F8C8306B
:1014D000F97B7A6832F811209A1A7B68C3F8C82021
:1014E0007B68D3F8C8207B881A447B68C3F8C8207F
:1014F000FA7B7B68798823F81210FB7B0133FB733E
:10150000FA7BBB7B9A4201D30023FB737B68FA7B97
:1015100083F8CC207B6893F8CD303B733B7B002B6A
:1015200001D17B8807E07B68D3F8C8203B7BB2FB06
:10153000F3F37B817B8918461437BD465DF8047B45
:10154000704700BF0000002080B485B000AF0346A4
:10155000FB800B46BB801346FB70BA88FB88D31A0E
:10156000FB60FB78FA6842FA03F39AB2FB881344F3
:10157000FB80FB8818461437BD465DF8047B704736
:1015800080B588B000AF03463960FB711A4B1B6809
:10159000002B2DD0FB793B723B68D3F8E430FB6025
:1015A0003B6893F8E030BB76BB7E052B01D9052361
:1015B000BB760023FB7710E0FB7FFA7F3968683346
:1015C0005B000B44D988131D5B0020333B440A4663
:1015D00023F8182CFB7F0133FB77BB7EFA7F9A42FE
:1015E000EAD3054B1B6807F108021046984700E054
:1015F00000BF2037BD4680BD742D002080B582B06D
:1016000000AF0023FB710CE0FB794FF49A7202FBF0
:1016100003F30A4A13441846FFF7D8FEFB79013357
:10162000FB71FB791F2BEFD9054B00221A70054B7C
:1016300000221A6000BF0837BD4680BDF0060020BA
:10164000702D0020742D002080B483B000AF78602E
:10165000044A7B68136000BF0C37BD465DF8047B0D
:10166000704700BF742D002080B483B000AF0346E4
:10167000FB71FB791F2B01D90023FB71044AFB7915
:10168000137000BF0C37BD465DF8047B704700BF88
:10169000702D002080B58CB000AF03463A60FB711E
:1016A0000B46BB80FB7987F82D3097F82D301F2B28
:1016B00000F2A18197F82D304FF49A7202FB03F3E8
:1016C0008B4A1344BB62BB881946B86AFFF7D8FE41
:1016D0000346FB84BB6ABA88A3F8D420BB6AB3F87C
:1016E000EA30952B2BD8BB6AB3F8EA3001339AB2B3
:1016F000BB6AA3F8EA20BB6AFA8CA3F8CE20BB6AC7
:1017000093F82831BA6A74335B001344FA8C9A80D8
:10171000BB6A93F8283101331946764BA3FB0123AA
:101720001A0913461B019B1A5B00CA1AD2B2BB6A84
:1017300083F82821BB6A002283F8D0205EE1BB6ACF
:1017400093F828216C4B1B789A4203D3BB6A002282
:1017500083F82821BB6A93F82831BA6A74335B0096
:1017600013449B88BB84BB6A93F82831BA6A7433EC
:101770005B001344FA8C9A80BB6A93F828310133DA
:101780005D4A127893FBF2F101FB02F29B1ADAB286
:10179000BB6A83F82821BB6A93F8D030022B62D051
:1017A000022B00F32381002B02D0012B56D01DE128
:1017B000FA8CBB8CD31AFB60FB68002BB8BF5B4272
:1017C000BB604E4B1B881A46BB68934238D9BB6A34
:1017D000022283F8D0204A4B1B88DAB2BB6A83F816
:1017E000D320BB6ABA8CA3F82A21FB68002B01DD49
:1017F000012201E04FF0FF32BB6A83F82E21BB6A61
:10180000FA8CA3F82C21BB6A002283F8E020BB6A83
:101810003A68C3F8E420BB6A93F8E030042B00F286
:10182000EC80BB6A93F8E0305A1CD1B2BA6A82F8F5
:10183000E010BA6A68335B001344FA8CDA80DCE0AB
:10184000BB6AB3F8CE30F98C08221846FFF77CFE4D
:1018500003461A46BB6AA3F8CE20CEE0BB6A00223C
:1018600083F8D020CAE0BB6AFA8CA3F8CE20BB6A0A
:1018700093F92E31012B09D1BB6AB3F82C31FA8CC4
:101880009A4203D9BB6AFA8CA3F82C21BB6A93F95C
:101890002E31B3F1FF3F09D1BB6AB3F82C31FA8C7A
:1018A0009A4203D2BB6AFA8CA3F82C21BB6A93F844
:1018B000E030042B0DD8BB6A93F8E0305A1CD1B24B
:1018C000BA6A82F8E010BA6A68335B001344FA8C93
:1018D000DA80BB6A93F8D330002B13D0BB6A93F83D
:1018E000D330013BDAB2BB6A83F8D32086E000BF75
:1018F000F0060020898888882C000020280000201D
:101900002A000020FB8CBA6AB2F82A219B1A3B629B
:10191000BB6AB3F82C311A46BB6AB3F82A31D31A22
:10192000FB613B6A002BB8BF5B42BB61FB69002BCC
:10193000B8BF5B427B61002387F82F30BB6A93F905
:101940002E31012B02D13B6A002B08DBBB6A93F9D5
:101950002E31B3F1FF3F05D13B6A002B02DD01239D
:1019600087F82F30002387F82E307B69002B19D0A1
:10197000BB6AB3F82C311A46FB8CD31A002BB8BFC4
:101980005B423B613B69642203FB02F21D4B1B7807
:1019900019467B6901FB03F39A4206D9012387F8B4
:1019A0002E3002E0012387F82E3097F82F30002BDD
:1019B00011D197F82E30002B0DD1134B1B881A46EE
:1019C000BB69934207D9BB6A93F8E8300133DAB2B6
:1019D000BB6A83F8E820BB6A002283F8D02097F81E
:1019E0002D30B96A1846FFF7CBFD07E0BB6A00222D
:1019F00083F8D02002E000BF00E000BF3037BD46D2
:101A000080BD00BF2D0000202800002080B487B0DA
:101A100000AF78600B467B807B687B617B695A1CDA
:101A20007A61AA221A707B695A1C7A6155221A704F
:101A30000023FB7447E0FB7C2E4A4FF49A7101FBB4
:101A400003F31344D4331B883B82FB7C294A4FF4B5
:101A50009A7101FB03F3134403F22F131B78FB73FA
:101A6000FB7C244A4FF49A7101FB03F3134403F502
:101A700098731B78BB73FA7C7B69591C79611D498B
:101A80004FF49A7000FB02F20A44E83212781A709E
:101A90003B8A1B0A99B27B695A1C7A61CAB21A70D6
:101AA0007B695A1C7A613A8AD2B21A707B695A1CD5
:101AB0007A61FA7B1A707B695A1C7A61BA7B1A7058
:101AC000FB7C0133FB74FB7C1F2BB4D97B695A1C54
:101AD0007A610D221A707B695A1C7A610A221A7087
:101AE0007A697B68D31A9BB218461C37BD465DF8ED
:101AF000047B7047F006002080B582B000AFA421BF
:101B00000948FFF783FF0346FB80FB88002B06D0C4
:101B1000FB881A46044905480BF0FEF900E000BFB7
:101B20000837BD4680BD00BF7C2D0020104200203C
:101B300080B584B000AF78607B681B68054A93422B
:101B400003D1786804F00AFAF86000BF1037BD4688
:101B500080BD00BF0054004680B582B000AF786001
:101B60000B467B807A88124B1B681344B3F5004FF9
:101B700002D30F4B00221A600D4B1B680D4A134411
:101B80007A88796818463AF062F87A88084B1B68B8
:101B90001344074A1360064B1B68B3F5804F02D30A
:101BA000054B01221A7000BF0837BD4680BD00BF3B
:101BB00048E4002048640020D506002080B485B0A9
:101BC00000AF78600B467B807B68FB60FB685A1C2B
:101BD000FA60AA221A70FB685A1CFA6055221A7021
:101BE0000023FB721AE0FB7A184A4FF49A7101FB4A
:101BF00003F31344D4331B883B813B891B0A99B2FE
:101C0000FB685A1CFA60CAB21A70FB685A1CFA6068
:101C10003A89D2B21A70FB7A0133FB72FB7A1F2B1E
:101C2000E1D9FB685A1CFA600D221A70FB685A1C35
:101C3000FA600A221A70FA687B68D31A9BB21846B7
:101C40001437BD465DF8047B704700BFF0060020E6
:101C500080B586B000AF08210F4809F06FFF3B1D2B
:101C600000221A605A609A60DA601A6180237B60F1
:101C70000123BB600023FB6000233B613B1D194631
:101C8000064805F0F9FD00228021044806F006F818
:101C900000BF1837BD4680BD7841002000000242D9
:101CA00080B58EB000AF364BD3F89C30344A43F049
:101CB0000103C2F89C30324BD3F89C3003F001038F
:101CC0007B607B682E4BD3F88C302D4A43F00103A8
:101CD000C2F88C302A4BD3F88C3003F001033B6000
:101CE0003B6807F1240300221A605A609A60DA60A8
:101CF0001A6180237B620223BB620023FB62002304
:101D00003B6301237B6307F1240319461D4805F05B
:101D1000B3FD1D4B1B685F229A621B4B1B681B4A5D
:101D20001268DA62194B1B68174AD36007F108037F
:101D300000221A605A609A60DA601A615A619A61E8
:101D40006023BB60124B1B68FB6000233B610023D8
:101D5000BB6107F10803082219460B480AF002FA92
:101D6000094B1B6800225A62012107480AF00EFB4A
:101D70000821054809F002FE00BF3837BD4680BD86
:101D8000000C0246000002427841002020000020A2
:101D90002400002080B400AF064BD3F8F430054A8D
:101DA00043F40003C2F8F43000BFBD465DF8047B85
:101DB000704700BF000C024680B500AF00F050F83D
:101DC00000BF80BD80B582B000AF786000201AF0FF
:101DD00062FD00F05FF800F075F800F0AFF800F079
:101DE00077F800F087F800F09DF8174B1B884FF646
:101DF000FF72934211D0144B1B88002B0BD0124B57
:101E00001B889B0223F4FF5323F01F0303F1FF639E
:101E100003F5F82302E00D4B00E00C4B184613F0DD
:101E20009DFA0346002B01D001F086FB17F038FD28
:101E30000121022012F0AEFD00201AF037FD002330
:101E400018460837BD4680BDA007F90B00C00F0833
:101E500080B500AF4FF0FF301AF07AFE00BF80BDB2
:101E600080B582B000AF00237B603B1D1946002087
:101E700016F066FC0346002B03D00C2007F05EFC36
:101E800004E07B689B7B184607F058FC00BF0837CE
:101E9000BD4680BD80B500AFFFF77CFF1BF080F82A
:101EA000064806F0BBFA01F025FA054B93E803005B
:101EB00015F094FC16F096FA00BF80BD400000308B
:101EC0003000002080B500AF17F074F800BF80BD6F
:101ED00080B500AF102012F021FA12F0D5F912F0FF
:101EE00017F9034A002101201AF0B4FF00BF80BD9A
:101EF0000142010880B500AF094A00214FF480700B
:101F00001AF0A8FF0121012012F044FD0021022057
:101F100012F040FD0021002012F03CFD00BF80BD0A
:101F2000114D010880B500AF034A002140201AF08E
:101F300091FF00BF80BD00BFB5C0010880B500AFF4
:101F4000074815F0A5FC0346002B01D001F0F4FA78
:101F5000044A002120201AF07DFF00BF80BD00BF91
:101F600048000020A57F010880B400AF00BFBD4637
:101F70005DF8047B704780B400AF00BFBD465DF8DC
:101F8000047B704780B400AF00BFBD465DF8047BA2
:101F9000704780B500AF002140201AF07DFF00BFE0
:101FA00080BD80B500AF002101201AF075FF00BF91
:101FB00080BD000080B483B000AF78607B68074AC2
:101FC0001A607B68064A5A607B68064A9A6000BFBE
:101FD0000C37BD465DF8047B704700BFF91F000851
:101FE000172000083320000880B500AF0021202012
:101FF0001AF052FF00BF80BD80B582B000AF78609C
:1020000039603B689B001946786816F0F7F800BF06
:102010000837BD4680BD80B582B000AF78607B6870
:102020009B00184616F01EF8034618460837BD46B2
:1020300080BD80B582B000AF7860786816F0A2F8F5
:1020400000BF0837BD4680BD80B500AF00214FF40A
:1020500080701AF021FF00BF80BD80B400AF00BFC8
:10206000BD465DF8047B704780B400AF00BFBD463D
:102070005DF8047B704780B483B000AF78600B4696
:102080007B8000BF0C37BD465DF8047B70470000C5
:1020900080B487B000AF786039607B687B614FF0B7
:1020A000FF333B611AE07B695A1C7A611B781A4640
:1020B0003B6953403B610023FB730CE03B695A08CA
:1020C0003B6903F0010359420B4B0B4053403B610A
:1020D000FB7B0133FB73FB7B072BEFD93B685A1E5D
:1020E0003A60002BDFD13B69DB4318461C37BD4605
:1020F0005DF8047B704700BF2083B8ED80B485B0E5
:1021000000AF78600B467B807B88002B02D07B88F9
:102110000A2B01D9002329E00023FB8121E0FB8960
:102120007A6813441B787B737B7B402B02D97B7BC3
:102130005A2B13D97B7B602B02D97B7B7A2B0DD951
:102140007B7B2F2B02D97B7B392B07D97B7B5F2BAA
:1021500004D07B7B2D2B01D0002307E0FB890133CA
:10216000FB81FA897B889A42D9D301231846143718
:10217000BD465DF8047B704780B483B000AF154A5C
:10218000154B1344154A9B1A7B60154B1B884FF661
:10219000FF72934211D0124B1B88002B0BD0104BB7
:1021A0001B889B0223F4FF5323F01F0303F1FF63FB
:1021B00003F5F42302E00B4B00E00A4B7A689342EC
:1021C00001D3012300E0002318460C37BD465DF81B
:1021D000047B7047E8D90408700600200000002046
:1021E000A007F90B00A00F0880B582B000AF78609F
:1021F0007B681B68114A93421AD17B689B88012B2C
:1022000016D17B6803F108027B68DB88194610460B
:10221000FFF774FF0346002B0AD02C217868FFF7E4
:1022200037FF02467B68DB6A9A4201D1012300E056
:10223000002318460837BD4680BD00BF44434647CB
:1022400080B582B000AF7860044B00221A707868C5
:1022500019F072FA00BF0837BD4680BDD83D002096
:1022600080B582B000AF174B1B884FF6FF729342C8
:102270000BD0144B1B88002B05D0124B1B889B02E4
:102280005B0B033B02E07D2300E07D230E4A01212E
:10229000184612F0CDFC0346FB71FB79002B03D1ED
:1022A0000A4B02221A7009E0FB79012B03D1074B7C
:1022B00001221A7002E00648FFF7C2FF00BF08378C
:1022C000BD4680BDA007F90B64000020D83D00206A
:1022D0002CC5030880B582B000AF1B4B1B884FF69E
:1022E000FF72934212D0184B1B88002B0CD0164B58
:1022F0001B889B0223F4FF5323F01F0303F1FF63AA
:1023000003F5F423194602E0104900E00F49104B91
:102310000C22104812F004FC0346FB71FB79002BE1
:1023200003D10D4B04221A7009E0FB79012B03D174
:10233000094B03221A7002E00848FFF781FF00BF33
:102340000837BD4680BD00BFA007F90B00A00F08ED
:1023500064000020DC3D0020D83D00202CC503088F
:1023600080B584B000AF254B1B884FF6FF729342B7
:1023700011D0224B1B88002B0BD0204B1B889B02BB
:1023800023F4FF5323F01F0303F1FF6303F5F4234A
:1023900002E01B4B00E01A4B30221A49184639F074
:1023A00001FC0346002B03D01748FFF749FF22E04A
:1023B000144BDB881A461549154839F048FC114B77
:1023C000DB881A46124B002199540E4BDB88DAB297
:1023D000104B1A704C233B702B237B700D4B1B78DA
:1023E0005A1C3B4602330A49184639F030FC3B463A
:1023F0001846FFF725FF1037BD4680BDA007F90B33
:1024000000A00F08DC3D002034C50308E43D002097
:10241000580000206300002080B582B000AF034662
:10242000FB711B4B1B78013B032B23D801A252F8F5
:1024300023F000BF45240008512400085D24000853
:1024400069240008FB79012B16D1FFF709FF13E07F
:10245000FB79002B12D1FFF73DFF0FE0FB79012B39
:102460000ED1FFF737FF0BE0FB79002B0AD1FFF706
:1024700077FF07E000BF06E000BF04E000BF02E016
:1024800000BF00E000BF00BF0837BD4680BD00BFF1
:10249000D83D002080B582B000AF1E4B1B884FF6A0
:1024A000FF72934211D01B4B1B88002B0BD0194B92
:1024B0001B889B0223F4FF5323F01F0303F1FF63E8
:1024C00003F5F42302E0144B00E0134B7B60FFF7AD
:1024D00053FE0346002B19D07868FFF785FE0346AC
:1024E000002B13D07B6803F108017B68DB881A4658
:1024F0000A4839F0ACFB7B68DB881A46074B0021A1
:1025000099547B68DB88DAB2054B1A7000BF083734
:10251000BD4680BDA007F90B00A00F0858000020A1
:102520006300002080B483B000AF78607B68002B2C
:1025300003D0054B1A787B681A70044B18460C3789
:10254000BD465DF8047B7047630000205800002002
:1025500080B584B000AF78600B467B800023FB81A0
:1025600002E0FB890133FB81FA897B889A4205D21C
:10257000FB897A6813441B78002BF2D1FB897B809E
:10258000324B1B78002B03D0314819F0D5F859E0B5
:102590007B8819467868FFF7B1FD0346002B03D10D
:1025A0002C4819F0C9F84DE0FFF7E6FD0346002B73
:1025B00003D1294819F0C0F844E03022002127480F
:1025C00039F000FB254B264A1A60244B01229A80E1
:1025D000224A7B88D3807B881A467968214839F063
:1025E00036FB1E4B4FF0FF329A622C211B48FFF73F
:1025F0004FFD0346194AD3621B4B1B884FF6FF72EF
:10260000934211D0184B1B88002B0BD0164B1B8804
:102610009B0223F4FF5323F01F0303F1FF6303F531
:10262000F42302E0114B00E0104B30220B49184616
:1026300039F0B8FA0346002B02D1FFF791FE01E012
:10264000FFF70EFE1037BD4680BD00BFD83D00200D
:1026500040C5030848C5030850C50308DC3D0020F9
:1026600044434647E43D0020A007F90B00A00F08B3
:1026700080B483B000AF7860084B5B6823F480724D
:102680007B68DB4303F48073044913434B6000BF52
:102690000C37BD465DF8047B704700BF000802465A
:1026A00080B400AF054B1B68044A43F0010313607C
:1026B00000BFBD465DF8047B704700BF00040340C7
:1026C00080B483B000AF7860064B1B6823F004022F
:1026D00004497B6813430B6000BF0C37BD465DF8AF
:1026E000047B704700040340B0B483B000AF78604F
:1026F000074A7B6814461D460FCD0FC42B68236024
:10270000044B01221A7000BF0C37BD46B0BC7047A5
:10271000CC430020C843002080B500AF394B1B7864
:10272000002B6CD1384805F012FC384808F04CFBFF
:1027300001224FF40051364805F0B0FA334B1B68C4
:102740001A68324B1B6822F001021A602F4B0722D5
:10275000DA602E4B4FF0E042DA612C4B00225A63D4
:102760002A4B0022DA63294807F0B0FB274B1B688D
:102770001A68264B1B6842F001021A6001222549A3
:1027800025480FF07FF80346002B0ED13222234953
:1027900023480FF0C1F80346002B0AD1194B012240
:1027A0001A70204B00221A6003E01F490420FEF734
:1027B0007FFB164B1B681A68144B1B6822F0010242
:1027C0001A6000F023FC114B1B689A690F4B1B68C1
:1027D00042F040029A6100224FF400510C4805F08B
:1027E0005DFA124B1B78DBB2002B04D1104B1B7827
:1027F000DBB2002B04D0044805F060FB00E000BF12
:1028000080BD00BF40640020203F0020AC3F00207E
:102810000004024258C50308E04300205CC50308D9
:10282000185400204464002070000020D4060020CA
:10283000D306002080B586B000AF78603960474B82
:102840001B78002B00F08580454805F080FB45484B
:1028500008F0BAFA01224FF40051434805F01EFA7D
:10286000404B1B681A683F4B1B6822F001021A603C
:102870003C4B0722DA603B4B4FF04052DA61394B58
:1028800000225A63374B0022DA63364807F01EFBFA
:1028900006E0344B1B6830331B78DBB2FB73FB7BE9
:1028A000304B1B685B6903F00103012BF1D02D4B0A
:1028B0001B681A682B4B1B6842F001021A6007F173
:1028C00010033A68796829480FF0BCF90346FB7594
:1028D000FB7D002B11D1264B1A683B691344244A17
:1028E0001360234B1B68B3F5803F0CD91F480FF0D2
:1028F00031FB1F4B00221A6005E01C480FF0A9FBBA
:10290000164B00221A70174B1B681A68154B1B6870
:1029100022F001021A6000F079FB124B1B689A69E1
:10292000104B1B6842F040029A6100224FF40051A4
:102930000D4805F0B3F90F4B1B78DBB2002B04D127
:102940000D4B1B78DBB2002B04D0054805F0B6FA1E
:1029500000E000BF1837BD4680BD00BF40640020C6
:10296000203F0020AC3F0020000402421854002009
:1029700044640020D4060020D306002080B500AFB8
:10298000314B1B78002B5CD0304805F0E0FA304822
:1029900008F01AFA01224FF400512E4805F07EF992
:1029A0002B4B1B681A682A4B1B6822F001021A6025
:1029B000274B0722DA60264B4FF04052DA61244B56
:1029C00000225A63224B0022DA63214807F07EFA84
:1029D0001F4B1B681A681E4B1B6842F001021A60ED
:1029E0001D480FF036FB00221C4900200EF04AFF64
:1029F000154B00221A70164B1B681A68144B1B6883
:102A000022F001021A6000F001FB114B1B689A6969
:102A10000F4B1B6842F040029A6100224FF40051B4
:102A20000C4805F03BF90E4B1B78DBB2002B04D1B0
:102A30000C4B1B78DBB2002B04D0044805F03EFAA7
:102A400000E000BF80BD00BF40640020203F0020A8
:102A5000AC3F0020000402421854002058C503086F
:102A6000D4060020D306002080B500AF01F04AFD57
:102A7000FFF7A2F900F090F800F0FCF800F088FCF5
:102A800000F0C0F900F03EFA00F050FA00F0FAF958
:102A900000F0BCFB00F0BAFA00F086F900F000FA92
:102AA00000F01EFB00F05AFB00F000F92F4802F086
:102AB000D8FE012201212E4805F0F0F8FEF79EFD18
:102AC0002C48FEF7C1FD2C490020FEF7F1F9352016
:102AD00003F097FB294803F0ADF9322001F0D0FD57
:102AE000274B4FF40032DA60254B4FF400321A6165
:102AF000352003F0C5FB352003F075FB01224FF4B0
:102B000000511B4805F0CAF8FFF7A2F80020FFF7B4
:102B100059F9FFF79DF91B4B1B78012B06D11A4B76
:102B20001B78002B02D1FFF7F7FD09E0154B1B784E
:102B3000002B05D1144B1B78012B01D1FFF71EFF91
:102B4000124B1B78DBB2002BE3D0104B00221A7023
:102B50000D4B1B78002B05D00D4B1B6819460D48FB
:102B6000FFF768FE0A4B00221A60D2E70C3E0020F5
:102B700000040242E926000870000020F03E002018
:102B800000200246D606002040640020D506002022
:102B900048E400204864002080B598B000AF07F1F9
:102BA000200340220021184639F00CF83B46202231
:102BB0000021184639F006F8022005F0CBFC4FF44E
:102BC000803005F069FC0346002B01D000F0B4FC16
:102BD00005F014FC264BD3F8F03023F01803244AF8
:102BE00043F00803C2F8F03007233B624FF4803310
:102BF0007B620023BB628123FB624FF480733B63E3
:102C000010237B6300233B6407F12003184605F083
:102C100037FD0346002B01D000F08EFC3F233B60C4
:102C200002237B600023BB600023FB6040233B61E9
:102C300000237B610023BB610023FB613B46002135
:102C4000184606F02DF90346002B01D000F074FC65
:102C5000022003F023FB0E2001F074FC0346002B3E
:102C600001D000F069FC00BF6037BD4680BD00BFE9
:102C7000000C024680B592B000AF3B4648220021CE
:102C8000184638F09FFF4FF400433B604FF4802319
:102C90007B643B46184606F045FB0346002B01D0FB
:102CA00000F04AFC00BF4837BD4680BD80B584B007
:102CB00000AF3B1D00221A605A609A60364B374ABB
:102CC0001A60354B4FF4E0125A60334B08229A6079
:102CD000314B0022DA60304B4FF400121A612E4B58
:102CE00004225A612C4B00225A762B4B0022DA61C7
:102CF000294B00221A76284B002283F82020264BED
:102D000002225A62244B002283F82820224B002200
:102D1000DA62214B00221A631F4B002283F8342011
:102D20001D4B4FF000525A651B4B4FF480529A6373
:102D3000194B0622DA63184B00221A64164B002244
:102D400083F84420144801F059FE0346002B01D0BB
:102D500000F0F2FB124B7B600023BB600023FB60A2
:102D60003B1D19460C4802F07BFA0346002B01D0AC
:102D700000F0E2FB0B4B7B600423BB603B1D19465C
:102D8000054802F06DFA0346002B01D000F0D4FB99
:102D900000BF1037BD4680BD0C3E0020001002462B
:102DA000000100201000001080B500AF134B144A42
:102DB0001A60124B00221A61104B30225A610F4BDD
:102DC0000022DA610D4B00229A600C4B00229A61BE
:102DD0000A4B00221A62094B0022DA60074B0022DC
:102DE0005A60064B31225A62044802F0DFFE034665
:102DF000002B01D000F0A0FB00BF80BDF03E002002
:102E00000054004680B582B000AF1D4BD3F8883027
:102E10001B4A43F00103C2F88830194BD3F88830BD
:102E200003F001037B607B68002206211D2003F074
:102E3000BDF91D2003F0D7F9002205211E2003F063
:102E4000B5F91E2003F0CFF900220521202003F060
:102E5000ADF9202003F0C7F900220521212003F05D
:102E6000A5F9212003F0BFF900220521222003F05B
:102E70009DF9222003F0B7F900BF0837BD4680BD99
:102E8000000C024680B500AF4FF48070FFF7F0FBF6
:102E90000020FFF715FCFFF703FC00BF80BD00001A
:102EA00080B500AF154B164A1A60144B00225A60C9
:102EB000124B4FF400729A60104B4FF6FF725A613A
:102EC0000E4B42F6DF621A620C4B00225A620B4B29
:102ED00000229A62094B0022DA62084B00221A6330
:102EE000064B00225A63054804F00AFF0346002BF4
:102EF00001D000F021FB00BF80BD00BF203F0020BB
:102F00000044004680B500AF064B074A1A600548EA
:102F100005F06CFB0346002B01D000F00DFB00BF59
:102F200080BD00BF703F00200060024080B594B0BB
:102F300000AF07F1340300221A605A609A60DA6029
:102F40001A615A619A613B1D30220021184638F0FF
:102F500039FE2C4B2C4A1A602A4B1F229A60294BAF
:102F600000221A61274B00225A61264B00229A61E7
:102F7000244B4FF08042DA61224B00221A62214B2F
:102F80004FF480725A621F4806F014FC0346002B6F
:102F900001D000F0D1FA00237B6300233B640023BF
:102FA0007B640023BB6407F134031946154806F01F
:102FB0005FFF0346002B01D000F0BEFA114806F077
:102FC000DBFE0346002B01D000F0B6FA00233B6283
:102FD0000023BB600023BB614FF07C53FB614FF4C7
:102FE00080733B633B1D01221946064806F064FCD2
:102FF0000346002B01D000F09FFA00BF5037BD46BA
:1030000080BD00BF7C3F00200078004680B584B0C2
:1030100000AF3B1D00221A605A609A602E4B2F4A67
:103020001A602D4B4FF480025A602B4B00229A609D
:10303000294B0F22DA60284B00221A61264B00220E
:103040005A61254B4FF080629A61234B4FF000523A
:10305000DA61214B00221A621F4B00225A621E4B7A
:1030600000229A621C4B0722DA621B4B00225A6331
:10307000194B00229A63184B0022DA63164B002288
:103080009A64154B0022DA64134B00221A65124B26
:1030900000225A65104B00229A650F4B0022DA6518
:1030A0000D4B00221A660C4806F010FF0346002B59
:1030B00001D000F041FA00237B603B1D1946064811
:1030C00008F03FFB0346002B01D000F035FA00BFAB
:1030D0001037BD4680BD00BFAC3F00200020004639
:1030E00080B584B000AF3B1D00221A605A609A6020
:1030F000184B194A1A60174B20225A60154B0022B0
:103100009A60144B2322DA60124B00221A61114B91
:1031100000225A610F4B00229A6108210D4808F0E5
:1031200081FE0346002B01D000F006FA00237B60ED
:103130000023BB600023FB603B1D1946054809F0D6
:10314000B1FC0346002B01D000F0F6F900BF1037A8
:10315000BD4680BD2C410020002C014080B58AB0C6
:1031600000AF07F11C0300221A605A609A603B46C8
:1031700000221A605A609A60DA601A615A619A6194
:10318000214B4FF080421A601F4B5F225A601E4B4A
:1031900000229A601C4BF922DA601B4B00221A6154
:1031A000194B00229A61184808F090FB0346002B47
:1031B00001D000F0C1F90023FB6100237B6207F11D
:1031C0001C031946104809F06DFC0346002B01D082
:1031D00000F0B2F960233B607D237B600023BB607D
:1031E00000233B613B4608221946074808F0BAFF16
:1031F0000346002B01D000F09FF9034800F01EFDAC
:1032000000BF2837BD4680BD7841002080B58AB018
:1032100000AF07F11C0300221A605A609A603B4617
:1032200000221A605A609A60DA601A615A619A61E3
:103230002E4B2F4A1A602D4B00225A602B4B002236
:103240009A602A4B4FF6FF72DA60284B00221A610F
:10325000264B00229A61254808F038FB0346002BD4
:1032600001D000F069F90023FB6100237B6207F1C4
:103270001C0319461D4809F015FC0346002B01D01C
:1032800000F05AF960233B6043F2C8237B600023BF
:10329000BB6000233B613B4600221946134808F0FF
:1032A00061FF0346002B01D000F046F900237B604C
:1032B0003B46042219460D4808F054FF0346002BF4
:1032C00001D000F039F93B4608221946074808F0BA
:1032D00049FF0346002B01D000F02EF9034800F00F
:1032E000ADFC00BF2837BD4680BD00BFC4410020F3
:1032F0000004004080B500AF234B244A1A60224BE3
:103300004FF4E1325A60204B00229A601E4B00229B
:10331000DA601D4B00221A611B4B0C225A611A4BBA
:1033200000229A61184B4FF40042DA61164B0022DA
:103330001A62154B00225A62134B00229A621248FD
:1033400009F05EFC0346002B01D000F0F5F80021E7
:103350000D480CF0ACF80346002B01D000F0ECF85F
:10336000002109480CF0E1F80346002B01D000F0E1
:10337000E3F805480CF060F80346002B01D000F09C
:10338000DBF800BF80BD00BF1042002000380140C4
:1033900080B588B000AF07F10C0300221A605A60B4
:1033A0009A60DA601A61604BD3F88C305E4A43F061
:1033B0000103C2F88C305C4BD3F88C3003F001036E
:1033C000BB60BB68584BD3F88C30574A43F00203BC
:1033D000C2F88C30544BD3F88C3003F002037B607E
:1033E0007B68514BD3F88C304F4A43F00403C2F84A
:1033F0008C304D4BD3F88C3003F004033B603B68BA
:10340000002242F2B501494804F048FC01224FF481
:103410000061464804F042FC002241F6580144484D
:1034200004F03CFC42F21103FB6001233B610023EA
:103430007B610023BB6107F10C0319463B4804F094
:103440001BFA40F60403FB6001233B6101237B610F
:103450000023BB6107F10C031946344804F00CFA51
:1034600041F25803FB6001233B6100237B61002391
:10347000BB6107F10C0319462D4804F0FDF94FF428
:103480000053FB6000233B6100237B6107F10C03C9
:103490001946284804F0F0F94023FB6003233B6100
:1034A00002237B6107F10C031946204804F0E4F97C
:1034B000A023FB6001233B6102237B610023BB61EE
:1034C00007F10C031946194804F0D6F94FF40043EC
:1034D000FB6000233B6102237B6107F10C0319466B
:1034E000134804F0C9F94FF40063FB6001233B610A
:1034F00002237B610023BB6107F10C0319460C48D2
:1035000004F0BAF948F20203FB6000233B61002398
:103510007B6107F10C031946044804F0ADF900BFC4
:103520002037BD4680BD00BF000C024600040242A9
:10353000000002420008024280B400AF72B600BF31
:1035400000BFFDE780B582B000AF114BD3F89430D7
:103550000F4A43F00403C2F894300D4BD3F8943073
:1035600003F004037B607B6800220121092002F044
:103570001DFE092002F037FE00220521422002F044
:1035800015FE422002F02FFE00BF0837BD4680BD69
:10359000000C024680B59CB000AF786007F15C0378
:1035A00000221A605A609A60DA601A6107F1140307
:1035B00048220021184638F005FB7B681B68464A04
:1035C000934240F084804FF400537B6100233B65BD
:1035D00007F11403184605F0A5FE0346002B01D0A1
:1035E000FFF7AAFF3D4BD3F894303C4A43F0200349
:1035F000C2F89430394BD3F8943003F020033B6188
:103600003B69364BD3F88C30344A43F00103C2F89F
:103610008C30324BD3F88C3003F00103FB60FB6835
:103620002223FB6503233B6600237B6607F15C03D3
:1036300019462B4804F020F92A4B2B4A1A60294BD3
:1036400000225A60274B00229A60264B0022DA6043
:10365000244B00221A61234B4FF400225A61214B64
:1036600001229A611F4B4FF48032DA611D4B002218
:103670001A621C4B01225A621A4B01229A62194BA0
:103680000022DA62174B00221A63164B00225A639B
:10369000144803F0D5F80346002B01D0FFF74CFF88
:1036A0007B68104A9A650F4A7B68D36510210D48E4
:1036B00003F061FC0346002B01D0FFF73DFF002221
:1036C0000521412002F072FD412002F08CFD00BF77
:1036D0007037BD4680BD00BF00100246000C024698
:1036E00000000242783E0020D002024080B58AB03D
:1036F00000AF786007F1140300221A605A609A60E4
:10370000DA601A617B681B681C4A934231D11C4BFA
:10371000D3F8A8301A4A43F40043C2F8A830184B33
:10372000D3F8A83003F400433B613B69144BD3F852
:103730008C30134A43F00103C2F88C30104BD3F89D
:103740008C3003F00103FB60FB6804237B610323DF
:10375000BB610023FB6107F114031946094804F01B
:103760008BF800220021352002F020FD352002F0E8
:103770003AFD00BF2837BD4680BD00BF005400465B
:10378000000C02460000024280B485B000AF7860B1
:103790007B681B680B4A93420ED10B4BD3F88830E1
:1037A000094A43F48053C2F88830074BD3F8883075
:1037B00003F48053FB60FB6800BF1437BD465DF81F
:1037C000047B704700300240000C024680B483B096
:1037D00000AF78607B681B68084A934207D1084BAA
:1037E000D3F88830064A23F48053C2F8883000BFEB
:1037F0000C37BD465DF8047B704700BF00300240C7
:10380000000C024680B596B000AF786007F1100357
:1038100048220021184638F0D5F97B681B68164A03
:10382000934225D14FF480533B610023BB6407F1E1
:103830001003184605F076FD0346002B01D0FFF774
:103840007BFE0E4BD3F8A8300C4A43F40063C2F859
:10385000A8300A4BD3F8A83003F40063FB60FB6880
:1038600000220421312002F0A1FC312002F0BBFC37
:1038700000BF5837BD4680BD00440046000C0246DC
:1038800080B485B000AF78600A4BD3F88830094A1D
:1038900043F40033C2F88830064BD3F8883003F481
:1038A0000033FB60FB6800BF1437BD465DF8047B46
:1038B000704700BF000C024680B596B000AF78603C
:1038C00007F1100348220021184638F07BF97B6885
:1038D0001B68174A934226D14FF480433B614FF453
:1038E00080733B6507F11003184605F01BFD034686
:1038F000002B01D0FFF720FE0E4BD3F8A8300D4A65
:1039000043F40013C2F8A8300A4BD3F8A83003F4EC
:103910000013FB60FB6800220421022002F046FC39
:10392000022002F060FC00BF5837BD4680BD00BFDA
:1039300000780046000C024680B59CB000AF78606D
:1039400007F15C0300221A605A609A60DA601A611B
:1039500007F1140348220021184638F033F97B6838
:103960001B687A4A934240F0ED804FF480637B619C
:1039700008237B6407F11403184605F0D3FC0346C3
:10398000002B01D0FFF7D8FD714BD3F8A830704A57
:1039900043F02003C2F8A8306D4BD3F8A83003F0F1
:1039A00020033B613B696A4BD3F88C30684A43F093
:1039B0000103C2F88C30664BD3F88C3003F001035E
:1039C000FB60FB68624BD3F88C30614A43F0020322
:1039D000C2F88C305E4BD3F88C3003F00203BB602E
:1039E000BB680123FB6502233B6600237B66002343
:1039F000BB660623FB6607F15C031946554803F0D6
:103A00003BFF4FF44073FB6502233B6600237B665C
:103A10000023BB660623FB6607F15C0319464E488C
:103A200003F02AFF4D4B4E4A1A604C4B04225A6059
:103A30004A4B00229A60494B4FF48062DA60474B50
:103A400008221A61454B00225A61444B01229A61B7
:103A5000424B4FF48032DA61404B00221A623F4BF6
:103A600001225A623D4B01229A623C4B0022DA62EB
:103A70003A4B00221A63394B00225A63374802F04E
:103A8000DFFE0346002B01D0FFF756FD7B68334A6B
:103A9000C3F88020314A7B68D36510212F4803F09A
:103AA0006AFA0346002B01D0FFF746FD2D4B2E4A44
:103AB0001A602C4B03225A602A4B00229A60294B31
:103AC0000022DA60274B00221A61264B4FF40022B5
:103AD0005A61244B01229A61224B4FF48032DA6101
:103AE000204B00221A621F4B01225A621D4B0122F9
:103AF0009A621C4B0022DA621A4B00221A63194B9D
:103B000000225A63174802F09BFE0346002B01D0A7
:103B1000FFF712FD7B68134AC3F88420114A7B68C3
:103B2000D36510210F4803F026FA0346002B01D07D
:103B3000FFF702FD002205213F2002F037FB3F2066
:103B400002F051FB00BF7037BD4680BD002000462B
:103B5000000C024600000242000402423C400020E9
:103B600050020240B4400020D001024080B584B031
:103B700000AF78607B681B68124A93421ED1124BDB
:103B8000D3F8A430104A43F40063C2F8A4300E4BBB
:103B9000D3F8A43003F40063FB60FB68002200212B
:103BA000252002F003FB252002F01DFB002200214E
:103BB000262002F0FBFA262002F015FB00BF10378A
:103BC000BD4680BD002C0140000C024680B485B08B
:103BD00000AF78607B681B68B3F1804F0FD1154B45
:103BE000D3F89C30134A43F00103C2F89C30114BC8
:103BF000D3F89C3003F00103FB60FB6813E07B68A3
:103C00001B680D4A93420ED10A4BD3F89C30094AE7
:103C100043F00203C2F89C30064BD3F89C3003F00B
:103C20000203BB60BB6800BF1437BD465DF8047B70
:103C3000704700BF000C02460004004080B58AB007
:103C400000AF786007F1140300221A605A609A608E
:103C5000DA601A617B681B68B3F1804F1FD1344B67
:103C6000D3F88C30324A43F00103C2F88C30304B29
:103C7000D3F88C3003F001033B613B6980237B6107
:103C80000223BB610023FB6100233B6201237B62B3
:103C900007F114031946274803F0EEFD44E07B6862
:103CA0001B68254A93423FD1214BD3F88C30204AE0
:103CB00043F00103C2F88C301D4BD3F88C3003F075
:103CC0000103FB60FB681A4BD3F88C30184A43F0B1
:103CD0000203C2F88C30164BD3F88C3003F0020389
:103CE000BB60BB684FF4C0637B610223BB610023F0
:103CF000FB6100233B6202237B6207F11403194638
:103D00000C4803F0B9FD4FF480437B610223BB6193
:103D10000023FB6100233B6202237B6207F1140353
:103D20001946064803F0A8FD00BF2837BD4680BDF0
:103D3000000C02460000024200040040000402425F
:103D400080B59CB000AF786007F15C0300221A6078
:103D50005A609A60DA601A6107F114034822002160
:103D6000184637F02FFF7B681B68794A934240F072
:103D7000EA8001237B610223BB6107F1140318462B
:103D800005F0D0FA0346002B01D0FFF7D5FB714BAD
:103D9000D3F8A4306F4A43F48043C2F8A4306D4B8B
:103DA000D3F8A43003F480433B613B69694BD3F8FB
:103DB0008C30684A43F00203C2F88C30654BD3F86C
:103DC0008C3003F00203FB60FB68624BD3F88C304D
:103DD000604A43F00103C2F88C305E4BD3F88C305C
:103DE00003F00103BB60BB684FF48053FB65022303
:103DF0003B6600237B660023BB660723FB6607F157
:103E00005C031946544803F037FD4FF48073FB659B
:103E100002233B6600237B660023BB660723FB6609
:103E200007F15C0319464D4803F026FD4C4B4D4A03
:103E30001A604B4B0B225A60494B00229A60484B48
:103E40000022DA60464B00221A61454B4FF40022F3
:103E50005A61434B00229A61414B0022DA61404B88
:103E600000221A623E4B01225A623D4B01229A62A5
:103E70003B4B0022DA623A4B00221A63384B002295
:103E80005A63374802F0DCFC0346002B01D0FFF7F1
:103E900053FB7B68324AC3F88020314A7B68D36584
:103EA00010212F4803F067F80346002B01D0FFF7DD
:103EB00043FB2D4B2D4A1A602B4B0C225A602A4B88
:103EC00000229A60284B4FF48062DA60264B082269
:103ED0001A61254B00225A61234B00229A61224B22
:103EE0000022DA61204B00221A621F4B01225A6223
:103EF0001D4B01229A621C4B0022DA621A4B0022EF
:103F00001A63194B00225A63174802F099FC0346C2
:103F1000002B01D0FFF710FB7B68134ADA67124AC7
:103F20007B68D3651021104803F025F80346002B69
:103F300001D0FFF701FB002207212E2002F036F905
:103F40002E2002F050F900BF7037BD4680BD00BF83
:103F500000380140000C0246000402420000024208
:103F6000D8420020D00002405043002050000240C0
:103F700080B582B000AF78607B681B68134A9342BB
:103F80001FD1134BD3F8A430114A23F48043C2F855
:103F9000A4304FF480510F4803F0C4FD4FF48071FA
:103FA0000D4803F0BFFD7B68D3F88030184602F05F
:103FB000DBFC7B68DB6F184602F0D6FC2E2002F09B
:103FC00020F900BF0837BD4680BD00BF0038014062
:103FD000000C0246000402420000024280B483B09A
:103FE00000AF0346FB7197F90730002B0BDBFB7921
:103FF00003F01F02074997F907305B09012000FA17
:1040000002F241F8232000BF0C37BD465DF8047B67
:10401000704700BF00E100E080B483B000AF03460A
:10402000FB7197F90730002B12DBFB7903F01F02BD
:104030000A4997F907305B09012000FA02F22033A0
:1040400041F82320BFF34F8F00BFBFF36F8F00BF36
:1040500000BF0C37BD465DF8047B704700E100E00F
:1040600080B400AF064BD3F80832054A23F48033FE
:10407000C2F8083200BFBD465DF8047B704700BF40
:10408000000C024680B483B000AF78607B686FF0AC
:1040900001021A6100BF0C37BD465DF8047B704712
:1040A00080B483B000AF78607B681B6903F00103C4
:1040B000012B01D1012300E0002318460C37BD4637
:1040C0005DF8047B704780B400AF00BFFDE780B4AB
:1040D00000AF00BFFDE780B400AF00BFFDE780B4D4
:1040E00000AF00BFFDE780B400AF00BFFDE780B4C4
:1040F00000AF00BFBD465DF8047B704780B400AFE1
:1041000000BFBD465DF8047B704780B400AF00BFC0
:10411000BD465DF8047B704780B500AF00F090FAB3
:1041200000BF80BD80B500AF034805F007FD024821
:1041300005F04CFE00BF80BD7C3F002080B500AF85
:104140000C4B5B6D03F01003102B05D1094B1022B3
:104150009A6515F0BFF90AE0064B5B6D03F040036A
:10416000402B04D1034B40229A6515F02FF900BF74
:1041700080BD00BF000C024680B500AF024802F0CF
:104180008DFD00BF80BD00BF5043002080B500AF53
:10419000024802F083FD00BF80BD00BFD84200206E
:1041A00080B500AF024802F079FD00BF80BD00BFBE
:1041B000B440002080B500AF024802F06FFD00BFA0
:1041C00080BD00BF3C40002080B500AF024802F037
:1041D00065FD00BF80BD00BF783E002080B500AF08
:1041E000024807F06FFE00BF80BD00BF2C410020D9
:1041F00080B500AF024807F065FE00BF80BD00BF7C
:104200002C41002080B500AF024808F04DFF00BFF0
:1042100080BD00BF1042002080B500AF024803F00F
:10422000F2FE00BF80BD00BF203F002080B500AF80
:104230000648FFF735FF0346012B04D10348FFF77B
:1042400021FF15F075F900BF80BD00BF004401409B
:1042500080B500AF024801F037FE00BF80BD00BF4F
:10426000F03E002080B500AF024806F0A3FE00BF7C
:1042700080BD00BFAC3F002080B500AF06490020E4
:10428000FCF716FE054B1B680133044A1360044813
:1042900000F0B6FE00BF80BD840000204CE400208A
:1042A0000C3E002080B500AF064B1B68002B02D0EF
:1042B000044B1B689847FFF7D3FEBFF36F8F00BF17
:1042C00000BF80BD2429012080B500AF3D20FFF74D
:1042D000A3FE0C4B1B68002B02D00A4B1B689847AF
:1042E000094B1B78DBB2002B07D0002205213D20B3
:1042F00001F05CFF044B00221A703D20FFF76EFEB8
:1043000000BF80BD282901204429012080B586B046
:1043100000AF7860144A154BD31A7B617B693B610F
:10432000134B1B68002B02D1114B124A1A60104B21
:104330001A687B6813443A699A4207D237F058FCEE
:1043400003460C221A604FF0FF3309E0084B1B684C
:10435000FB60074B1A687B681344054A1360FB68CF
:1043600018461837BD4680BD00000220001000002E
:1043700050E40020D871012080B400AF074BD3F87F
:104380008830064A43F47003C2F88830034B044A6D
:104390009A6000BFBD465DF8047B704700ED00E009
:1043A0000000000880B489B000AF4F4BDB6903F018
:1043B0000C03082B02D00C2B0BD07DE04A4B1B6862
:1043C0001B0D03F00103494A22FA03F3484A136024
:1043D00076E0454B9B6AFB61434B5B6B7B61FB6902
:1043E0001B0A03F0070301333B617B69C3F3080336
:1043F0000133FB607B691B0E03F07F030133BB605D
:10440000FB6903F01003002B0BD0374B9B6BDB08D1
:10441000C3F30C0307EE903AF8EE677AC7ED067A1D
:1044200002E04FF00003BB61FB6903F003037B6014
:104430007B68022B03D07B68032B03D00CE02D4B51
:10444000FB610CE0284B1B681B0D03F00103274A9E
:1044500022FA03F3FB6102E00023FB6100BFFB696A
:1044600007EE903AF8EE676A3B6907EE903AF8EE8D
:10447000677A86EEA77AFB6807EE903AF8EE676AED
:1044800097ED066ADFED1C5AC6EE257A76EEA77A1E
:1044900067EE277AC7ED007ABB6807EE903AB8EE70
:1044A000677AD7ED006AC6EE877AFCEEE77A17EEF8
:1044B000902A0F4B1A6003E00D4B0E4A1A6000BFA2
:1044C000094B1B6A03F007030C4AD35CFB61084BE2
:1044D0001A68FB6922FA03F3054A136000BF243708
:1044E000BD465DF8047B7047000C02460048E801B9
:1044F000980000200024F40000000046F8E50308BE
:10450000FEE7000080B500AF0D4B1B680C4A43F47A
:1045100080731360032001F03EFEFFF743FF042089
:1045200001F0BCFE0E2000F00DF80346002B01D078
:10453000012302E0FFF706F80023184680BD00BF04
:104540000020024080B584B000AF78600023FB609B
:10455000364B1B78002B01D1012362E0344B1B68E2
:1045600003F00403042B0CD1324B1A682F4B1B7839
:1045700019464FF47A73B3FBF1F3B2FBF3F3FB602C
:104580003DE02D4BD3F8E03003F44003BB60BB6843
:10459000B3F5000F25D0BB68B3F5000F2ED8BB686C
:1045A000002B04D0BB68B3F5800F0DD026E0214B63
:1045B0001A681E4B1B7819464FF4FA53B3FBF1F3FC
:1045C000B2FBF3F3FB601AE0184B1B781A464FF46A
:1045D0007A73B3FBF2F34FF4FA42B2FBF3F3FB60EE
:1045E0000DE0124B1B781A464FF47A73B3FBF2F3CB
:1045F0004FF40042B2FBF3F3FB6000E000BFF86849
:1046000001F00EFE0346002B01D0012309E0002239
:1046100079684FF0FF3001F0C9FD084A7B681360EC
:10462000002318461037BD4680BD00BFA000002003
:1046300010E000E098000020000C02469C000020E2
:1046400080B400AF064B1B781A46064B1B68134418
:10465000044A136000BFBD465DF8047B704700BF8D
:10466000A000002054E4002080B400AF034B1B687E
:104670001846BD465DF8047B704700BF54E4002037
:1046800080B584B000AF7860FFF7EEFFB8607B685C
:10469000FB60FB68B3F1FF3F05D00A4B1B781A465D
:1046A000FB681344FB6000BFFFF7DEFF0246BB68F8
:1046B000D31AFA689A42F7D800BF00BF1037BD4638
:1046C00080BD00BFA000002080B483B000AF786040
:1046D00039607B681B6823F440023B681A437B689F
:1046E0001A6000BF0C37BD465DF8047B704780B48C
:1046F00083B000AF78607B681B6803F44003184602
:104700000C37BD465DF8047B704780B485B000AFC0
:10471000F860B9607A60FB685A69BB6803F004030B
:10472000072101FA03F3DB431A40BB6803F00403DB
:10473000796801FA03F31A43FB685A6100BF143722
:10474000BD465DF8047B704780B483B000AF7860ED
:104750007B68DB6803F44063002B01D1012300E098
:10476000002318460C37BD465DF8047B704780B4C3
:1047700085B000AFF860B9607A60FB689A6ABB6880
:1047800003F01F030F2101FA03F3DB431A407B6898
:104790009B0E03F00F01BB6803F01F0301FA03F344
:1047A0001A43FB689A6200BF1437BD465DF8047B6C
:1047B000704780B483B000AF786039607B689A6AD4
:1047C0003B68C3F311031A437B689A6200BF0C373E
:1047D000BD465DF8047B704780B483B000AF78605D
:1047E00039607B689A6A3B68C3F31103DB431A4064
:1047F0007B689A6200BF0C37BD465DF8047B70474A
:1048000080B483B000AF78607B68DB6803F003039B
:1048100018460C37BD465DF8047B704780B485B000
:1048200000AFF860B9607A60FB685A69BB681B0228
:10483000DB431A40BB6819027B680B4023F07C43C2
:1048400023F0FF031A43FB685A6100BF1437BD46CB
:104850005DF8047B704780B483B000AF78607B68FC
:104860009B6823F0104323F0170343F080527B68CA
:104870009A6000BF0C37BD465DF8047B704780B47A
:1048800083B000AF78607B689B6803F08053B3F11E
:10489000805F01D1012300E0002318460C37BD469C
:1048A0005DF8047B704780B483B000AF78607B68AC
:1048B0009B6823F0004323F0170343F001027B6859
:1048C0009A6000BF0C37BD465DF8047B704780B42A
:1048D00083B000AF78607B689B6823F0004323F0CF
:1048E000170343F002027B689A6000BF0C37BD4695
:1048F0005DF8047B704780B483B000AF78607B685C
:104900009B6803F00103012B01D1012300E0002388
:1049100018460C37BD465DF8047B704780B483B001
:1049200000AF78607B689B6803F00203022B01D123
:10493000012300E0002318460C37BD465DF8047BD8
:10494000704780B483B000AF78607B689B6823F0C9
:10495000004323F0170343F004027B689A6000BF12
:104960000C37BD465DF8047B704780B483B000AF60
:1049700078607B689B6823F0004323F0170343F0C3
:1049800010027B689A6000BF0C37BD465DF8047B5F
:10499000704780B483B000AF78607B689B6803F099
:1049A0000403042B01D1012300E0002318460C3737
:1049B000BD465DF8047B704780B483B000AF78607B
:1049C0007B681B6803F48053B3F5805F01D101233A
:1049D00000E0002318460C37BD465DF8047B7047A5
:1049E00080B483B000AF78607B684FF480521A6067
:1049F00000BF0C37BD465DF8047B704780B588B0BA
:104A000000AF78600023FB770023BB6100237B614C
:104A10007B68002B01D1012390E17B681B69002B8F
:104A20007B681B6E002B09D17868FEF7B3FD7B68AD
:104A300000225A667B68002283F85C207B681B6832
:104A40001846FFF71CFF0346002B32D17B681B681A
:104A50001846FFF7C5FF7B681B681846FFF7FBFE8B
:104A6000FFF702FE38611CE0FFF7FEFD02463B69DE
:104A7000D31A012B15D97B681B681846FFF79CFFDA
:104A80000346002B0DD17B681B6E43F010027B6840
:104A90001A667B685B6E43F001027B685A660123ED
:104AA0004CE17B681B681846FFF786FF0346002B26
:104AB000DAD07B681B681846FFF7E1FE0346002B3F
:104AC0000DD17B681B6E43F010027B681A667B6811
:104AD0005B6E43F001027B685A660123FB777B68BB
:104AE0001B681846FFF755FFF8607B681B6E03F0E4
:104AF0001003002B40F01981FB68002B40F015815A
:104B00007B681B6E23F4817343F002027B681A6694
:104B10007B681B681846FFF7EEFE0346002B36D174
:104B20007B681B68DB6823F00C017B689A687B68F4
:104B30001B680A43DA607B685B6D7A6913437B61AB
:104B40007B6893F84430012B0CD17B689A6C7B68AE
:104B5000DB6C1A437B681B6D1A437B69134343F07C
:104B600001037B617B681B681A69764B13407A6886
:104B7000126879690B431361734B1B6823F470123D
:104B80007B685B6803F470136F4913430B607B68A9
:104B90001B7E9A037B6893F820305B0313437A688B
:104BA000926B002A02D04FF4805200E000221A4398
:104BB0007B68DB681A437B681B69002B04DA7B681F
:104BC0001B6923F0004301E04FF400131A437B6894
:104BD00093F834305B001343BA691343BB617B68BD
:104BE00093F82830012B15D17B6893F82030002BE7
:104BF00004D1BB6943F48033BB610BE07B681B6E5F
:104C000043F020027B681A667B685B6E43F001020A
:104C10007B685A667B68DB6A002B09D07B68DB6A9D
:104C200003F4E0727B681B6B1343BA691343BB61E7
:104C30007B681B68DA68454B13407A681268B9696B
:104C40000B43D3607B681B681A693E4B13407A683C
:104C5000126879690B4313617B681B685B6C23F0F6
:104C600003017B685B7E1A467B68DB691A437B68BD
:104C70001B680A435A647B6818687B68DB6B1A46BA
:104C80000021FFF742FD7B6818687B681B6C1A46A1
:104C90002F49FFF73AFD7B681B69002B08D17B6821
:104CA0001B689A6A7B681B6862F00F029A6217E0C1
:104CB0007B681B69B3F5001F12D17B681B689B6A78
:104CC0007B685B6A013B9B0003F01C036FF00F02E3
:104CD00002FA03F17B689A6E7B681B680A439A624A
:104CE0007B681B68DA681B4B1340BA699A420BD188
:104CF0007B6800225A667B681B6E23F0030343F037
:104D000001027B681A6618E07B681B6E23F01203B1
:104D100043F010027B681A667B685B6E43F0010209
:104D20007B685A660123FB7707E07B681B6E43F0C4
:104D300010027B681A660123FB77FB7F1846203739
:104D4000BD4680BD02FCFFDF081302460D82DEFF78
:104D500004FFFF03F3FF3F8380B59CB000AFF86012
:104D6000B9607A60FB681B681846FFF712FE0346BD
:104D7000002B40F0D580FB6893F85C30012B01D10B
:104D80000223D2E0FB68012283F85C20FB681B68E9
:104D9000DB6803F00103002B14D1FB681B68184685
:104DA000FFF7A9FD0346002B04D0FB681B681846DB
:104DB000FFF78DFDFB681B68DA68FB681B6842F033
:104DC0000102DA60F86800F0B3FB034687F86F3041
:104DD00097F86F30002B40F0A680FB681B6E23F421
:104DE000706323F0010343F48072FB681A66FB686A
:104DF00000225A66FB689B6D4E4A1A66FB689B6DE3
:104E00004D4A5A66FB689B6D4C4A9A66FB681B6864
:104E10001C221A60FB68002283F85C20FB681B6878
:104E20005A68FB681B6842F010025A60FB689B6D71
:104E30001B6D03F08003002B4BD0FB689B6D5B6FF9
:104E4000002B42D0FB689B6D5B6F1B68002B3CD036
:104E5000FB689B6D5B6F1A6807F1100311461846DB
:104E600002F05AFA0346002B01D001235DE0BB6A31
:104E7000022B03D17B689B00BB6608E0BB6A012B59
:104E800003D17B685B00BB6601E07B68BB66FB68A7
:104E90009B6D5B6F1B68BA6E9A60FB681B6803F1C1
:104EA0004002FB689B6D5B6F1B68DA60FB689B6D63
:104EB0005B6F1B68BA681A61FB689B6D184602F04D
:104EC00097F9034687F86F3024E0012387F86F30A5
:104ED00020E0FB689B6D9B69022B03D17B689B00E4
:104EE000BB660AE0FB689B6D9B69012B03D17B6865
:104EF0005B00BB6601E07B68BB66FB68986DFB6886
:104F00001B6840331946BA68BB6E01F0C2FD034608
:104F100087F86F30FB681B681846FFF712FD02E048
:104F2000022387F86F3097F86F3018467037BD4608
:104F300080BD00BFFB560008C5570008E1570008B8
:104F400080B584B000AF78607B6893F85C30012B4B
:104F500001D1022350E07B68012283F85C2078684D
:104F600000F0A0FA0346FB73FB7B002B3FD17B686C
:104F70009B6D93F85430DBB2022B0FD17B689B6D95
:104F8000184601F0E6FD0346FB73FB7B002B05D0C2
:104F90007B681B6E43F040027B681A667B681B6867
:104FA0005A687B681B6822F010025A60FB7B002B5A
:104FB00005D1786800F042FB0346FB7302E0786895
:104FC00000F03CFBFB7B002B09D17B681B6E23F4BC
:104FD000807323F0010343F001027B681A667B684B
:104FE0001B68DA687B681B6822F00102DA607B6864
:104FF000002283F85C20FB7B18461037BD4680BD3D
:1050000080B586B000AF786000237B617B681B6849
:105010001B683B617B681B685B68FB603B6903F056
:105020000203002B17D0FB6803F00203002B12D001
:105030007B681B6E03F01003002B05D17B681B6E91
:1050400043F400627B681A66786800F0AEFC7B6807
:105050001B6802221A603B6903F00403002B04D092
:10506000FB6803F00403002B09D13B6903F008033C
:10507000002B52D0FB6803F00803002B4DD07B6857
:105080001B6E03F01003002B05D17B681B6E43F4ED
:1050900000727B681A667B681B681846FFF754FB32
:1050A0000346002B32D07B6893F82030002B2DD1A3
:1050B0007B681B681B6803F00803082B26D17B68FC
:1050C0001B681846FFF765FC0346002B12D17B686E
:1050D0001B685A687B681B6822F00C025A607B6868
:1050E0001B6E23F4807323F0010343F001027B68FD
:1050F0001A660BE07B681B6E43F020027B681A6621
:105100007B685B6E43F001027B685A667868FCF747
:105110008DF87B681B680C221A603B6903F08003E2
:10512000002B11D0FB6803F08003002B0CD07B68B0
:105130001B6E43F480327B681A66786800F085F84D
:105140007B681B6880221A603B6903F48073002B24
:1051500012D0FB6803F48073002B0DD07B681B6EAC
:1051600043F400327B681A66786800F00AFC7B68BA
:105170001B684FF480721A603B6903F40073002BC4
:1051800012D0FB6803F40073002B0DD07B681B6EFC
:1051900043F480227B681A66786800F0FCFB7B6829
:1051A0001B684FF400721A603B6903F01003002B78
:1051B0002BD0FB6803F01003002B26D07B689B6B81
:1051C000002B02D101237B6109E07B681B68184634
:1051D000FFF716FB0346002B01D001237B617B699F
:1051E000012B0ED17B681B6E43F480627B681A66CC
:1051F0007B685B6E43F002027B685A667868FCF756
:1052000057F87B681B6810221A603B6903F48053CF
:10521000002B0CD0FB6803F48053002B07D0786878
:1052200000F0CDFB7B681B684FF480521A6000BF12
:105230001837BD4680BD80B483B000AF786000BF32
:105240000C37BD465DF8047B704780B483B000AF77
:10525000786000BF0C37BD465DF8047B70470000E6
:1052600080B588B000AF786039600023FB770023F9
:10527000BB607B681B69B3F1004F7B6893F85C30BF
:10528000012B01D10223F0E07B68012283F85C202E
:105290007B681B681846FFF77CFB0346002B40F039
:1052A000D7803B685B68022B00F09E807B681B699F
:1052B000B3F1004F04D07B681B696E4A934208D15A
:1052C0007B681A683B681B6819461046FFF771FA3D
:1052D00041E07B689A6E3B685B6803F01F030F2117
:1052E00001FA03F3DB431A403B681B68C3F3110365
:1052F000002B05D13B681B689B0E03F01F0311E0D8
:105300003B681B683B613B6993FAA3F3FB60FB6856
:105310007B617B69002B01D1202303E07B69B3FA19
:1053200083F3DBB23968496801F01F018B401A43EF
:105330007B689A663B685B689B085A1C7B685B6A63
:105340009A4208D87B6818683B6859683B681B68B4
:105350001A46FFF70CFA7B6818683B6819683B68C7
:105360009B681A46FFF75AFA3B681B68002B77DAEE
:105370004148FFF7BCF9B8613B681B683F4A93425C
:1053800020D1BB6903F40003002B1BD1BB6943F49C
:10539000000319463848FFF797F9394B1B689B09FA
:1053A000384AA2FB03239B095A1C13465B00134493
:1053B0009B00BB6002E0BB68013BBB60BB68002B8D
:1053C000F9D14DE03B681B682F4A934248D1BB6935
:1053D00003F48003002B43D1BB6943F480031946D7
:1053E0002548FFF771F93BE07B681B69B3F1004F7B
:1053F00004D07B681B691F4A934207D17B681A68F7
:105400003B681B6819461046FFF7E6F93B681B68C6
:10541000002B25DA1848FFF76AF9B8613B681B686A
:10542000164A934207D1BB6923F400031946124878
:10543000FFF74AF914E03B681B68134A93420FD107
:10544000BB6923F4800319460B48FFF73DF907E0D9
:105450007B681B6E43F020027B681A660123FB7792
:105460007B68002283F85C20FB7F18462037BD460E
:1054700080BD00BF1000008008130246002000B469
:1054800098000020632D3E050100008080B483B0A9
:1054900000AF78607B681B6E18460C37BD465DF820
:1054A000047B704780B584B000AF78607B681B6870
:1054B0001846FFF76EFA0346002B33D07B681B6853
:1054C0001846FFF72BFA0346002B04D17B681B68B4
:1054D0001846FFF74AFAFFF7C7F8F8601BE0FFF736
:1054E000C3F80246FB68D31A022B14D97B681B68E9
:1054F0009B6803F00403002B0DD07B681B6E43F008
:1055000010027B681A667B685B6E43F001027B6861
:105510005A66012307E07B681B689B6803F004035D
:10552000002BDCD1002318461037BD4680BD00009B
:1055300080B584B000AF78600023BB607B681B68D7
:105540001846FFF7D8F90346002B69D17B681B6822
:105550009A68364B1340002B0DD07B681B6E43F0CE
:1055600010027B681A667B685B6E43F001027B6801
:105570005A66012355E07B681B681846FFF793F9CC
:105580002B48FFF7B4F8034603F40003002B0FD0B9
:10559000284B1B689B09284AA2FB03239B09013364
:1055A000BB6002E0BB68013BBB60BB68002BF9D16C
:1055B0007B685B7E012B33D0FFF756F8F86028E05C
:1055C0007B681B681846FFF796F90346002B04D149
:1055D0007B681B681846FFF766F9FFF745F8024637
:1055E000FB68D31A022B14D97B681B681B6803F075
:1055F0000103012B0DD07B681B6E43F010027B680A
:105600001A667B685B6E43F001027B685A66012371
:1056100007E07B681B681B6803F00103012BCFD1F7
:10562000002318461037BD4680BD00BF170000801C
:105630000813024698000020632D3E0580B584B013
:1056400000AF78607B681B681846FFF767F9F86061
:105650007B681B681846FFF74EF90346002B47D0BE
:10566000FB68002B44D17B681B689B6803F0050333
:10567000012B0CD17B681B681846FFF728F97B6863
:105680001B6803221A60FEF7EFFFB86029E07B6811
:105690001B6E43F010027B681A667B685B6E43F0FA
:1056A00001027B685A66012323E0FEF7DDFF024614
:1056B000BB68D31A022B14D97B681B689B6803F064
:1056C0000103002B0DD07B681B6E43F010027B683A
:1056D0001A667B685B6E43F001027B685A660123A1
:1056E00007E07B681B689B6803F00103002BDCD19B
:1056F000002318461037BD4680BD80B584B000AF8A
:1057000078607B68DB6DFB60FB681B6E03F0500309
:10571000002B44D1FB681B6E43F40072FB681A66D1
:10572000FB681B681846FFF70FF80346002B32D0C2
:10573000FB6893F82030002B2DD1FB681B681B6899
:1057400003F00803082B26D1FB681B681846FFF7F7
:1057500020F90346002B12D1FB681B685A68FB68CE
:105760001B6822F00C025A60FB681B6E23F48073E6
:1057700023F0010343F00102FB681A660BE0FB68AB
:105780001B6E43F02002FB681A66FB685B6E43F0F9
:105790000102FB685A66F868FBF748FD0EE0FB68FB
:1057A0001B6E03F01003002B03D0F868FBF780FD9D
:1057B00004E0FB689B6D9B6E7868984700BF1037CC
:1057C000BD4680BD80B584B000AF78607B68DB6D7E
:1057D000FB60F868FFF72FFD00BF1037BD4680BDA6
:1057E00080B584B000AF78607B68DB6DFB60FB68E0
:1057F0001B6E43F04002FB681A66FB685B6E43F069
:105800000402FB685A66F868FBF752FD00BF1037C8
:10581000BD4680BD80B483B000AF78607B689B6874
:1058200003F00103012B01D1012300E000231846FE
:105830000C37BD465DF8047B704780B483B000AF81
:1058400078607B689B6803F00043B3F1004F01D19F
:10585000012300E0002318460C37BD465DF8047BA9
:10586000704780B586B000AF78600023BB607B686E
:1058700093F85C30012B01D102237EE07B6801228A
:1058800083F85C207868FFF7D9FE0346FB757B68D8
:105890001B681846FFF7BEFF0346002B62D17B68EA
:1058A0001B6E23F4817343F002027B681A667B68E7
:1058B0001B685B6C03F001033B617B681B68DB6862
:1058C00003F00303FB607B681B68DA687B681B6876
:1058D00022F00302DA607B681B685A6C7B681B68E5
:1058E00022F001025A647B681B689A687B681B6817
:1058F00042F000429A6014E0BB680133BB60BB68B1
:10590000B3F52E3F0DD37B681B6E23F0120343F0DB
:1059100010027B681A667B68002283F85C200123F2
:105920002BE07B681B681846FFF787FF0346002BB8
:10593000E2D17B681B68D9687B681B68FA680A43F8
:10594000DA607B681B68596C7B681B683A690A439C
:105950005A647B681B6E23F0030343F001027B68EB
:105960001A6605E07B681B6E43F010027B681A66BE
:105970007B68002283F85C20FB7D18461837BD4603
:1059800080BD80B483B000AF786000BF0C37BD46E7
:105990005DF8047B704780B483B000AF786000BFCF
:1059A0000C37BD465DF8047B704780B483B000AF10
:1059B000786000BF0C37BD465DF8047B704780B44B
:1059C00083B000AF786000BF0C37BD465DF8047B44
:1059D0007047000080B483B000AF7860064BD3F806
:1059E000802005497B681343C1F8803000BF0C3725
:1059F000BD465DF8047B70470020024680B483B04A
:105A000000AF7860074BD3F880207B68DB43054903
:105A10001340C1F8803000BF0C37BD465DF8047BF1
:105A2000704700BF0020024680B483B000AF7860AA
:105A3000064BD3F8842005497B681343C1F88430B2
:105A400000BF0C37BD465DF8047B7047002002465E
:105A500080B483B000AF7860074BD3F884207B68B4
:105A6000DB4305491340C1F8843000BF0C37BD4605
:105A70005DF8047B704700BF0020024680B483B00D
:105A800000AF7860054B1A6804497B6813430B60CC
:105A900000BF0C37BD465DF8047B7047002002460E
:105AA00080B483B000AF7860064B1A687B68DB4334
:105AB000044913400B6000BF0C37BD465DF8047B02
:105AC000704700BF0020024680B483B000AF78600A
:105AD000054B5A6804497B6813434B6000BF0C3781
:105AE000BD465DF8047B70470020024680B483B059
:105AF00000AF7860064B5A687B68DB43044913406B
:105B00004B6000BF0C37BD465DF8047B704700BF9B
:105B10000020024680B483B000AF7860074B1A695A
:105B20007B6813407A689A4201D1012300E0002388
:105B300018460C37BD465DF8047B704700200246CE
:105B400080B483B000AF7860044A7B68136100BF03
:105B50000C37BD465DF8047B704700BF002002464D
:105B600080B483B000AF7860074BDA687B6813407D
:105B70007A689A4201D1012300E0002318460C37CD
:105B8000BD465DF8047B70470020024680B483B0B8
:105B900000AF7860044A7B68D36000BF0C37BD4615
:105BA0005DF8047B704700BF0020024680B588B0D6
:105BB00000AF78600023FB600023FB777B68002B3D
:105BC00002D10123FB7727E17B681B681B6803F088
:105BD0000043B3F1004F02D10123FB771CE17B6846
:105BE00093F82930DBB2002B09D17B68002283F8BF
:105BF00028207B680022DA627868FDF777FD7B68F1
:105C00001B681B6803F03003BB617B685A697B68C3
:105C10001B691A437B681B6A1A437B689B691A439A
:105C20007B68DB691A437B68DB6813437B617B68B5
:105C30001B681A687B4B13407A68126879690B43BA
:105C400013607B685B68B3F5006F0CD1764B1B6803
:105C5000754A23F400631360734B5B68724A43F424
:105C6000006353601DE07B685B68B3F5C05F0CD1D7
:105C70006D4B1B686C4A43F4006313606A4B5B68AE
:105C8000694A23F4006353600BE0674B1B68664A64
:105C900023F400631360644B5B68634A23F400637E
:105CA00053607B689B68B3F5A04F14D0B3F5A04F49
:105CB0002BD8012B1CD0B3F5804F26D15A4B1B6833
:105CC000594A43F480431360574B5B68564A23F4A8
:105CD0008043536026E0544B1B68534A23F48043AF
:105CE0001360514B5B68504A43F48043536019E0A2
:105CF0004D4B1B684C4A43F4804313604A4B5B682E
:105D0000494A43F4804353600CE0474B1B68464AC2
:105D100023F480431360444B5B68434A23F480437D
:105D2000536000BF7B681B681B6803F03003002BC7
:105D300016D0BB69002B13D13C4B1B689B093C4A16
:105D4000A2FB03239B095A1C13469B0013449B0090
:105D5000FB6002E0FB68013BFB60FB68002BF9D1B4
:105D60007B681B68304A934202D14FF4003301E054
:105D70004FF480233B617B685B6A03F00303002BD5
:105D80003AD07B685B6A03F01003002B03D03869BC
:105D9000FFF774FE02E03869FFF782FE7B685B6AFA
:105DA00003F02003002B03D03869FFF78DFE02E0DB
:105DB0003869FFF79BFE3869FFF7E8FE3869FFF79F
:105DC000BFFE7B685B6A03F00203002B03D03869D7
:105DD000FFF72AFE02E03869FFF73AFE7B685B6A4C
:105DE00003F00103002B03D03869FFF7F3FD09E04E
:105DF0003869FFF703FE05E03869FFF729FE3869C7
:105E0000FFF7FCFD7B6893F82930DBB2002B03D150
:105E10007B68012283F82920FB7F18462037BD4686
:105E200080BD00BF0F7400FE0054004698000020A3
:105E3000632D3E0580B485B000AF78600023BB6061
:105E40000023FB737B68002B02D10123FB7330E03E
:105E50007B681B681B6803F00043B3F1004F02D15D
:105E60000123FB7325E07B6893F82930DBB2012B1B
:105E70001DD17B681B681A687B681B6842F00102B1
:105E80001A607B68022283F829200D4B1B689B094E
:105E90000C4AA2FB03239B090133DB00BB6002E039
:105EA000BB68013BBB60BB68002BF9D101E001235B
:105EB000FB73FB7B18461437BD465DF8047B7047C7
:105EC00098000020632D3E0580B584B000AF786057
:105ED0007B681B68204A934202D14FF4003301E0F3
:105EE0004FF48023FB601C4B1B6803F40063BB6012
:105EF000194B5B6803F40063BA681343BB60F8682E
:105F0000FFF72EFE0346002B0ED0BB68002B04D0FB
:105F10004FF4C020FFF73AFE02E0F868FFF736FEC4
:105F20007868FBF705FE13E0F868FFF7F3FD03461A
:105F3000002B0DD0BB68002B04D04FF4C020FFF71E
:105F4000FFFD02E0F868FFF7FBFD7868FBF7F0FD66
:105F500000BF1037BD4680BD0054004680B483B0FA
:105F600000AF78607B681B681B689B0F03F0010320
:105F700018460C37BD465DF8047B704780B485B089
:105F800000AF78607B6803F00703FB600C4BDB68B5
:105F9000BB60BA684FF6FF031340BB60FB681A0290
:105FA000BB68134343F0BF6343F40033BB60044A50
:105FB000BB68D36000BF1437BD465DF8047B7047F3
:105FC00000ED00E080B400AF044BDB681B0A03F077
:105FD00007031846BD465DF8047B704700ED00E0FE
:105FE00080B483B000AF0346FB7197F90730002BF4
:105FF0000BDBFB7903F01F02074997F907305B09B8
:10600000012000FA02F241F8232000BF0C37BD4600
:106010005DF8047B704700BF00E100E080B483B00E
:1060200000AF0346FB7197F90730002B12DBFB79B9
:1060300003F01F020A4997F907305B09012000FAB3
:1060400002F2203341F82320BFF34F8F00BFBFF38C
:106050006F8F00BF00BF0C37BD465DF8047B7047F3
:1060600000E100E080B483B000AF0346FB7197F914
:106070000730002B0CDBFB7903F01F02074997F96F
:1060800007305B09012000FA02F2403341F8232077
:1060900000BF0C37BD465DF8047B704700E100E0AF
:1060A00080B483B000AF0346FB7197F90730002B33
:1060B0000CDBFB7903F01F02074997F907305B09F6
:1060C000012000FA02F2603341F8232000BF0C37B0
:1060D000BD465DF8047B704700E100E080B483B00A
:1060E00000AF03463960FB7197F90730002B0ADBDC
:1060F0003B68DAB20C4997F907301201D2B20B446F
:1061000083F800230AE03B68DAB20849FB7903F020
:106110000F03043B1201D2B20B441A7600BF0C37B6
:10612000BD465DF8047B704700E100E000ED00E053
:1061300080B489B000AFF860B9607A60FB6803F0A2
:106140000703FB61FB69C3F10703042B28BF04238A
:10615000BB61FB690433062B02D9FB69033B00E0FA
:1061600000237B614FF0FF32BB6902FA03F3DA438D
:10617000BB681A407B699A404FF0FF317B6901FA96
:1061800003F3D9437B680B40134318462437BD46BD
:106190005DF8047B704780B582B000AF78607868A6
:1061A000FFF7ECFE00BF0837BD4680BD80B586B066
:1061B00000AF0346B9607A60FB73FFF703FF034645
:1061C00003F007037B617A68B9687869FFF7B0FF6D
:1061D000024697F90F3011461846FFF77FFF00BFC0
:1061E0001837BD4680BD80B582B000AF0346FB7155
:1061F00097F907301846FFF7F3FE00BF0837BD4692
:1062000080BD80B582B000AF0346FB7197F90730BF
:106210001846FFF703FF00BF0837BD4680BD0000EA
:1062200080B483B000AF78607B68013BB3F1807FBE
:1062300001D301230DE00A4A7B68013B5360084B00
:1062400000229A60064B1B68054A43F00303136063
:10625000002318460C37BD465DF8047B704700BF2D
:1062600010E000E080B582B000AF0346FB7197F903
:1062700007301846FFF7F6FE00BF0837BD4680BD61
:1062800080B582B000AF0346FB7197F9073018461E
:10629000FFF706FF00BF0837BD4680BD80B483B05E
:1062A00000AF78607B68042B44D801A252F823F039
:1062B000D3620008F1620008136300083563000828
:1062C000C56200081F4B1B681E4A43F0040313609D
:1062D00031E01C4B1B681B4A23F0040313601A4B6C
:1062E000D3F8E030184A23F44003C2F8E03022E04B
:1062F000144B1B68134A23F004031360124BD3F8AA
:10630000E03023F44003104A43F48003C2F8E03045
:1063100011E00C4B1B680B4A23F0040313600A4B7B
:10632000D3F8E03023F44003074A43F40003C2F8F3
:10633000E03000E000BF00BF0C37BD465DF8047BD5
:10634000704700BF10E000E0000C024680B582B04C
:1063500000AF78607B68002B01D1012354E07B689B
:106360005B7FDBB2002B05D17B6800221A7778684F
:10637000FDF70AFA7B6802225A777B681B79002BAB
:106380000CD17B681B68224A5A617B681B689A683B
:106390007B681B6822F018029A600CE07B689968A1
:1063A0007B68DB681A46786800F0BCF90346002B6E
:1063B00001D0012328E07B685B79002B05D17B6845
:1063C0001B684FF0FF321A6104E07B681B687A6833
:1063D00012691A617B681B689B6823F060017B6807
:1063E0005A697B681B680A439A607B681B689B68D4
:1063F00023F080017B689A697B681B680A439A6076
:106400007B6801225A77002318460837BD4680BDB5
:10641000B71DC10480B582B000AF78607B68002BE7
:1064200001D101231FE07B685B7FDBB2022B01D12E
:10643000022318E07B6802225A777B681B689A68FF
:106440007B681B6842F001029A607B681B6800222F
:106450005A607868FDF7BAF97B6800225A777B6842
:1064600000221A77002318460837BD4680BD80B544
:1064700086B000AFF860B9607A6000233B61FB68CA
:1064800002225A77FB681B6A032B06D0032B29D8FC
:10649000012B19D0022B1ED024E000237B610AE0DF
:1064A0007B699B00BA681A44FB681B6812681A6013
:1064B0007B6901337B617A697B689A42F0D3FB6820
:1064C0001B681B683B610EE07A68B968F86800F0E9
:1064D0005EF8386107E07A68B968F86800F0E7F8B4
:1064E000386100E000BFFB6801225A773B6918461B
:1064F0001837BD4680BD80B586B000AFF860B96082
:106500007A6000233B61FB6802225A77FB681B68B4
:106510009A68FB681B6842F001029A60FB681B6A7C
:10652000032B06D0032B29D8012B19D0022B1ED008
:1065300024E000237B610AE07B699B00BA681A446F
:10654000FB681B6812681A607B6901337B617A699A
:106550007B689A42F0D3FB681B681B683B610EE0C6
:106560007A68B968F86800F012F8386107E07A686C
:10657000B968F86800F09BF8386100E000BFFB687C
:1065800001225A773B6918461837BD4680BD80B452
:1065900089B000AFF860B9607A600023FB6123E046
:1065A000FB699B00BA6813441B781A06FB699B00C1
:1065B0000133B9680B441B781B041A43FB699B0029
:1065C0000233B9680B441B781B021A43FB699B001A
:1065D0000333B9680B441B781946FB681B680A43F0
:1065E0001A60FB690133FB617B689B08FA699A4278
:1065F000D6D37B6803F00303002B4FD07B6803F0F6
:106600000303012B07D1FB699B00BA681344FA68A6
:1066100012681B7813707B6803F00303022B17D1F9
:10662000FB699B00BA6813441B781BB21B021AB2A9
:10663000FB699B000133B9680B441B781BB2134301
:106640001BB27B83FB681B687B617B697A8B1A803A
:106650007B6803F00303032B20D1FB699B00BA681E
:1066600013441B781BB21B021AB2FB699B00013357
:10667000B9680B441B781BB213431BB27B83FB68C6
:106680001B687B617B697A8B1A80FB699B000233F4
:10669000BA681344FA6812681B781370FB681B68A9
:1066A0001B6818462437BD465DF8047B704780B4EC
:1066B00087B000AFF860B9607A6000237B6113E0B7
:1066C0007B699B00BA6813441B881A047B699B0092
:1066D0000233B9680B441B881946FB681B680A43E0
:1066E0001A607B6901337B617B685B087A699A4237
:1066F000E6D37B6803F00103002B09D0FB681B681D
:106700003B617B699B00BA6813441A883B691A8015
:10671000FB681B681B6818461C37BD465DF8047B88
:106720007047000080B487B000AFF860B9607A604D
:106730000023FB751F233B61BB6803F00103002BA3
:1067400002D10123FB7563E000BF3B695A1E3A6129
:10675000002B09D03B6903F01F03BA6822FA03F348
:1067600003F00103002BF0D07B68182B46D801A260
:1067700052F823F003680008FD670008FD67000871
:10678000FD670008FD670008FD670008FD67000859
:10679000FD670008F1670008FD670008FD67000855
:1067A000FD670008FD670008FD670008FD67000839
:1067B000FD670008E5670008FD670008FD67000841
:1067C000FD670008FD670008FD670008FD67000819
:1067D000FD670008D96700083B69062B13D9012320
:1067E000FB7510E03B69072B0FD90123FB750CE00B
:1067F0003B690F2B0BD90123FB7508E00123FB75C7
:1068000006E000BF04E000BF02E000BF00E000BF00
:10681000FB7D002B0DD1FB681B68BA685A61FB68D1
:106820001B689B6823F01801FB681B687A680A43A1
:106830009A60FB7D18461C37BD465DF8047B7047A7
:1068400080B584B000AF7860FDF70EFFF8607B681C
:10685000002B01D1012372E07B681B683A4A934206
:1068600021D07B681B68394A93421CD07B681B6827
:10687000374A934217D07B681B68364A934212D03E
:106880007B681B68344A93420DD07B681B68334A8F
:10689000934208D07B681B68314A934203D07B68DF
:1068A0001B68304A93427B68002283F84C207B6847
:1068B00093F85430DBB2002B0ED17B6800221A66AD
:1068C0007B6800225A667B6800229A667B680022F9
:1068D000DA667B6800221A677B68022283F85420FC
:1068E0007B681B685A697B681B6842F006025A6124
:1068F0000FE0FDF7B9FE0246FB68D31A052B08D955
:106900007B6810229A657B68032283F85420012358
:1069100015E07B681B685B6903F00103002BE8D17D
:10692000786800F089FB7B685A6B7B681A657B6826
:1069300000229A657B68012283F8542000231846C0
:106940001037BD4680BD00BF50000240D00002405D
:1069500050010240D001024050020240D0020240E9
:1069600050030240D003024080B584B000AF78608D
:10697000FDF77AFEF8607B68002B01D1012384E0EB
:106980007B681B6823F47F6323F00F03BB607B6885
:106990001B685A697B681B6842F006025A610FE067
:1069A000FDF762FE0246FB68D31A052B08D97B6807
:1069B00010229A657B68032283F85420012364E047
:1069C0007B681B685B6903F00103002BE8D17B68DF
:1069D0001B6800221A607B681B6800225A617B6872
:1069E0001B6800221A647B681B6800225A647B685B
:1069F0001B6800229A647B681B680022DA647B684B
:106A00001B6800221A657B681B680022DA67BB6876
:106A10005A687B681B68C3F30B03503BDB0903F028
:106A20001F03012101FA03F3DB431A40BB685A60DC
:106A30007B681B684FF4FE42DA607B6800221A66AE
:106A40007B6800225A667B6800229A667B68002277
:106A5000DA667B6800221A677B6800225A677B68C7
:106A6000DB6D002B02D07B680022DA657B68002298
:106A70001A657B6800229A657B68002283F854209F
:106A80007B68002283F84C20002318461037BD464F
:106A900080BD80B584B000AFF860B9607A603B60BB
:106AA000FB68002B01D101234FE0FB6893F84C30C9
:106AB000012B01D1022348E0FB68012283F84C201E
:106AC000FB6893F85430DBB2012B36D1FB6802220D
:106AD00083F85420FB6800229A653B687A68B9689D
:106AE000F86800F084FAFB681B685A69FB681B6849
:106AF00042F4BA425A61FB685B6E002B07D0FB6818
:106B00001B685A69FB681B6842F400725A61FB6893
:106B10001B6F002B07D0FB681B685A69FB681B685A
:106B200042F400525A61FB681B685A69FB681B6893
:106B300042F001025A61002307E0FB6840229A6597
:106B4000FB68002283F84C20012318461037BD460D
:106B500080BD80B584B000AF7860FDF785FDF8603A
:106B60007B68002B01D101236BE07B6893F85430E4
:106B7000DBB2022B08D07B6820229A657B6800225A
:106B800083F84C2001235CE07B681B685A697B68B2
:106B90001B6842F004025A617B68052283F8542086
:106BA00020E0FDF761FD0246FB68D31A052B19D9D9
:106BB0007B689B6D43F010027B689A657B680322BB
:106BC00083F854207B681B6D03F08003002B03D0F7
:106BD0007B685B6F01221A737B68002283F84C206C
:106BE00001232EE07B681B681B6903F40053002B14
:106BF000D7D07B681B685A697B681B6842F0020229
:106C00005A617B68042283F854207B681B684FF428
:106C1000FE42DA607B68012283F854207B681B6D9A
:106C200003F08003002B07D07B685B6F01221A738F
:106C30007B681B6800229A647B68002283F84C20E2
:106C4000002318461037BD4680BD80B483B000AF26
:106C500078607B68002B01D1012319E07B6893F8F1
:106C60005430DBB2022B04D07B6820229A650123CA
:106C70000EE07B68042283F854207B681B685B6904
:106C80007A68126843F4005343F00403536100230D
:106C900018460C37BD465DF8047B704780B586B05A
:106CA00000AF78607B681B6823F47F6323F00F03D9
:106CB0007B617B681B68C3F30B03503BDB0903F06C
:106CC0001F03012202FA03F33B617B69DB683A6927
:106CD0001340FB60FB68002B00F03B817B681B6866
:106CE0001B6903F48063002B11D07B681B685B6910
:106CF00003F48063002B0AD07B681B684FF480622A
:106D0000DA607B689B6D43F001027B689A657B6863
:106D10001B681B6903F40063002B11D07B681B68A0
:106D20005B6903F40063002B0AD07B681B684FF497
:106D30000062DA607B689B6D43F002027B689A65B3
:106D40007B681B681B6903F48053002B11D07B68A0
:106D50001B685B6903F48053002B0AD07B681B68B7
:106D60004FF48052DA607B689B6D43F004027B68CD
:106D70009A657B681B681B6903F48043002B11D064
:106D80007B681B685B6903F48043002B0AD07B6837
:106D90001B684FF48042DA607B689B6D43F0080209
:106DA0007B689A657B681B681B6903F40073002B82
:106DB00013D07B681B685B6903F40073002B0CD055
:106DC0007B681B684FF40072DA607B685B6E002B97
:106DD00003D07B685B6E786898477B681B681B698B
:106DE00003F40053002B4CD07B681B685B6903F4F1
:106DF0000053002B45D07B681B684FF40052DA60CB
:106E00007B6893F85430DBB2042B2ED17B681B686F
:106E10005A697B681B6822F400525A617B681B68C0
:106E20005A697B681B6842F002025A617B68012242
:106E300083F854207B681B6D03F08003002B07D080
:106E40007B685B6F01221A737B681B6800229A645F
:106E50007B68002283F84C207B68DB6E002B7AD0A5
:106E60007B68DB6E7868984775E07B68052283F85D
:106E700054207B681B6F002B03D07B681B6F7868E6
:106E800098477B681B681B6903F48073002B39D01B
:106E90007B681B685B6903F48073002B32D07B68CE
:106EA0001B6D03F08003002B12D07B681B68DB6F27
:106EB000002B16D17B681B689B6C002B11D17B6863
:106EC000012283F854207B685B6F01221A7308E06B
:106ED0007B681B689B6C002B03D17B68012283F8C5
:106EE00054207B681B684FF44072DA607B68002294
:106EF00083F84C207B681B6E002B03D07B681B6ED5
:106F0000786898477B689B6D002B25D07B681B6851
:106F10005A697B681B6842F002025A617B68012251
:106F200083F854207B681B6D03F08003002B03D093
:106F30007B685B6F01221A737B68002283F84C2008
:106F40007B689B6E002B07D07B689B6E78689847A8
:106F500002E000BF00E000BF1837BD4680BD80B42E
:106F600083B000AF78607B689B6D18460C37BD46D8
:106F70005DF8047B704780B485B000AF78603960FD
:106F80007B68002B01D101232BE07B681B6823F475
:106F90007F6323F00F03FB607B681B68C3F30B0365
:106FA000503BDB0903F01F03012202FA03F3BB602D
:106FB0003B6803F01003002B12D03B6803F0110371
:106FC000112B06D1FB685A68BB681A43FB685A60EC
:106FD00006E0FB685A68BB68DB431A40FB685A60EE
:106FE000002318461437BD465DF8047B704780B413
:106FF00085B000AFF860B9607A603B60FB681B68E1
:107000009B6C1B0C1B043A6891B2FA6812680B4324
:107010009364FB681B684FF4FE42DA60FB681B68F0
:10702000BA68DA64FB681B687A681A6500BF1437AF
:10703000BD465DF8047B704780B485B000AF7860D2
:107040007B681B6AFB607B681B685B6923F44301F8
:107050007B681B68FA680A435A617B685A697B68D7
:10706000DB691A437B681B691A437B689B6913437E
:10707000FB607B681B68554A934222D07B681B6883
:10708000534A93421DD07B681B68524A934218D0E2
:107090007B681B68504A934213D07B681B684F4A39
:1070A00093420ED07B681B684D4A934209D07B689F
:1070B0001B684C4A934204D07B681B684A4A93423F
:1070C00001D1012300E00023002B12D07B68DA6A93
:1070D0007B689B6A013B1B0503F07C731A437B684A
:1070E0005B6A013B1B0103F47C731343FA6813438F
:1070F000FB607B681B681B6C03F080217B681B684E
:10710000FA680A431A647B689A687B685B6803F0D4
:107110003F031A437B681B6B1343FB607B68DB6890
:10712000B3F5806F31D17B681B68284A934222D027
:107130007B681B68264A93421DD07B681B68254AE2
:10714000934218D07B681B68234A934213D07B6814
:107150001B68224A93420ED07B681B68204A9342E8
:1071600009D07B681B681F4A934204D07B681B6868
:107170001D4A934201D1012300E00023002B0DD0D2
:10718000FB6843F48063FB6008E07B68DB68B3F571
:10719000007F03D1FB6843F40073FB607B681B68CE
:1071A0005A6C124B13407A681268F9680B435364A7
:1071B0007B681B6800229A647B681B680022DA6780
:1071C00000BF1437BD465DF8047B70475000024095
:1071D000D000024050010240D00102405002024063
:1071E000D002024050030240D0030240C031E03CD4
:1071F00080B586B000AF78607B68002B03D07B68D9
:107200005B6F002B01D1012382E07B6893F854303F
:10721000FB757B681B685B6903F480333B61FB7D16
:10722000012B05D0FB7D022B6AD13B69002B67D077
:107230007B6893F85430DBB2012B57D17B6893F80D
:107240004C30012B01D1022362E07B68012283F8DC
:107250004C207B68022283F854207B685B6F0222FB
:107260001A737B6800229A657B685B6F00221A6143
:107270007B681B685A697B681B6842F4BA425A6192
:107280007B685B6E002B07D07B681B685A697B6844
:107290001B6842F400725A617B681B6F002B07D099
:1072A0007B681B685A697B681B6842F400525A610C
:1072B0007B685B6F1B6807F10C010022184600F029
:1072C000DDF87B685B6F1B6819467B681A680B0CDE
:1072D0001B0413607B685B6F1B681A464FF6FC73D8
:1072E0001340F9687A6812680B43D3677B681B68A0
:1072F0005A697B681B6842F001025A61002307E06B
:107300007B6840229A657B68002283F84C20012329
:1073100018461837BD4680BD80B582B000AF786092
:1073200039607B68002B02D03B68002B01D1012320
:1073300004E03968786800F005F80023184608373B
:10734000BD4680BD80B483B000AF786039603B68D3
:107350009B69DAB27B681A603B681B6803F008021D
:107360007B681A613B681B6803F400227B685A61E2
:107370003B681B6803F003027B689A613B681B68EB
:1073800003F440327B68DA613B681B681B0903F039
:107390003F035A1C7B685A623B681B681B0D03F055
:1073A0003F035A1C7B689A623B681B6803F04022CB
:1073B0007B68DA623B681A682F4B13407A689363E4
:1073C0003B681B6803F4C0527B68DA633B685B6808
:1073D00003F40073002B08D07B684FF400725A60EE
:1073E0007B684FF40072DA6013E03B685B6803F07F
:1073F0003F027B685A603B685B6803F48063002B44
:1074000004D07B684FF48062DA6002E07B6800227F
:10741000DA603B685B6803F400627B689A603B68F3
:107420005B6803F440427B681A643B685B6803F066
:1074300040727B685A643B685B681B0C03F01F0258
:107440007B689A643B685B6803F040427B681A6320
:107450003B689B689AB27B685A653B68DA687B68D0
:10746000DA643B681A697B681A6500BF0C37BD4651
:107470005DF8047B704700BF0020000C80B485B02D
:1074800000AFF860B9607A60BB68002B02D0BB68BF
:10749000064A1A607B68002B02D07B6805221A60BE
:1074A00000BF1437BD465DF8047B7047000001F84B
:1074B00080B586B000AFF860B9607A601F4B1B786A
:1074C000012B01D1022334E01C4B01221A701B4B0B
:1074D00000225A604FF47A7000F070F80346FB7592
:1074E000FB7D002B21D1154AFB689360144B3B6157
:1074F000FB6823F00043012B04D17968B86800F0E1
:10750000A1F803E07968B86800F0D8F84FF47A7011
:1075100000F054F80346FB753B691A68FB6823F0DA
:107520000043DB431A403B691A60044B00221A7087
:10753000FB7D18461837BD4680BD00BF58E40020CB
:107540002820024080B483B000AF0023FB710B4BB6
:107550009B6A002B0BDA094B094A9A60074B094AD0
:107560009A60064B9B6A002B01DA0123FB71FB79C1
:1075700018460C37BD465DF8047B7047002002407A
:1075800023016745AB89EFCD80B483B000AF012301
:10759000FB71094B9B6A084A43F000439362064B18
:1075A0009B6A002B01DA0023FB71FB7918460C372C
:1075B000BD465DF8047B70470020024080B586B070
:1075C00000AF7860FDF750F878611C4B3B610DE02F
:1075D0007B68B3F1FF3F09D0FDF746F802467B69AF
:1075E000D31A7A689A4201D8032323E03B691B68C7
:1075F00003F44033002BEBD13B691A6842F2FA03E3
:107600001340FB60FB68002B0AD00D4B5A68FB68E7
:1076100013430B4A53603B69FA681A60012309E07F
:107620003B691B6803F00103002B02D03B69012278
:107630001A60002318461837BD4680BD202002403E
:1076400058E4002080B48BB000AF78603960042328
:1076500087F827307B683B623B68FB61164BBB6158
:10766000BB691B6843F00102BB691A60EFF310832A
:107670003B613B697B6172B600BFFB691A683B6A7C
:107680001A603B6A04333B62FB690433FB6197F881
:107690002730013B87F8273097F82730002BECD1B3
:1076A0007B69FB60FB6883F3108800BF00BF2C3749
:1076B000BD465DF8047B70472820024080B48BB043
:1076C00000AF78603960202387F827307B683B6201
:1076D0003B68FB61174BBB61BB691B6843F480438C
:1076E00043F00103BA691360EFF310833B613B6918
:1076F0007B6172B600BFFB691A683B6A1A603B6A1D
:1077000004333B62FB690433FB6197F82730013B8C
:1077100087F8273097F82730002BECD17B69FB6086
:10772000FB6883F3108800BF00BF2C37BD465DF8AF
:10773000047B70472820024080B586B000AF786097
:107740003960314B1B78012B01D1022358E02E4BBD
:1077500001221A702C4B00225A604FF47A70FFF706
:107760002DFF0346FB75FB7D002B45D17B681B6815
:10777000254A9360254BFB607B681B6823F0004320
:10778000042B08D100F044F84FF47A70FFF716FF8D
:107790000346FB7522E03B684FF0FF321A607B68BE
:1077A0005B683B6112E0386900F048F84FF47A708A
:1077B000FFF704FF0346FB75FB7D002B03D03B68FE
:1077C0003A691A600AE03B6901333B617B685A6899
:1077D0007B689B6813443A699A42E4D3FB681A6851
:1077E0007B681B6823F0004323F47E7343F47E73AD
:1077F000DB431A40FB681A60034B00221A70FB7DC2
:1078000018461837BD4680BD58E4002028200240A5
:1078100080B483B000AF084B7B607B681B6843F487
:10782000803343F004037A68136000BF0C37BD4611
:107830005DF8047B704700BF2820024080B485B00B
:1078400000AF78600B4BFB60FB681B6823F481334F
:1078500023F4FD737A68D200134343F4803343F07A
:107860000203FA68136000BF1437BD465DF8047B5D
:10787000704700BF2820024080B487B000AF786016
:10788000396000237B613AE13B681A6801217B691A
:1078900001FA03F31340FB60FB68002B00F02C811E
:1078A0003B685B6803F00303012B05D03B685B6812
:1078B00003F00303022B30D17B689B683B617B693B
:1078C0005B00032202FA03F3DB433A6913403B6196
:1078D0003B68DA687B695B0002FA03F33A69134399
:1078E0003B617B683A699A607B685B683B61012217
:1078F0007B6902FA03F3DB433A6913403B613B685F
:107900005B681B0903F001027B6902FA03F33A6921
:1079100013433B617B683A695A603B685B6803F0DC
:107920000303032B09D13B685B6803F00303032BBC
:107930001BD13B689B68012B17D07B68DB683B61E0
:107940007B695B00032202FA03F3DB433A691340CD
:107950003B613B689A687B695B0002FA03F33A6912
:1079600013433B617B683A69DA603B685B6803F00C
:107970000303022B23D17B69DA087B68083253F8B2
:1079800022303B617B6903F007039B000F2202FA60
:1079900003F3DB433A6913403B613B681A697B6937
:1079A00003F007039B0002FA03F33A6913433B61B8
:1079B0007B69DA087B680832396943F822107B68F2
:1079C0001B683B617B695B00032202FA03F3DB4324
:1079D0003A6913403B613B685B6803F003027B69D3
:1079E0005B0002FA03F33A6913433B617B683A692F
:1079F0001A603B685B6803F44033002B7CD0474A35
:107A00007B699B08183352F823303B617B6903F094
:107A10000303DB000F2202FA03F3DB433A6913404E
:107A20003B617B689A0A3E4B13407A6902F003027D
:107A3000D20093403A6913433B6138497B699B0804
:107A400018333A6941F82320344B1B683B61FB68CB
:107A5000DB433A6913403B613B685B6803F4801386
:107A6000002B03D03A69FB6813433B612B4A3B6907
:107A700013602A4B5B683B61FB68DB433A69134048
:107A80003B613B685B6803F40013002B03D03A6949
:107A9000FB6813433B61214A3B6953601F4BD3F89A
:107AA00084303B61FB68DB433A6913403B613B68D0
:107AB0005B6803F40033002B03D03A69FB6813437F
:107AC0003B61164A3B69C2F88430144BD3F88030CE
:107AD0003B61FB68DB433A6913403B613B685B6891
:107AE00003F48033002B03D03A69FB6813433B61F6
:107AF0000A4A3B69C2F880307B6901337B613B688D
:107B00001A687B6922FA03F3002B7FF4BDAE00BF35
:107B100000BF1C37BD465DF8047B7047002002465D
:107B20007F7F2F0080B487B000AF7860396000237A
:107B30007B61A0E001227B6902FA03F33A681340FB
:107B40003B613B69002B00F09380524A7B699B08A4
:107B5000183352F82330FB607B6903F00303DB002A
:107B60000F2202FA03F3FA681340FB607B689A0A5B
:107B7000494B13407A6902F00302D2009340FA683D
:107B80009A4236D1434BD3F880203B69DB434149CD
:107B90001340C1F880303F4BD3F884203B69DB436E
:107BA0003C491340C1F884303A4B5A683B69DB4387
:107BB000384913404B60374B1A683B69DB43354902
:107BC00013400B607B6903F00303DB000F2202FA12
:107BD00003F3FB602F4A7B699B08183352F823108C
:107BE000FB68DA432B487B699B080A40183340F84E
:107BF00023207B681A687B695B00032101FA03F389
:107C00001A437B681A607B69DA087B68083253F88C
:107C100022107B6903F007039B000F2202FA03F393
:107C2000DB437A69D20819407B68083243F8221096
:107C30007B689A687B695B00032101FA03F3DB43ED
:107C40001A407B689A607B685A6801217B6901FA57
:107C500003F3DB431A407B685A607B68DA687B6910
:107C60005B00032101FA03F3DB431A407B68DA600F
:107C70007B6901337B613A687B6922FA03F3002B4D
:107C80007FF458AF00BF00BF1C37BD465DF8047BD2
:107C9000704700BF002002467F7F2F0080B483B072
:107CA00000AF78600B467B8013467B707B78002B9F
:107CB00003D07A887B689A6102E07A887B689A624E
:107CC00000BF0C37BD465DF8047B704780B485B0BB
:107CD00000AF78600B467B807B685B69FB607A88CD
:107CE000FB6813401A04FB68D9437B880B401A4396
:107CF0007B689A6100BF1437BD465DF8047B70470E
:107D000080B584B000AF78607B68002B01D101237F
:107D1000CDE07B685B68012B7B6893F84A30DBB26F
:107D2000002B06D17B68002283F849207868FBF796
:107D300069FD7B68022283F84A207B681B681A6908
:107D40007B681B6842F001021A617B681B684FF474
:107D500080725A607B681B687A68526B9A624FF433
:107D60008071786800F01AFB0346032B01D10323CE
:107D70009DE07B681B6810225A607B681B687A68EC
:107D8000126A9A611021786800F008FB0346032B01
:107D900001D103238BE07B681B68DB6A03F00203DD
:107DA000002B0ED17B681B68DB6A03F40033002BC9
:107DB00007D17B681B681A697B681B6822F0010287
:107DC0001A617B681B68DB68FB607B685B68012B62
:107DD00004D07B689B6AB3F5000F03D1FB6823F0E6
:107DE0001E03FB607B685B694FF6FF72934205D010
:107DF000FB6823F4604323F0C003FB60FA682E4B5A
:107E00001340FB607B685A687B689B681A437B68F9
:107E10005B6A1A437B689B6A1343FA681343FB60EF
:107E20007B685B68002B07D17B68DA697B681B691C
:107E30001343FA681343FB607B685B68012B04D033
:107E40007B689B6AB3F5000F07D17B68DA687B68B3
:107E50001B691343FA681343FB607B685B694FF649
:107E6000FF7293420AD07B685A697B689B691A4308
:107E70007B68DB691343FA681343FB607B681B680C
:107E8000FA68DA607B68D96A7B681A6B7B681B6862
:107E90000A435A627B68012283F84B207B680122E7
:107EA00083F84C207B68012283F84A20002318467F
:107EB0001037BD4680BD00BFFEF139FF80B582B0EE
:107EC00000AF78607B68022283F84A207B685B6899
:107ED000012B0CD07B689B6AB3F5000F07D17B6840
:107EE0001B68DA687B681B6822F46062DA607B6872
:107EF0001B681A697B681B6842F001021A617B6883
:107F00001B684FF080725A607B681B689A687B68B8
:107F10001B6842F4C9729A604FF08071786800F073
:107F20003DFA0346032B01D103230CE07B681B6859
:107F30001A697B681B6842F004021A617B6801229F
:107F400083F84A20002318460837BD4680BD80B517
:107F500082B000AF78607B68022283F84A207B6899
:107F60001B68DB6A03F00203002B0ED17B681B68E1
:107F7000DB6A03F40033002B07D17B681B681A69A6
:107F80007B681B6822F001021A617B681B681A6912
:107F90007B681B6842F001021A617B681B684FF026
:107FA00080725A607B681B689A687B681B6822F441
:107FB000C9729A604FF08071786800F0EFF903465B
:107FC000032B01D103231AE07B681B68DB6A03F0F3
:107FD0000203002B0ED17B681B68DB6A03F40033BD
:107FE000002B07D17B681B681A697B681B6822F02D
:107FF00001021A617B68012283F84A200023184697
:108000000837BD4680BD80B582B000AF78607B6820
:108010001B681B6803F00103012B20D17B681B68E0
:108020009B6803F00103012B19D17B681B680122B7
:108030005A607B68012283F838207B681B68DB6A02
:1080400003F00103002B03D0786800F092F902E0FE
:10805000786800F03EF97B68002283F838207B685E
:108060001B681B6803F40073B3F5007F22D17B68A3
:108070001B689B6803F40073B3F5007F1AD17B681B
:108080001B684FF400725A607B68022283F8382024
:108090007B681B68DB6A03F48033002B03D07868AD
:1080A00000F067F902E0786800F013F97B680022BD
:1080B00083F838207B681B681B6803F48053B3F592
:1080C000805F17D17B681B689B6803F48053B3F50E
:1080D000805F0FD17B681B684FF480525A607B68C9
:1080E000012283F83820786800F04DF97B6800227F
:1080F00083F838207B681B681B6803F40053B3F5D2
:10810000005F17D17B681B689B6803F40053B3F5CD
:10811000005F0FD17B681B684FF400525A607B6888
:10812000022283F83820786800F02DF97B6800225D
:1081300083F838207B681B681B6803F00203022B5E
:108140000DD17B681B689B6803F00203022B06D1EC
:108150007B681B6802225A607868F8F7B1FF7B6879
:108160001B681B6803F00403042B0DD17B681B689C
:108170009B6803F00403042B06D17B681B68042270
:108180005A60786800F0AFF87B681B681B6803F0E2
:108190000803082B11D17B681B689B6803F0080358
:1081A000082B0AD17B681B6808225A607B68012271
:1081B00083F83820786800F0A0F87B681B681B689B
:1081C00003F40023B3F5002F13D17B681B689B6871
:1081D00003F40023B3F5002F0BD17B681B684FF429
:1081E00000225A607B68022283F83820786800F009
:1081F00084F87B681B681B6803F01003102B0DD1FB
:108200007B681B689B6803F01003102B06D17B680A
:108210001B6810225A60786800F079F87B681B6848
:108220001B6803F02003202B0DD17B681B689B6823
:1082300003F02003202B06D17B681B6820225A60A4
:10824000786800F06EF87B681B681B6803F04003D9
:10825000402B0DD17B681B689B6803F04003402BCB
:1082600006D17B681B6840225A60786800F063F88A
:108270007B681B681B6803F08003802B0DD17B6833
:108280001B689B6803F08003802B06D17B681B680A
:1082900080225A60786800F058F87B681B681B6879
:1082A00003F48073B3F5807F0FD17B681B689B68F4
:1082B00003F48073B3F5807F07D17B681B684FF4AC
:1082C00080725A60786800F04AF800BF0837BD46EF
:1082D00080BD80B483B000AF786000BF0C37BD466E
:1082E0005DF8047B704780B483B000AF786000BF56
:1082F0000C37BD465DF8047B704780B483B000AF97
:10830000786000BF0C37BD465DF8047B704780B4D1
:1083100083B000AF786000BF0C37BD465DF8047BCA
:10832000704780B483B000AF786000BF0C37BD46A3
:108330005DF8047B704780B483B000AF786000BF05
:108340000C37BD465DF8047B704780B483B000AF46
:10835000786000BF0C37BD465DF8047B704780B481
:1083600083B000AF786000BF0C37BD465DF8047B7A
:10837000704780B483B000AF786000BF0C37BD4653
:108380005DF8047B704780B483B000AF786000BFB5
:108390000C37BD465DF8047B7047000080B485B0A3
:1083A00000AF786039600023FB73124B1B68124AE0
:1083B000A2FB03239B0B4FF47A7202FB03F3BB6017
:1083C000BB68013BBB60BB68002B01D10323FB737F
:1083D0007B681B681A683B6813403A689A4202D06F
:1083E000BB68002BECD1FB7B18461437BD465DF80B
:1083F000047B7047980000205917B7D180B400AFB4
:10840000054B9B6A044A43F00103936200BFBD46DB
:108410005DF8047B704700BF0008024680B487B057
:1084200000AF78601B4B9A697B68DBB2DB431A4074
:108430007B681B0A174913438B61164BDA697B680B
:10844000DBB23B613B6993FAA3F3FB60FB687B61A2
:108450007B69002B01D1202303E07B69B3FA83F30E
:10846000DBB25B00032101FA03F3DB431A407B68B4
:108470001B0C08491343CB61064B5A697B68DBB27E
:10848000044913434B6100BF1C37BD465DF8047BB4
:10849000704700BF0008024680B485B000AF786026
:1084A000294BDB6B03F48033BB60BA687B689A426C
:1084B00001D1002342E0244BDB6823F480322249BF
:1084C0007B681343CB60214B1B68322202FB03F312
:1084D0001F4AA2FB03239B0C0133FB6002E0FB68F5
:1084E000013BFB60184BDB6803F40043002B02D117
:1084F000FB68002BF3D1FB68002B01D103231DE0A7
:10850000124B1B68322202FB03F3114AA2FB032326
:108510009B0C0133FB6002E0FB68013BFB600A4BF4
:10852000DB6B03F40043002B02D1FB68002BF3D17B
:10853000FB68002B01D1032300E000231846143709
:10854000BD465DF8047B7047000802469800002095
:1085500083DE1B4380B485B000AF7860204B1B687E
:10856000322202FB03F31F4AA2FB03239B0C0133BD
:10857000FB607B68002B13D11B4B9B681A4A23F0CE
:108580000203936002E0FB68013BFB60164BDB6B70
:1085900003F00203022B16D1FB68002BF3D112E08B
:1085A000114B9B68104A43F00203936002E0FB68A2
:1085B000013BFB600C4BDB6B03F00203002B02D191
:1085C000FB68002BF3D1FB68002B01D1032300E0F3
:1085D000002318461437BD465DF8047B704700BF82
:1085E0009800002083DE1B430008024680B582B05D
:1085F00000AF78607B68002B01D101230CE07B6821
:1086000002221A717868FBF73BF97B6800229A60B6
:108610007B6801221A71002318460837BD4680BDC9
:1086200080B483B000AF786039607B681B79DBB2BF
:10863000012B0BD17B6802221A717B681B683A6898
:108640001A607B6801221A71002303E07B68022212
:108650009A60012318460C37BD465DF8047B7047CD
:1086600080B483B000AF78607B681B681B6803F43C
:10867000E02318460C37BD465DF8047B70470000C8
:1086800080B58CB000AF78607B68002B02D10123ED
:1086900000F000BC8F4BDB6903F00C033B628D4B99
:1086A0009B6A03F00303FB627B681B6803F0010312
:1086B000002B72D03B6A082B05D03B6A0C2B2AD1C9
:1086C000FB6A032B27D17B685B68002B01D1012358
:1086D000E0E33B6A082B5FD17E4B1B6823F48812D2
:1086E0007B689B6813437B4A43F480331360794B68
:1086F0001B681B0D03F00103774A22FA03F3774A44
:108700001360774B1B681846FBF71CFF0346002BD2
:1087100042D00123BEE37B685B68002B1FD06D4B0A
:108720001B6823F488127B6859687B689B680B433D
:10873000684913430B60FBF797FFF86108E0FBF70C
:1087400093FF0246FB69D31A642B01D90323A1E3EB
:10875000604B1B6803F40033002BF0D01DE05D4B31
:108760001B6823F488127B685B685A4913430B60CB
:10877000FBF77AFFF86108E0FBF776FF0246FB693A
:10878000D31A642B01D9032384E3524B1B6803F4EF
:108790000033002BF0D100E000BF7B681B6803F0C2
:1087A0000203002B5AD03B6A002B05D03B6A0C2BEE
:1087B00013D1FB6A022B10D17B681B69002B01D1FE
:1087C000012367E3434B1B6923F4F8127B685B6961
:1087D0001B04404913430B6140E07B681B69002B7D
:1087E00023D03C4B1B683B4A43F480731360FBF778
:1087F0003BFFF86108E0FBF737FF0246FB69D31A3D
:10880000022B01D9032345E3324B1B6803F4806339
:10881000002BF0D02F4B1B6923F4F8127B685B69A7
:108820001B042C4913430B6118E02A4B1B68294A8F
:1088300023F480731360FBF717FFF86108E0FBF780
:1088400013FF0246FB69D31A022B01D9032321E34C
:10885000204B1B6803F48063002BF0D17B681B68FE
:1088600003F00803002B00F0F880002387F827307E
:10887000184BD3F8943003F00403002B11D1154B9F
:10888000D3F89430134A43F00403C2F89430114BE8
:10889000D3F8943003F004033B613B69012387F86C
:1088A0002730104B9B6A03F00103002B22D10D4BA4
:1088B0009B6A0C4A43F001039362FBF7D5FEF86113
:1088C00012E0FBF7D1FE0246FB69D31A022B0BD94B
:1088D0000323DFE2000C02460048E8019800002074
:1088E0009C00002000080246A84B9B6A03F001038D
:1088F000002BE6D0A64BD3F8F030BB624FF080637C
:10890000BB61BB6943F00053BB617B689B69002B73
:1089100079D07B689B6903F08063002B30D07B6843
:10892000DA69BB6A03F080539A4220D0BB6A03F035
:108930000063002B1BD0BB6A23F08063BB62944AA8
:10894000BB6AC2F8F030FBF78FFEF86108E0FBF776
:108950008BFE0246FB69D31A142B01D9032399E23B
:108960008B4BD3F8F03003F00063002BEFD1BB6AE0
:1089700023F08053BB627B68DB69BA6A1343BB6236
:108980007B689B69BA6A1343BB62814ABB6AC2F8BF
:10899000F030FBF769FEF86108E0FBF765FE024680
:1089A000FB69D31A142B01D9032373E2784BD3F854
:1089B000F0207B689B695B001340002BEDD07B6847
:1089C0009B69BA695340BB61BB69DB43BA6A134018
:1089D000BB626F4ABB6AC2F8F030FBF745FEF86134
:1089E00008E0FBF741FE0246FB69D31A142B01D9BC
:1089F00003234FE2664BD3F8F020BB695B001340C2
:108A0000002BEED11DE0BB69DB43BA6A1340BB62A9
:108A10005F4ABB6AC2F8F030FBF726FEF86108E057
:108A2000FBF722FE0246FB69D31A142B01D903235C
:108A300030E2574BD3F8F020BB695B001340002BAA
:108A4000EED197F82730012B07D1514BD3F8943052
:108A50004F4A23F00403C2F894307B681B6803F08C
:108A60000403002B00F0E280002387F82630484BF7
:108A7000D3F8943003F00403002B11D1444BD3F806
:108A80009430434A43F00403C2F89430404BD3F887
:108A9000943003F00403FB60FB68012387F8263061
:108AA0003A4B9B6A03F00103002B18D1374B9B6AAA
:108AB000364A43F001039362FBF7D6FDF86108E004
:108AC000FBF7D2FD0246FB69D31A022B01D903231F
:108AD000E0E12E4B9B6A03F00103002BF0D07B6892
:108AE000DB68002B56D02A4BD3F8F03023F08003FC
:108AF000BB627B68DB68BA6A1343BB62244ABB6A09
:108B0000C2F8F030FBF7B0FDF8610AE0FBF7ACFD0E
:108B10000246FB69D31A41F28832934201D90323FA
:108B2000B8E11B4BD3F8F03003F00203002BEDD07B
:108B30007B68DB6803F08003002B1ED00AE0FBF7A4
:108B400093FD0246FB69D31A41F28832934201D960
:108B500003239FE10E4BD3F8F03003F40063002BA6
:108B6000EDD057E0FBF780FD0246FB69D31A41F2D6
:108B70008832934201D903238CE1054BD3F8F030BE
:108B800003F40063002BEDD144E000BF000802466F
:108B9000000C02468A4BD3F8F030894A23F0810357
:108BA000C2F8F030864BD3F8F030854A23F0040346
:108BB000C2F8F030FBF758FDF8610AE0FBF754FD0E
:108BC0000246FB69D31A41F28832934201D903234A
:108BD00060E17B4BD3F8F03003F00203002BEDD1C2
:108BE000774BD3F8F03003F08003002B12D00AE06B
:108BF000FBF73AFD0246FB69D31A41F288329342F1
:108C000001D9032346E16E4BD3F8F03003F400633F
:108C1000002BEDD197F82630012B07D1684BD3F804
:108C20009430674A23F00403C2F894307B681B6ACF
:108C3000002B00F02E813B6A0C2B00F0BA807B6881
:108C40001B6A022B40F093805D4B1B6823F08073FE
:108C5000BB625B4ABB6A1360FBF706FDF861584BC9
:108C60001B68BB62FBF700FD0246FB69D31A022BAF
:108C700001D903230EE1BB6A03F00073002BEED190
:108C80007B685B6A032B08D1BB6A1B0D03F00103F1
:108C90004C4A22FA03F3FB6201E04B4BFB627B6818
:108CA0009B6AFA6AB2FBF3F3FB62FB6A474A9342A0
:108CB00002D90C23FB6201E00023FB62404B9B6A5C
:108CC0007B617B6923F4E36323F007037B617B68AB
:108CD0005A6AFB6A1A437B689B6A013B1B021A4370
:108CE0007B69134343F480237B61354A7B6993623C
:108CF0007B68DB6A5A1E7B681B6B013B5B021A4375
:108D00007B685B6B013B1B041A437B689B6B013BDD
:108D10001B0613437B612A4A7B6953637B68DB6BC9
:108D2000002B0AD07B68DB6B254ADB009363244B66
:108D30009B6A234A43F010039362214B1B68204A2D
:108D400043F080731360FBF78FFCF86108E0FBF7DA
:108D50008BFC0246FB69D31A022B01D9032399E04D
:108D6000174B1B6803F00073002BF0D091E0144BFD
:108D70001B68134A23F080731360FBF775FCF861DE
:108D800008E0FBF771FC0246FB69D31A022B01D9FC
:108D900003237FE00A4B1B6803F00073002BF0D124
:108DA000074B9B6A064A23F4E02323F003039362F4
:108DB0006FE07B681B6A012B0AD101236AE000BFC8
:108DC000000C02460048E8010024F40000127A007A
:108DD000324B9B6ABB62314B5B6B7B61BB6A03F0BE
:108DE00003027B685B6A9A422BD1BB6A1B0A03F0C1
:108DF00007027B689B6A013B9A4222D17B69C3F3DD
:108E000008027B68DB6A013B9A421AD17B695B0AE4
:108E100003F07F027B681B6B013B9A4211D17B6997
:108E20001B0C03F07F027B685B6B013B9A4208D10D
:108E30007B691B0E03F07F027B689B6B013B9A42B0
:108E400001D0012326E0154B9B6BDB08C3F30C0319
:108E5000BB627B68DB6BBA6A9A421AD00F4B9B6A83
:108E60000E4A23F010039362FBF7FEFBF86100BF8C
:108E7000FBF7FAFB0246FB699342F9D07B68DB6B98
:108E8000064ADB009363054B9B6A044A43F01003D8
:108E90009362002318463037BD4680BD000C024661
:108EA00080B586B000AF786039607B68002B01D157
:108EB000012315E18C4B1B6803F00F033A689A42BB
:108EC00010D9894B1B6823F00F0287493B68134375
:108ED0000B60854B1B6803F00F033A689A4201D080
:108EE0000123FDE07B681B6803F02003002B0DD0FD
:108EF0007E4BD3F8003223F017027B6899697B68B8
:108F0000DB690B4379491343C1F800327B681B6866
:108F100003F00103002B6FD0744B1B687B617B68EF
:108F20005B68032B18D17B6903F00073002B01D120
:108F30000123D5E06D4BDB6903F00C027B685B68B5
:108F40009B009A421AD0694B9B6A23F44013674AEC
:108F500043F48013936211E07B685B68022B06D1B7
:108F60007B6903F40033002B08D10123B8E07B694F
:108F700003F48063002B01D10123B1E05B4BDB697B
:108F800023F003027B685B6858491343CB61FBF70E
:108F90006BFBF8600AE0FBF767FB0246FB68D31A3D
:108FA00041F28832934201D9032399E04F4BDB69A8
:108FB00003F00C027B685B689B009A42EBD17B68F4
:108FC0005B68032B18D1494B9B6A484A23F48013F2
:108FD0009362FBF749FBF86008E0FBF745FB0246AC
:108FE000FB68D31A0A2B01D9032379E03F4B9B6A14
:108FF00003F48003002BF0D03C4B1B6A7B61002301
:109000003B617B681B6803F00203002B0AD07B697D
:1090100023F007037B617B689B687A6913437B615C
:1090200001233B617B681B6803F00403002B0AD01B
:109030007B6923F070037B617B68DB687A6913438B
:109040007B6101233B617B681B6803F00803002BF5
:109050000BD07B6923F4E0637B617B681B691B0198
:109060007A6913437B6101233B613B69002B02D08A
:109070001E4A7B6913627B681B6803F01003002B98
:1090800003D01A4A7B685B695362174B1B6803F075
:109090000F033A689A4210D2134B1B6823F00F0259
:1090A00011493B6813430B600F4B1B6803F00F0320
:1090B0003A689A4201D0012312E000F01FF80246FC
:1090C0000A4B1B6A03F007030949CB5C22FA03F33E
:1090D000084A1360084B1B681846FBF733FA03462F
:1090E00018461837BD4680BD00200240000C0246DD
:1090F000F8E50308980000209C00002080B582B0AD
:1091000000AF104BDB6903F00C037B607B68002B26
:1091100002D10D4B7B600FE07B68082B09D1094B16
:109120001B681B0D03F00103084A22FA03F37B605E
:1091300002E000F063F878607B6818460837BD46A7
:1091400080BD00BF000C02460024F4000048E80186
:1091500080B500AFFFF7D2FF0246074B1B6A03F052
:1091600007030649CB5C22FA03F3054A1360044B5C
:109170001B68184680BD00BF000C0246F8E50308D6
:109180009800002080B500AFFFF7E2FF0246054BD4
:109190001B6A1B0903F007030349CB5C22FA03F3A4
:1091A000184680BD000C024600E6030880B500AFFB
:1091B000FFF7CEFF0246054B1B6A1B0A03F00703AD
:1091C0000349CB5C22FA03F3184680BD000C02462B
:1091D00000E6030880B500AFFFF7BAFF0246054B73
:1091E0005B6A1B0903F007030349CB5C22FA03F314
:1091F000184680BD000C024600E6030880B582B028
:1092000000AF0B4B5B6B1B0E03F07F0301337B60E6
:1092100000F010F8F0EE407AFCEEE77A17EE902AB4
:109220007B68B2FBF3F318460837BD4680BD00BF2C
:10923000000C024680B487B000AF364B5B6BFB601E
:10924000FB68C3F3080301337B617B6907EE903A47
:10925000F8EE677AC7ED027A2E4B9B6AFB60FB68DB
:109260001B0A03F0070301337B617B6907EE903A29
:10927000F8EE677AC7ED017AFB6803F01003002B64
:1092800006D0244B9B6BDB08C3F30C037B6101E02E
:1092900000237B617B6907EE903AF8EE677AC7EDB1
:1092A000007AFB6803F00303022B02D0032B03D0E8
:1092B00013E0194B3B6114E0164B1B681B0D03F0C8
:1092C0000103164A22FA03F37B617B6907EE903AA9
:1092D000F8EE677AC7ED047A03E04FF000033B61D4
:1092E00000BFD7ED046AD7ED017A86EEA77AD7EDF5
:1092F000007A9FED0B6AC7EE866AD7ED027A76EEAA
:10930000A77A67EE277AB0EE670A1C37BD465DF88C
:10931000047B7047000C02460024744B0048E801AF
:109320000000004680B588B000AF78607B681B689D
:1093300003F00103002B0AD0674BD3F8E03023F091
:1093400003027B685B6864491343C1F8E0307B68C3
:109350001B6803F00203002B0AD05F4BD3F8E03008
:1093600023F00C027B689B685B491343C1F8E03033
:109370007B681B6803F00403002B0AD0564BD3F81C
:10938000E03023F440627B68DB6853491343C1F843
:10939000E0307B681B6803F00803002B0AD04E4BBB
:1093A000D3F8E03023F440227B681B694A49134319
:1093B000C1F8E0307B681B6803F01003002B0AD073
:1093C000454BD3F8E03023F440127B685B69424997
:1093D0001343C1F8E0307B681B6803F02003002BC7
:1093E0000AD03D4BD3F8E03023F440027B689B6900
:1093F00039491343C1F8E0307B681B6803F0400330
:10940000002B0AD0344BD3F8E03023F000427B68C5
:10941000DB6931491343C1F8E0307B681B6803F016
:109420008003002B1FD02C4BD3F8E43023F0E00254
:109430007B681B6A28491343C1F8E4307B681B6AC8
:10944000002B06D1244B9B6A234A43F4803393625A
:1094500009E07B681B6A202B05D11F4B9B6A1E4AC3
:1094600043F4003393627B681B6803F48073002B22
:1094700015D0194BD3F8E43023F440527B685B6A73
:1094800015491343C1F8E4307B685B6AB3F5405F6C
:1094900005D1114B9B6A104A43F4003393627B68F9
:1094A0001B6803F40013002B23D00B4BD3F8E430DC
:1094B00023F080427B689B6A07491343C1F8E4307C
:1094C0007B689B6A002B09D1034B9B6A024A43F4D9
:1094D000803393620DE000BF000C02467B689B6AFC
:1094E000B3F1804F05D1924B9B6A914A43F400330C
:1094F00093627B681B6803F40073002B0AD08C4BCB
:10950000D3F8E83023F003027B68DB6A8849134311
:10951000C1F8E8307B681B6803F48063002B0AD035
:10952000834BD3F8E83023F018027B681B6B80492B
:109530001343C1F8E8307B681B6803F40063002B19
:109540000AD07B4BD3F8E83023F0C0027B685B6B1A
:1095500077491343C1F8E8307B681B6803F48053F4
:10956000002B0AD0724BD3F8E83023F440627B68BA
:109570009B6B6F491343C1F8E8307B681B6803F4A9
:109580000053002B15D06A4BD3F8E83023F4E042A7
:109590007B68DB6B66491343C1F8E8307B68DB6BA3
:1095A000B3F5005F05D1624B9B6A614A43F4803397
:1095B00093627B681B6803F48043002B00F0968065
:1095C0000023FB775A4BD3F8F03003F44073BB61B0
:1095D0007B681B6CBA699A4200F08880544BD3F8C0
:1095E000943003F00403002B10D1514BD3F8943086
:1095F0004F4A43F00403C2F894304D4BD3F89430F3
:1096000003F00403FB60FB680123FB77494B9B6A73
:10961000484A43F001039362FBF726F8786108E0BB
:10962000FBF722F802467B69D31A022B01D90323E8
:1096300079E0404B9B6A03F00103002BF0D03C4BD8
:10964000D3F8F03023F440733B61BB69002B17D093
:10965000374BD3F8F830BB61354BD3F8F030344A90
:1096600043F48033C2F8F030314BD3F8F030304A55
:1096700023F48033C2F8F0302D4ABB69C2F8F830C9
:109680007B681A6C2A493B691343C1F8F0302A4BB6
:10969000BB61BB6943F00053BB61BA693B691340CE
:1096A000BB61BB69002B16D0FAF7DEFF78610AE0D8
:1096B000FAF7DAFF02467B69D31A41F28832934205
:1096C00001D903232FE01A4BD3F8F020BB695B00CC
:1096D0001340002BECD0FB7F012B07D1144BD3F8A8
:1096E0009430134A23F00403C2F894307B681B685B
:1096F00003F40043002B15D00D4BD3F8F03023F4C6
:1097000040227B685B6C0A491343C1F8F030084B78
:10971000D3F8F03003F440227B685B6C9A4201D0AE
:10972000012300E0002318462037BD4680BD00BF5E
:10973000000C0246000802460100000480B483B019
:1097400000AF7860084BD3F8103223F47C127B68AA
:109750001B0405491343C1F8103200BF0C37BD4646
:109760005DF8047B704700BF000C024680B400AF78
:10977000064BD3F80832054A43F00203C2F8083218
:1097800000BFBD465DF8047B704700BF000C024679
:1097900080B400AF064BD3F80832054A23F0020329
:1097A000C2F8083200BFBD465DF8047B704700BFB9
:1097B000000C024680B584B000AF78600123FB73D3
:1097C0007B68002B71D07B6893F82D30DBB2002BC7
:1097D00006D17B68002283F82C207868FAF76CF8B1
:1097E0007B68022283F82D20324BDB6803F01003E4
:1097F000102B51D02F4BCA225A622E4B53225A6241
:10980000786800F0F5F90346FB73FB7B002B3FD132
:10981000284B9B69274A23F08E6323F04003936112
:10982000244B9A697B6859687B681B6919437B687C
:109830009B690B431F4913438B617B68DA687B6824
:109840009B681B041B4913430B611A4BDB6823F411
:10985000F8527B68596A7B689B6A0B43154913432E
:10986000CB60786800F000FA0346FB73FB7B002BAB
:109870000ED1104B9B6923F060427B68196A7B68AC
:10988000DB6919437B685B690B430A4913438B61AE
:10989000084BFF225A6201E00023FB73FB7B002B85
:1098A00003D17B68012283F82D20FB7B18461037FB
:1098B000BD4680BD0078004690B587B000AFF86027
:1098C000B9607A6000237B61FB6893F82C30012B30
:1098D00001D10223EAE0FB68012283F82C20FB6817
:1098E000022283F82D20734BDB6803F440733B6145
:1098F0003B69B3F5807F5CD07B68002B36D16D4B24
:109900009B6903F04003002B02D1BB680022DA7090
:10991000BB681B78184600F0E5F903461C04BB68D9
:109920005B78184600F0DEF903461B021C43BB6857
:109930009B78184600F0D6F9034644EA0302BB6858
:10994000DB789B0542EA0304BB6893F82430184691
:1099500000F0C8F903461B0644EA0302BB681B6A11
:109960001A43BB685B6913437B6122E0514B9B69DF
:1099700003F04003002B02D1BB680022DA70BB6801
:109980001B781A04BB685B781B021343BA68927891
:109990001A43BB68DB789B051A43BB6893F82430F5
:1099A0001B061A43BB681B6A1A43BB685B691343F7
:1099B0007B61BB68DB6AB3F5807F37D13D4B9B6928
:1099C0003C4A23F4885393613A4B0122DA653B69A0
:1099D000B3F5807F07D1BB689A69BB68DB693549FD
:1099E00013434B6406E0334A7B691364314ABB6816
:1099F0009B6953642F4ABB685B681367BB689B6AAB
:109A0000012B06D12B4B9B692A4A43F000639361DB
:109A100005E0284B9B69274A23F000639361254B9F
:109A20009B69244A43F48853936136E0214B9B6938
:109A3000204A23F4085393611E4B0222DA653B69E6
:109A4000B3F5807F07D1BB689A69BB68DB691949A8
:109A50001343CB6406E0174A7B699364154ABB68DD
:109A60009B69D364134ABB685B685367BB689B6A96
:109A7000012B06D10F4B9B690E4A43F08053936133
:109A800005E00C4B9B690B4A23F080539361094B13
:109A90009B69084A43F408539361FB68012283F8E9
:109AA0002D20FB68002283F82C20002318461C3749
:109AB000BD4690BD0078004680B483B000AF7860AA
:109AC00039607B6893F82C30012B01D102232DE003
:109AD0007B68012283F82C207B68022283F82D20EA
:109AE0003B68B3F5807F0CD1134B9B69124A23F47A
:109AF00088539361104B5B6C0F4A23F0004353640F
:109B00000BE00D4B9B690C4A23F4085393610A4BFD
:109B1000DB6C094A23F00043D3647B68012283F89D
:109B20002D207B68002283F82C20002318460C3758
:109B3000BD465DF8047B70470078004680B584B070
:109B400000AF7860104B5B6DFB60FB6803F00103B6
:109B5000002B05D00C4B0122DA6578680AF010FD65
:109B6000FB6803F00203002B05D0074B0222DA65E5
:109B7000786800F045F97B68012283F82D2000BF4A
:109B80001037BD4680BD00BF0078004680B584B068
:109B900000AF7860154BDB68144A23F02003D360D4
:109BA000FAF762FDF86013E0FAF75EFD0246FB6823
:109BB000D31AB3F57A7F0BD90C4BDB6803F0200383
:109BC000002B0CD17B68032283F82D20032308E0AF
:109BD000064BDB6803F02003002BE5D000E000BF5C
:109BE000002318461037BD4680BD00BF00780046F0
:109BF00080B584B000AF78600023FB73194BDB683D
:109C000003F04003002B28D1164BDB68154A43F0C4
:109C10008003D360FAF728FDB86013E0FAF724FD5B
:109C20000246BB68D31AB3F57A7F0BD90D4BDB68BC
:109C300003F04003002B0FD10323FB737B68032247
:109C400083F82D20074BDB6803F04003002B04D181
:109C5000FB7B032BE2D100E000BFFB7B18461037F3
:109C6000BD4680BD0078004680B584B000AF786006
:109C70000023FB731A4BDB68194A23F08003D3607F
:109C8000174B9B6903F02003002B0CD17868FFF77A
:109C90007DFF0346002B1ED07B68032283F82D2016
:109CA0000323FB7317E00E4B9B690D4A23F020033F
:109CB00093617868FFF76AFF0346002B05D07B6845
:109CC000032283F82D200323FB73054B9B69044A71
:109CD00043F020039361FB7B18461037BD4680BDDF
:109CE0000078004680B485B000AF0346FB710023C6
:109CF000FB60FB79FB7205E0FB680133FB60FB7ADC
:109D00000A3BFB72FB7A092BF6D8FB68DBB21B011E
:109D1000DAB2FB7A1343DBB218461437BD465DF85E
:109D2000047B704780B483B000AF78607B6893F8A1
:109D30002C30012B01D1022316E07B68012283F82D
:109D40002C207B68022283F82D200A4B9B69094A4C
:109D500043F0200393617B68012283F82D207B6808
:109D6000002283F82C20002318460C37BD465DF8EE
:109D7000047B70470078004680B483B000AF786001
:109D80007B6893F82C30012B01D1022316E07B680D
:109D9000012283F82C207B68022283F82D200A4BB5
:109DA0009B69094A43F0800393617B68012283F831
:109DB0002D207B68002283F82C20002318460C37C6
:109DC000BD465DF8047B70470078004680B582B0E0
:109DD00000AF7860094B5B6D03F04003002B05D0AA
:109DE000064B4022DA6578680AF0D4FB7B680122D2
:109DF00083F82D2000BF0837BD4680BD007800469F
:109E000080B483B000AF786000BF0C37BD465DF80A
:109E1000047B704780B487B000AFF860B9607A60A7
:109E2000074B7B61BB689B007A6913447B617B694C
:109E30007A681A6000BF1C37BD465DF8047B704726
:109E4000007D004680B485B000AF78603960074B74
:109E5000FB603B689B00FA681344FB60FB681B686F
:109E600018461437BD465DF8047B7047007D0046F8
:109E700080B483B000AF786039603B681A683B6893
:109E80005B6810491343CB613B689A683B68DB68A9
:109E90001A433B689B690C4913434B620A4B1B6A8C
:109EA00003F0FF223B6819693B685B691B040B43A5
:109EB000054913430B62002318460C37BD465DF875
:109EC000047B704700780046007C004680B584B073
:109ED00000AF78607B68002B01D10123D7E07B685D
:109EE00000229A627B681B686B4A934205D17B68AB
:109EF000DB680F2B01D90123C9E0786801F006FC6B
:109F0000F8607B681B68644A934202D1FB68082BA7
:109F100007D87B681B68614A934204D1FB68102B09
:109F200001D90123B3E07B6893F88930DBB2002BC1
:109F300006D17B68002283F888207868F9F7FCFC5A
:109F40007B68022283F889207B681B681A687B681B
:109F50001B6822F001021A607B681B689B6803F48F
:109F6000F813BB607B689B69B3F1806F19D17B6884
:109F70005B68B3F5800F03D17B689B6B002B08D027
:109F80007B685B68002B0CD17B689B6BB3F1805FB7
:109F900007D17B681B681A687B681B6842F4805293
:109FA0001A607B685B6803F48003002B0FD07B682A
:109FB000DB68062B0BD97B681B681B6823F4807158
:109FC0007B681A6D7B681B680A431A6007E07B6830
:109FD0001B681A687B681B6822F480721A607B68B1
:109FE000DA697B689B6A1A43BB681A437B68DB6B40
:109FF00042EA03017B68DA687B681B680A439A605F
:10A000007B685A6B7B685B6A1A437B689B6B1A435D
:10A010007B689B691A437B681B691A437B685B6991
:10A020001A437B681B6A1A437B685B681A437B6828
:10A03000DB6C1A437B689B681A437B689B6C1A43F2
:10A040007B689B6D1A437B68DB6D42EA03017B688A
:10A050001A6E7B681B680A43DA607B685B6803F4EE
:10A060008003002B0AD07B681B68DB6823F000416B
:10A070007B685A6D7B681B680A43DA607B68002244
:10A08000C3F88C207B68012283F8892000231846BE
:10A090001037BD4680BD00BF0020004600300140A3
:10A0A00080B588B002AFF860B9603B601346FB80B2
:10A0B000FB681B6820337B61FAF7D6FA3861FB68CE
:10A0C00093F88930DBB2012B01D00223DDE1BB68BC
:10A0D000002B02D0FB88002B01D10123D5E1FB68C6
:10A0E00093F88830012B01D10223CEE1FB680122D5
:10A0F00083F88820FB68032283F88920FB6800220C
:10A10000C3F88C20FB68BA685A66FB68FA88A3F823
:10A110006820FB68FA88A3F86A20FB680022DA66E8
:10A12000FB680022A3F87020FB680022A3F87220CD
:10A13000FB680022DA67FB6800229A67FB689B686D
:10A14000B3F5C02F08D1FB681B681A68FB681B6851
:10A1500042F400621A6009E0FB681B68DB6823F4C4
:10A16000C022FB681B6842F40032DA60FB681B689F
:10A170005B681B0C1B04F988FA6812680B43536078
:10A18000FB681B681A68FB681B6842F001021A60D2
:10A19000FB681B68DB6903F40013002B0CD1FB6820
:10A1A0005B68B3F5800F07D1FB681B681A68FB6812
:10A1B0001B6842F400721A60FB68DB680F2B4CD9F5
:10A1C000FB681B68994A934247D13FE0FB681B68D4
:10A1D0005B6903F00203022B14D1FB685A6EFB6823
:10A1E0001B6812681A62FB685B6E1A1DFB685A6670
:10A1F000FB68B3F86A309BB2013B9AB2FB68A3F8E4
:10A200006A2023E0FAF730FA02463B69D31A3A682B
:10A210009A4203D83B68B3F1FF3F02D13B68002B61
:10A2200014D1F86801F0A4F9FB68D3F88C3043F43A
:10A230008072FB68C3F88C20FB68012283F88920B8
:10A24000FB68002283F8882003231EE1FB68B3F833
:10A250006A309BB2002BB9D1F1E0FB68DB68072BB9
:10A2600040F2E6805DE0FB681B685B6903F0020377
:10A27000022B32D1FB68B3F86A309BB2012B18D99C
:10A28000FB68DB6B002B14D0FB685A6EFB681B6805
:10A2900012681A62FB685B6E1A1DFB685A66FB68DF
:10A2A000B3F86A309BB2023B9AB2FB68A3F86A200B
:10A2B00037E0FB685B6E1A887B691A80FB685B6E0F
:10A2C0009A1CFB685A66FB68B3F86A309BB2013B84
:10A2D0009AB2FB68A3F86A2023E0FAF7C5F90246B0
:10A2E0003B69D31A3A689A4203D83B68B3F1FF3FFF
:10A2F00002D13B68002B14D1F86801F039F9FB68F2
:10A30000D3F88C3043F48072FB68C3F88C20FB6870
:10A31000012283F88920FB68002283F88820032328
:10A32000B3E0FB68B3F86A309BB2002B9BD186E0A8
:10A33000FB681B685B6903F00203022B52D1FB68C8
:10A34000B3F86A309BB2032B18D9FB68DB6B402B48
:10A3500014D9FB685A6EFB681B6812681A62FB68A6
:10A360005B6E1A1DFB685A66FB68B3F86A309BB2D5
:10A37000043B9AB2FB68A3F86A2059E0FB68B3F883
:10A380006A309BB2012B17D9FB68DB6B002B13D013
:10A39000FB685B6E1A887B691A80FB685B6E9A1C8F
:10A3A000FB685A66FB68B3F86A309BB2023B9AB20C
:10A3B000FB68A3F86A203BE0FB685A6EFB681B68E9
:10A3C000203312781A70FB685B6E5A1CFB685A6661
:10A3D000FB68B3F86A309BB2013B9AB2FB68A3F802
:10A3E0006A2025E0FAF740F902463B69D31A3A6839
:10A3F0009A4203D83B68B3F1FF3F02D13B68002B80
:10A4000016D1F86801F0B4F8FB68D3F88C3043F447
:10A410008072FB68C3F88C20FB68012283F88920D6
:10A42000FB68002283F8882003232EE000300140DF
:10A43000FB68B3F86A309BB2002B7FF479AF3B69BD
:10A4400000933B6800220821F86801F031F90346C7
:10A45000002B07D0FB68D3F88C3043F02002FB6858
:10A46000C3F88C20F86801F083F8FB68012283F8B8
:10A470008920FB68002283F88820FB68D3F88C30A1
:10A48000002B01D0012300E0002318461837BD46F9
:10A4900080BD00BF80B58CB002AFF860B9607A6053
:10A4A0007B80FB681B682033FB61FB681B683033D3
:10A4B000BB61FAF7D9F878617B887B847B883B8421
:10A4C000FB6893F88930DBB2012B01D0022311E243
:10A4D000BB68002B05D07B68002B02D07B88002B4B
:10A4E00001D1012306E2FB6893F88830012B01D1EA
:10A4F0000223FFE1FB68012283F88820FB68052224
:10A5000083F88920FB680022C3F88C20FB687A68F6
:10A51000DA66FB687A88A3F87220FB687A88A3F869
:10A520007020FB68BA685A66FB687A88A3F86A20CC
:10A53000FB687A88A3F86820FB6800229A67FB68AA
:10A540000022DA67FB681B68DA68FB681B6822F484
:10A55000C022DA60FB681B68964A934202D110233E
:10A560007B6201E008237B62FB681B685B681B0C55
:10A570001B047988FA6812680B435360FB681B68F8
:10A580001A68FB681B6842F001021A60FB681B68CE
:10A59000DB6903F40013002B0CD1FB685B68B3F597
:10A5A000800F07D1FB681B681A68FB681B6842F4C0
:10A5B00000721A60FB68DB680F2B7ED9FB681B6892
:10A5C0007C4A934279D17B6A9B087B626EE0FB6890
:10A5D0001B685B6903F00203022B20D17B8C002BEC
:10A5E0001DD03A8C798C7B6A0B449A4217D2FB6857
:10A5F0005A6EFB681B6812681A62FB685B6E1A1D54
:10A60000FB685A66FB68B3F86A309BB2013B9AB2AA
:10A61000FB68A3F86A20FB68B3F86A307B84FB68A8
:10A620001B685A6948F208031340002B1AD03B8C70
:10A63000002B17D0FB681A68FB68DB6E126B1A6080
:10A64000FB68DB6E1A1DFB68DA66FB68B3F87230D4
:10A650009BB2013B9AB2FB68A3F87220FB68B3F887
:10A6600072303B84FAF700F802467B69D31A3A6BE2
:10A670009A4203D83B6BB3F1FF3F02D13B6B002BF7
:10A6800014D1F86800F074FFFB68D3F88C3043F401
:10A690008072FB68C3F88C20FB68012283F8892054
:10A6A000FB68002283F88820032323E17B8C002BA6
:10A6B0008DD13B8C002B8AD1F6E0FB68DB68072B41
:10A6C00040F2EC807B6A5B087B626CE0FB681B6895
:10A6D0005B6903F00203022B1FD17B8C002B1CD083
:10A6E0003A8C798C7B6A0B449A4216D2FB685B6E7B
:10A6F0001A88FB691A80FB685B6E9A1CFB685A66B5
:10A70000FB68B3F86A309BB2013B9AB2FB68A3F8CE
:10A710006A20FB68B3F86A307B84FB681B685B695E
:10A7200003F00103012B1AD13B8C002B17D0FB68DF
:10A73000DB6EBA69128892B21A80FB68DB6E9A1CD3
:10A74000FB68DA66FB68B3F872309BB2013B9AB2E1
:10A75000FB68A3F87220FB68B3F872303B84F9F70A
:10A7600083FF02467B69D31A3A6B9A4203D83B6B4C
:10A77000B3F1FF3F02D13B6B002B14D1F86800F01E
:10A78000F7FEFB68D3F88C3043F48072FB68C3F8A3
:10A790008C20FB68012283F88920FB68002283F863
:10A7A00088200323A6E07B8C002B8FD13B8C002BD1
:10A7B0008CD179E000300140FB681B685B6903F0D5
:10A7C0000203022B21D17B8C002B1ED03A8C798C7A
:10A7D0007B6A0B449A4218D2FB685A6EFB681B686E
:10A7E000203312781A70FB685B6E5A1CFB685A663D
:10A7F000FB68B3F86A309BB2013B9AB2FB68A3F8DE
:10A800006A20FB68B3F86A307B84FB681B685B696D
:10A8100003F00103012B1DD13B8C002B1AD0FB68E8
:10A820001B6803F13002FB68DB6E1278D2B21A703B
:10A83000FB68DB6E5A1CFB68DA66FB68B3F87230A3
:10A840009BB2013B9AB2FB68A3F87220FB68B3F895
:10A8500072303B84F9F708FF02467B69D31A3A6BE2
:10A860009A4203D83B6BB3F1FF3F02D13B6B002B05
:10A8700014D1F86800F07CFEFB68D3F88C3043F408
:10A880008072FB68C3F88C20FB68012283F8892062
:10A89000FB68002283F8882003232BE07B8C002BAD
:10A8A0008AD13B8C002B87D17B6900933B6B0022C4
:10A8B0000821F86800F0FCFE0346002B07D0FB6877
:10A8C000D3F88C3043F02002FB68C3F88C20F86882
:10A8D00000F04EFEFB68012283F88920FB6800220D
:10A8E00083F88820FB68D3F88C30002B01D001233B
:10A8F00000E0002318462837BD4680BD80B586B0ED
:10A9000000AFF860B9607A607B80FB6893F88930AB
:10A91000DBB2012B01D0022351E2BB68002B05D032
:10A920007B68002B02D07B88002B01D1012346E2FB
:10A93000FB6893F88830012B01D102233FE2FB68CA
:10A94000012283F88820FB68052283F88920FB68B0
:10A950000022C3F88C20FB68BA685A66FB687A88C4
:10A96000A3F86820FB687A88A3F86A20FB687A68F5
:10A97000DA66FB687A88A3F87020FB687A88A3F807
:10A980007220FB6800229A67FB680022DA67FB6886
:10A990001B68DA68FB681B6822F4C022DA60FB6877
:10A9A0001B689A68FB681B6822F440429A60FB6847
:10A9B000DB680F2B0BD9FB68D3F88430DB69B3F568
:10A9C000003F04D0FB681B689C4A934209D0FB6897
:10A9D000DB68072B0BD9FB68D3F88430DB69002BCD
:10A9E00005D1FB68002283F888200123E7E1FB689A
:10A9F000DB68072B42D8FB68D3F880309B69012BBA
:10AA000009D1FB68B3F86A309BB201335B109AB28C
:10AA1000FB68A3F86A20FB68D3F880309B69022B9F
:10AA200009D1FB68B3F86A309BB203339B109AB22A
:10AA3000FB68A3F86A20FB68D3F88430DB69B3F5C0
:10AA4000803F09D1FB68B3F872309BB201335B10D1
:10AA50009AB2FB68A3F87220FB68D3F88430DB69F4
:10AA6000B3F5003F2FD1FB68B3F872309BB20333CC
:10AA70009B109AB2FB68A3F8722024E0FB68DB68A5
:10AA80000F2B20D8FB68D3F880309B69022B09D1AB
:10AA9000FB68B3F86A309BB201335B109AB2FB6873
:10AAA000A3F86A20FB68D3F88430DB69B3F5003F74
:10AAB00009D1FB68B3F872309BB201335B109AB2D4
:10AAC000FB68A3F87220FB68D3F884305C4A5A66AE
:10AAD000FB68D3F884305B4A1A66FB68D3F884308D
:10AAE000594A9A66FB68D3F884300022DA66FB681C
:10AAF000DB68072B04D8FB687A88A3F8722010E083
:10AB0000FB68DB680F2B06D87B885B009AB2FB687A
:10AB1000A3F8722005E07B889B009AB2FB68A3F83B
:10AB20007220FB68D3F884301B6D03F08003002B88
:10AB30002DD0FB68D3F884305B6F002B24D0FB68EA
:10AB4000B3F872309AB2FB68D3F884305B6F1B683D
:10AB50009A60FB681B6803F13002FB68D3F884300D
:10AB60005B6F1B68DA60FB68DA6EFB68D3F88430D1
:10AB70005B6F1B681A61FB68D3F884301846FCF7DA
:10AB800037FB0346FB7514E00123FB7511E0FB68FE
:10AB9000D3F88400FB681B6830331946FB68DB6E12
:10ABA0001A46FB68B3F872309BB2FBF772FF03469C
:10ABB000FB75FB7D002B11D0FB68D3F88C3043F084
:10ABC0001002FB68C3F88C20FB68012283F88920FF
:10ABD000FB68002283F888200123F0E0FB681B68F3
:10ABE0009A68FB681B6842F480429A60FB68D3F85D
:10ABF000803000225A66FB68D3F8803000221A6643
:10AC0000FB68D3F880300022DA66FB68D3F8803026
:10AC10000D4A9A66FB68DB68072B04D8FB687A88C4
:10AC2000A3F86A2018E0FB68DB680F2B0ED87B883E
:10AC30005B009AB2FB68A3F86A200DE00030014087
:10AC400013B40008C1B300082FB400087B889B0030
:10AC50009AB2FB68A3F86A20FB68D3F880301B6DBA
:10AC600003F08003002B2DD0FB68D3F880305B6F9E
:10AC7000002B24D0FB68B3F86A309AB2FB68D3F893
:10AC800080305B6F1B689A60FB685A6EFB68D3F874
:10AC900080305B6F1B68DA60FB681B6803F1200281
:10ACA000FB68D3F880305B6F1B681A61FB68D3F8D0
:10ACB00080301846FCF79CFA0346FB7514E001232C
:10ACC000FB7511E0FB68D3F88000FB685B6E1946EA
:10ACD000FB681B6820331A46FB68B3F86A309BB2E6
:10ACE000FBF7D7FE0346FB75FB7D002B17D0FB68F7
:10ACF000D3F884301846FBF72CFFFB68D3F88C3070
:10AD000043F01002FB68C3F88C20FB68012283F833
:10AD10008920FB68002283F8882001234FE0FB682C
:10AD2000D3F884301B6D812B0ED1FB68D3F88030B3
:10AD30001B6D812B08D1FB681B685B68FA68126881
:10AD40001B0C1B04536009E0FB681B685B681B0C51
:10AD50001B047988FA6812680B435360FB681B6810
:10AD60009A68FB681B6842F400429A60FB681B68A3
:10AD70001A69FB681B6842F458721A61FB681B6809
:10AD80001A68FB681B6842F001021A60FB681B68C6
:10AD9000DB6903F40013002B0CD1FB685B68B3F58F
:10ADA000800F07D1FB681B681A68FB681B6842F4B8
:10ADB00000721A60FB68002283F88820002318467E
:10ADC0001837BD4680BD00BF80B584B000AF786045
:10ADD0007B6893F88830012B01D10223E1E07B6886
:10ADE000012283F888207B68072283F889200023CA
:10ADF000FB736E4B1B686E4AA2FB03235B0A642243
:10AE000002FB03F3BB607B681B681B6803F40073E1
:10AE1000B3F5007F5BD17B681B681A697B681B6890
:10AE200022F008021A61BB68013BBB60BB68002BC3
:10AE300008D17B68D3F88C3043F040027B68C3F8BC
:10AE40008C2006E07B681B681B6903F00803082B55
:10AE5000E9D07B681B681A687B681B6842F48062D3
:10AE60001A60BB68013BBB60BB68002B08D17B68E4
:10AE7000D3F88C3043F040027B68C3F88C2007E0A5
:10AE80007B681B681B6803F40073B3F5007FE8D090
:10AE90007B681B689A697B681B6842F400629A6150
:10AEA000BB68013BBB60BB68002B08D17B68D3F853
:10AEB0008C3043F040027B68C3F88C2007E07B684D
:10AEC0001B685B6903F40063B3F5006FE8D07B682F
:10AED0001B689B6803F40043B3F5004F1FD17B68E8
:10AEE000D3F88030002B1AD07B68D3F88030002252
:10AEF000DA667B68D3F880301846FBF72AFE0346F3
:10AF0000002B0CD07B68D3F880301846FCF727F86C
:10AF10000346102B03D17B684022C3F88C207B684A
:10AF20001B689B6803F48043B3F5804F1FD17B6897
:10AF3000D3F88430002B1AD07B68D3F884300022F9
:10AF4000DA667B68D3F884301846FBF702FE0346C6
:10AF5000002B0CD07B68D3F884301846FBF7FFFF3A
:10AF60000346102B03D17B684022C3F88C207868FD
:10AF700000F09AFA7B68D3F88C3003F04003402B42
:10AF800002D10123FB7303E07B680022C3F88C200D
:10AF90007B68012283F889207B68002283F888205F
:10AFA000FB7B18461037BD4680BD00BF98000020CF
:10AFB000F119760580B58AB000AF78607B681B68B0
:10AFC0001B693B627B681B685B69FB613A6AFB69D2
:10AFD0001340BB617B681B689B687B6100237B62BD
:10AFE0007B6893F88930FB747B681B683033FB60A7
:10AFF000FB6903F40063002B10D03B6A03F00803E5
:10B00000002B0BD07B681B689A697B681B6842F435
:10B0100000629A61786800F0C9F99AE1BB6903F0AF
:10B020004003002B13D1BB6903F02003002B0ED18A
:10B03000BB6903F00403002B09D07B68DB6F7868E1
:10B0400098477B689B6F7868984701237B62BB6950
:10B0500003F04003002B0FD1BB6903F00103002B69
:10B060000AD0BB6903F00403002B05D17B689B6FFA
:10B070007868984701237B62BB6903F02003002BAB
:10B080000FD1BB6903F00203002B0AD0BB6903F0A8
:10B090000403002B05D17B68DB6F78689847012398
:10B0A0007B627B6A002B40F04F81BB6903F0080391
:10B0B000002B00F08B807B681B689A697B681B689B
:10B0C00042F008029A617B681B689A697B681B687A
:10B0D00042F010029A617B681B689A697B681B6862
:10B0E00042F400629A617B681B681A697B681B687E
:10B0F00022F008021A617B681B689B6803F44043D6
:10B10000002B3DD136E07B68DB680F2B0BD97B68C9
:10B110001A687B68DB6E126B1A607B68DB6E1A1D27
:10B120007B68DA661DE07B68DB68072B0BD97B68E0
:10B13000DB6EFA68128892B21A807B68DB6E9A1C0A
:10B140007B68DA660DE07B681B6803F130027B6880
:10B15000DB6E1278D2B21A707B68DB6E5A1C7B6889
:10B16000DA667B68B3F872309BB2013B9AB27B68B7
:10B17000A3F872207B68B3F872309BB2002BC2D167
:10B18000786800F0F5F97B68012283F889207B68F4
:10B19000D3F88C30002B03D0786800F0FDF8D8E0AD
:10B1A000FB7C052B03D17868F5F7CCFFCEE0FB7C68
:10B1B000042B03D1786800F0DBF8C7E0FB7C032B9D
:10B1C00040F0C480786800F0C9F8BFE0BB6903F4C0
:10B1D0005873002B00F0BD80BB6903F04003002BC7
:10B1E0000FD07B68D3F88C3043F004027B68C3F83F
:10B1F0008C207B681B689A697B681B6842F0400260
:10B200009A61BB6903F40073002B0FD07B68D3F8FD
:10B210008C3043F001027B68C3F88C207B681B688C
:10B220009A697B681B6842F400729A61BB6903F4F7
:10B230008073002B0FD07B68D3F88C3043F008026A
:10B240007B68C3F88C207B681B689A697B681B68E5
:10B2500042F480729A61BB6903F02003002B0FD087
:10B260007B68D3F88C3043F080027B68C3F88C2075
:10B270007B681B689A697B681B6842F020029A61B0
:10B280007B68D3F88C30002B62D07B681B681A680F
:10B290007B681B6822F001021A607B681B681B69CF
:10B2A0007A68126823F45A7323F0030313617B69ED
:10B2B00003F44043B3F5404F3ED17B681B689A6866
:10B2C0007B681B6822F440429A607B68D3F8843024
:10B2D000002B15D07B68D3F884301F4ADA667B6870
:10B2E000D3F884301846FBF7B0FC0346002B07D098
:10B2F0007B68D3F88C3043F040027B68C3F88C2025
:10B300007B68D3F88030002B22D07B68D3F8803064
:10B31000114ADA667B68D3F880301846FBF795FC53
:10B320000346002B14D07B68D3F88C3043F04002E6
:10B330007B68C3F88C200BE07B68012283F88920AE
:10B34000786800F029F803E000BF02E000BF00E0E9
:10B3500000BF2837BD4680BD75B4000880B483B0F7
:10B3600000AF786000BF0C37BD465DF8047B7047C6
:10B3700080B483B000AF786000BF0C37BD465DF885
:10B38000047B704780B483B000AF786000BF0C3797
:10B39000BD465DF8047B704780B483B000AF786031
:10B3A00000BF0C37BD465DF8047B704780B483B0A6
:10B3B00000AF786000BF0C37BD465DF8047B704776
:10B3C00080B584B000AF78607B68DB6DFB60FB68A4
:10B3D00093F88930DBB2072B17D0FB68D3F88430A1
:10B3E0001B6D812B09D1FB68D3F880301B6D812B3D
:10B3F00003D1F868F5F7A6FE07E0FB681B681A6939
:10B40000FB681B6842F008021A6100BF1037BD4696
:10B4100080BD80B584B000AF78607B68DB6DFB6079
:10B42000F868FFF7AFFF00BF1037BD4680BD80B59D
:10B4300084B000AF78607B68DB6DFB607868FBF7F9
:10B440008EFD0346002B11D0F86800F091F8FB68E0
:10B45000D3F88C3043F01002FB68C3F88C20FB68F3
:10B46000012283F88920F868FFF796FF00BF1037A4
:10B47000BD4680BD80B584B000AF78607B68DB6D71
:10B48000FB60FB680022A3F87220FB680022A3F88F
:10B490006A20FB68012283F88920F868FFF77CFFA7
:10B4A00000BF1037BD4680BD80B483B000AF786068
:10B4B0007B681B681A687B681B6822F001021A60AF
:10B4C0007B681B681B697A68126823F45B7323F03E
:10B4D000030313617B681B689A697B681B6842F0F1
:10B4E00008029A617B681B689A697B681B6842F056
:10B4F00010029A617B681B689A687B681B6822F45B
:10B5000040429A607B681B689A697B681B6842F0BE
:10B5100040029A617B681B689A697B681B6842F0ED
:10B5200020029A617B681B689A697B681B6842F4F9
:10B5300080729A617B681B689A697B681B6842F419
:10B5400000729A617B681B689A697B681B6842F489
:10B5500000629A617B680022A3F86A207B6800225F
:10B56000A3F8722000BF0C37BD465DF8047B70471E
:10B5700080B485B000AF78607B681B685B69FB6056
:10B580007B681B689A697B681B6842F008029A61B5
:10B590007B681B689A697B681B6842F010029A619D
:10B5A0007B681B681A687B681B6822F001021A60BE
:10B5B0007B681B681B697A68126823F45B7323F04D
:10B5C000030313617B681B689A687B681B6822F41D
:10B5D00040429A607B6893F88930DBB2042B14D028
:10B5E000FB6803F02003002B0FD07B68D3F88C306E
:10B5F00043F080027B68C3F88C207B681B689A69E3
:10B600007B681B6842F020029A617B6893F889305E
:10B61000DBB2032B14D0FB6803F04003002B0FD0E8
:10B620007B68D3F88C3043F004027B68C3F88C202D
:10B630007B681B689A697B681B6842F040029A61CC
:10B64000FB6803F40073002B0FD07B68D3F88C30B9
:10B6500043F001027B68C3F88C207B681B689A6901
:10B660007B681B6842F400729A61FB6803F4807384
:10B67000002B0FD07B68D3F88C3043F008027B6836
:10B68000C3F88C207B681B689A697B681B6842F44E
:10B6900080729A617B680022A3F86A207B6800228E
:10B6A000A3F8722000BF1437BD465DF8047B7047D5
:10B6B00080B584B000AFF860B9603B601346FB71A1
:10B6C00010E0F8F7D1FF0246BB69D31A3A689A42F4
:10B6D00003D83B68B3F1FF3F02D13B68002B01D197
:10B6E00003230FE0FB681B685A69BB681340BA6804
:10B6F0009A420CBF01230023DBB21A46FB799A421F
:10B70000DFD0002318461037BD4680BD80B485B019
:10B7100000AF78607B68DB6B5B090133FB607B68A3
:10B72000DB680133BB60BB680733DB08BB60BB6809
:10B73000FA6802FB03F318461437BD465DF8047B34
:10B74000704780B483B000AF786039607B6893F84D
:10B750008930DBB2012B2ED17B6893F88830012B26
:10B7600001D1022328E07B68012283F888207B68CE
:10B77000022283F889207B681B681A687B681B6833
:10B7800022F001021A603B681A683B685B6803F4A8
:10B79000702342EA03013B689A687B681B680A438E
:10B7A000DA617B68012283F889207B68002283F8B4
:10B7B0008820002300E0012318460C37BD465DF8C1
:10B7C000047B704780B485B000AF78607B6893F8E5
:10B7D0003D30DBB2012B01D001233BE07B6802222C
:10B7E00083F83D207B681B68DA687B681B6842F041
:10B7F0000102DA607B681B68194A934209D07B68B2
:10B800001B68B3F1804F04D07B681B68154A9342D4
:10B8100015D17B681B689A68134B1340FB60FB686B
:10B82000062B15D0FB68B3F5803F11D07B681B68F1
:10B830001A687B681B6842F001021A6008E07B68A6
:10B840001B681A687B681B6842F001021A6000E0FE
:10B8500000BF002318461437BD465DF8047B7047CF
:10B86000002C0140000400400700010080B483B0B8
:10B8700000AF78607B681B68DA687B681B6822F021
:10B880000102DA607B681B681B6A03F0113323F046
:10B890008853002B0FD17B681B681A6A44F244431B
:10B8A0001340002B07D17B681B681A687B681B68F4
:10B8B00022F001021A607B68012283F83D200023F8
:10B8C00018460C37BD465DF8047B704780B582B0E2
:10B8D00000AF78607B68002B01D1012349E07B68D1
:10B8E00093F83D30DBB2002B06D17B68002283F851
:10B8F0003C207868F8F76AF97B68022283F83D20DB
:10B900007B681A687B6804331946104600F08EFD88
:10B910007B68012283F848207B68012283F83E205F
:10B920007B68012283F83F207B68012283F8402056
:10B930007B68012283F841207B68012283F8422042
:10B940007B68012283F843207B68012283F844202E
:10B950007B68012283F845207B68012283F846201A
:10B960007B68012283F847207B68012283F83D2011
:10B97000002318460837BD4680BD000080B584B05E
:10B9800000AF786039603B68002B09D17B6893F881
:10B990003E30DBB2012B14BF01230023DBB23CE0BD
:10B9A0003B68042B09D17B6893F83F30DBB2012B55
:10B9B00014BF01230023DBB22FE03B68082B09D121
:10B9C0007B6893F84030DBB2012B14BF01230023C6
:10B9D000DBB222E03B680C2B09D17B6893F8413045
:10B9E000DBB2012B14BF01230023DBB215E03B685F
:10B9F000102B09D17B6893F84230DBB2012B14BFC6
:10BA000001230023DBB208E07B6893F84330DBB20C
:10BA1000012B14BF01230023DBB2002B01D0012333
:10BA20007EE03B68002B04D17B68022283F83E2035
:10BA300023E03B68042B04D17B68022283F83F207B
:10BA40001BE03B68082B04D17B68022283F840206E
:10BA500013E03B680C2B04D17B68022283F8412061
:10BA60000BE03B68102B04D17B68022283F8422054
:10BA700003E07B68022283F843207B681B68012275
:10BA80003968184600F0E8FF7B681B68264A934235
:10BA900009D07B681B68254A934204D07B681B68E9
:10BAA000234A934201D1012300E00023002B07D059
:10BAB0007B681B685A6C7B681B6842F400425A64BE
:10BAC0007B681B68184A934209D07B681B68B3F1F6
:10BAD000804F04D07B681B68164A934215D17B685F
:10BAE0001B689A68144B1340FB60FB68062B15D04B
:10BAF000FB68B3F5803F11D07B681B681A687B68D0
:10BB00001B6842F001021A6008E07B681B681A6833
:10BB10007B681B6842F001021A6000E000BF00234E
:10BB200018461037BD4680BD002C0140004401403E
:10BB300000480140000400400700010080B582B0C9
:10BB400000AF786039607B681B680022396818464E
:10BB500000F082FF7B681B683A4A934209D07B68F9
:10BB60001B68394A934204D07B681B68374A93426A
:10BB700001D1012300E00023002B18D07B681B6853
:10BB80001B6A03F0113323F08853002B0FD17B681D
:10BB90001B681A6A44F244431340002B07D17B68A8
:10BBA0001B685A6C7B681B6822F400425A647B68ED
:10BBB0001B681B6A03F0113323F08853002B0FD14D
:10BBC0007B681B681A6A44F244431340002B07D178
:10BBD0007B681B681A687B681B6822F001021A6088
:10BBE0003B68002B04D17B68012283F83E2023E0D0
:10BBF0003B68042B04D17B68012283F83F201BE0C3
:10BC00003B68082B04D17B68012283F8402013E0B5
:10BC10003B680C2B04D17B68012283F841200BE0A8
:10BC20003B68102B04D17B68012283F8422003E09B
:10BC30007B68012283F84320002318460837BD465D
:10BC400080BD00BF002C014000440140004801407D
:10BC500080B584B000AF786039600023FB733B6827
:10BC60000C2B55D801A252F823F000BFA1BC00084C
:10BC700011BD000811BD000811BD0008BDBC0008C1
:10BC800011BD000811BD000811BD0008D9BC000895
:10BC900011BD000811BD000811BD0008F5BC000869
:10BCA0007B681B68DA687B681B6822F40072DA60C4
:10BCB0007B685B6A1846FAF7C8FF2CE07B681B6854
:10BCC000DA687B681B6822F48062DA607B689B6AB2
:10BCD0001846FAF7BAFF1EE07B681B68DA687B68D3
:10BCE0001B6822F40062DA607B68DB6A1846FAF7A8
:10BCF000ACFF10E07B681B68DA687B681B6822F485
:10BD00008052DA607B681B6B1846FAF79EFF02E0F0
:10BD10000123FB7300BFFB7B002B78D17B681B6882
:10BD200000223968184600F097FE7B681B683A4A83
:10BD3000934209D07B681B68384A934204D07B68E1
:10BD40001B68374A934201D1012300E00023002BF6
:10BD500018D07B681B681B6A03F0113323F08853EB
:10BD6000002B0FD17B681B681A6A44F244431340CE
:10BD7000002B07D17B681B685A6C7B681B6822F418
:10BD800000425A647B681B681B6A03F0113323F07E
:10BD90008853002B0FD17B681B681A6A44F2444316
:10BDA0001340002B07D17B681B681A687B681B68EF
:10BDB00022F001021A603B68002B04D17B6801224B
:10BDC00083F83E2023E03B68042B04D17B680122EA
:10BDD00083F83F201BE03B68082B04D17B680122DD
:10BDE00083F8402013E03B680C2B04D17B680122D0
:10BDF00083F841200BE03B68102B04D17B680122C3
:10BE000083F8422003E07B68012283F84320FB7B18
:10BE100018461037BD4680BD002C0140004401404B
:10BE20000048014080B582B000AF786039607B681F
:10BE3000002B01D1012341E07B6893F83D30DBB258
:10BE4000002B06D17B68002283F83C207868F7F746
:10BE50008DFE7B68022283F83D207B681A687B6830
:10BE600004331946104600F0E1FA7B681B681A6833
:10BE70007B681B6822F008021A607B681B681968DF
:10BE80007B681B683A680A431A607B68012283F862
:10BE900048207B68012283F83E207B68012283F8DA
:10BEA0003F207B68012283F844207B68012283F8CD
:10BEB00045207B68012283F83D200023184608377F
:10BEC000BD4680BD80B584B000AF78607B681B68DC
:10BED000DB68FB607B681B681B69BB60BB6803F0A9
:10BEE0000203002B20D0FB6803F00203002B1BD0C1
:10BEF0007B681B686FF002021A617B6801221A7767
:10BF00007B681B689B6903F00303002B03D07868F0
:10BF100000F06DFA05E0786800F05FFA786800F0EC
:10BF200070FA7B6800221A77BB6803F00403002BC9
:10BF300020D0FB6803F00403002B1BD07B681B6838
:10BF40006FF004021A617B6802221A777B681B6813
:10BF50009B6903F44073002B03D0786800F047FA24
:10BF600005E0786800F039FA786800F04AFA7B68F2
:10BF700000221A77BB6803F00803002B20D0FB686F
:10BF800003F00803002B1BD07B681B686FF00802CE
:10BF90001A617B6804221A777B681B68DB6903F0EF
:10BFA0000303002B03D0786800F021FA05E07868DD
:10BFB00000F013FA786800F024FA7B6800221A7700
:10BFC000BB6803F01003002B20D0FB6803F01003C4
:10BFD000002B1BD07B681B686FF010021A617B6816
:10BFE00008221A777B681B68DB6903F44073002B17
:10BFF00003D0786800F0FBF905E0786800F0EDF90F
:10C00000786800F0FEF97B6800221A77BB6803F0BD
:10C010000103002B0CD0FB6803F00103002B07D0B9
:10C020007B681B686FF001021A617868F4F7C4FF3F
:10C03000BB6803F08003002B04D1BB6803F40053FA
:10C04000002B0CD0FB6803F08003002B07D07B682B
:10C050001B686FF402521A61786800F095FDBB68A6
:10C0600003F48073002B0CD0FB6803F08003002BDB
:10C0700007D07B681B686FF480721A61786800F0E3
:10C080008DFDBB6803F04003002B0CD0FB6803F070
:10C090004003002B07D07B681B686FF040021A61D9
:10C0A000786800F0B8F9BB6803F02003002B0CD0CF
:10C0B000FB6803F02003002B07D07B681B686FF040
:10C0C00020021A61786800F055FDBB6803F4801304
:10C0D000002B0CD0FB6803F48013002B07D07B6887
:10C0E0001B686FF480121A61786800F061FDBB680C
:10C0F00003F40013002B0CD0FB6803F40013002B97
:10C1000007D07B681B686FF400121A61786800F032
:10C1100059FDBB6803F48003002B0CD0FB6803F4CB
:10C120008003002B07D07B681B686FF480021A61C4
:10C13000786800F051FDBB6803F40003002B0CD0BD
:10C14000FB6803F40003002B07D07B681B686FF4C7
:10C1500000021A61786800F049FD00BF1037BD4643
:10C1600080BD000080B586B000AFF860B9607A602D
:10C170000023FB75FB6893F83C30012B01D10223AF
:10C18000FFE0FB68012283F83C207B68142B00F25F
:10C19000F08001A252F823F0EDC1000873C300083B
:10C1A00073C3000873C300082DC2000873C30008DE
:10C1B00073C3000873C300086FC2000873C300088C
:10C1C00073C3000873C30008AFC2000873C300083C
:10C1D00073C3000873C30008F1C2000873C30008EA
:10C1E00073C3000873C3000831C30008FB681B68F1
:10C1F000B968184600F08EF9FB681B689A69FB68FD
:10C200001B6842F008029A61FB681B689A69FB6828
:10C210001B6822F004029A61FB681B689969BB687D
:10C220001A69FB681B680A439A61A5E0FB681B68F2
:10C23000B968184600F0ECF9FB681B689A69FB685E
:10C240001B6842F400629A61FB681B689A69FB688C
:10C250001B6822F480629A61FB681B689969BB685D
:10C260001B691A02FB681B680A439A6184E0FB6839
:10C270001B68B968184600F047FAFB681B68DA6962
:10C28000FB681B6842F00802DA61FB681B68DA6928
:10C29000FB681B6822F00402DA61FB681B68D9693D
:10C2A000BB681A69FB681B680A43DA6164E0FB68D3
:10C2B0001B68B968184600F0A1FAFB681B68DA69C8
:10C2C000FB681B6842F40062DA61FB681B68DA698C
:10C2D000FB681B6822F48062DA61FB681B68D9691D
:10C2E000BB681B691A02FB681B680A43DA6143E0FA
:10C2F000FB681B68B968184600F0FCFAFB681B680D
:10C300001A6DFB681B6842F008021A65FB681B681F
:10C310001A6DFB681B6822F004021A65FB681B6833
:10C32000196DBB681A69FB681B680A431A6523E02C
:10C33000FB681B68B968184600F034FBFB681B6893
:10C340001A6DFB681B6842F400621A65FB681B6883
:10C350001A6DFB681B6822F480621A65FB681B6813
:10C36000196DBB681B691A02FB681B680A431A65D2
:10C3700002E00123FB7500BFFB68002283F83C202C
:10C38000FB7D18461837BD4680BD00BF80B483B022
:10C3900000AF786039607B6893F83C30012B01D1A5
:10C3A000022314E07B68012283F83C207B68022290
:10C3B00083F83D207B681B683A685A617B680122DC
:10C3C00083F83D207B68002283F83C200023184638
:10C3D0000C37BD465DF8047B704780B483B000AF76
:10C3E000786000BF0C37BD465DF8047B704780B4B1
:10C3F00083B000AF786000BF0C37BD465DF8047BAA
:10C40000704780B483B000AF786000BF0C37BD4682
:10C410005DF8047B704780B483B000AF786000BFE4
:10C420000C37BD465DF8047B7047000080B485B0D2
:10C4300000AF786039607B681B68FB607B68314ABD
:10C44000934207D07B68B3F1804F03D07B682E4ABC
:10C45000934208D1FB6823F07003FB603B685B6884
:10C46000FA681343FB607B68264A93420FD07B68CF
:10C47000B3F1804F0BD07B68234A934207D07B688F
:10C48000224A934203D07B68214A934208D1FB6839
:10C4900023F44073FB603B68DB68FA681343FB607E
:10C4A000FB6823F080023B685B691343FB603B68D9
:10C4B0009A687B68DA623B681A687B689A627B6874
:10C4C000104A934207D07B68104A934203D07B689E
:10C4D0000F4A934203D13B681A697B681A637B68F1
:10C4E0001B6843F004027B681A607B6801225A6172
:10C4F0007B68FA681A6000BF1437BD465DF8047B9C
:10C50000704700BF002C014000040040004401407F
:10C510000048014080B487B000AF786039607B6824
:10C520001B6A7B617B681B6A23F001027B681A62CD
:10C530007B685B683B617B689B69FB60FB6823F4FD
:10C54000803323F07003FB60FB6823F00303FB6080
:10C550003B681B68FA681343FB607B6923F00203A6
:10C560007B613B689B687A6913437B617B68254AE2
:10C57000934207D07B68244A934203D07B68234AC6
:10C5800093420ED17B681B6A23F004027B681A6217
:10C590007B6923F008037B613B68DB687A6913439E
:10C5A0007B617B68174A934207D07B68164A9342A7
:10C5B00003D07B68154A934211D13B6923F4807301
:10C5C0003B613B6923F400733B613B685B693A69FB
:10C5D00013433B613B689B693A6913433B617B684A
:10C5E0003A695A607B68FA689A613B685A687B6866
:10C5F0005A637B687A691A6200BF1C37BD465DF8D2
:10C60000047B7047002C0140004401400048014079
:10C6100080B487B000AF786039607B681B6A7B614B
:10C620007B681B6A23F010027B681A627B685B6878
:10C630003B617B689B69FB60FB6823F0807323F49C
:10C64000E043FB60FB6823F44073FB603B681B68BE
:10C650001B02FA681343FB607B6923F020037B61B4
:10C660003B689B681B017A6913437B617B68234AA3
:10C6700093420FD17B681B6A23F040027B681A62E9
:10C680007B6923F080037B613B68DB681B017A696F
:10C6900013437B617B68194A934207D07B68184A31
:10C6A000934203D07B68174A934213D13B6923F42A
:10C6B00080633B613B6923F400633B613B685B69DA
:10C6C0009B003A6913433B613B689B699B003A6955
:10C6D00013433B617B683A695A607B68FA689A61E8
:10C6E0003B685A687B689A637B687A691A6200BF04
:10C6F0001C37BD465DF8047B704700BF002C01402D
:10C70000004401400048014080B487B000AF786029
:10C7100039607B681B6A7B617B681B6A23F48072CB
:10C720007B681A627B685B683B617B68DB69FB60E6
:10C73000FB6823F4803323F07003FB60FB6823F075
:10C740000303FB603B681B68FA681343FB607B696B
:10C7500023F400737B613B689B681B027A69134377
:10C760007B617B68224A93420FD17B681B6A23F46A
:10C7700080627B681A627B6923F400637B613B689B
:10C78000DB681B027A6913437B617B68184A93421A
:10C7900007D07B68174A934203D07B68164A9342BE
:10C7A00013D13B6923F480533B613B6923F400536D
:10C7B0003B613B685B691B013A6913433B613B6822
:10C7C0009B691B013A6913433B617B683A695A6074
:10C7D0007B68FA68DA613B685A687B68DA637B6871
:10C7E0007A691A6200BF1C37BD465DF8047B70474A
:10C7F000002C0140004401400048014080B487B053
:10C8000000AF786039607B681B6A7B617B681B6A5C
:10C8100023F480527B681A627B685B683B617B68AB
:10C82000DB69FB60FB6823F0807323F4E043FB606B
:10C83000FB6823F44073FB603B681B681B02FA68CB
:10C840001343FB607B6923F400537B613B689B6867
:10C850001B037A6913437B617B68234A93420FD1A0
:10C860007B681B6A23F480427B681A627B6923F42D
:10C8700000437B613B68DB681B037A6913437B6180
:10C880007B68194A934207D07B68184A934203D0C9
:10C890007B68174A934213D13B6923F480433B6181
:10C8A0003B6923F400433B613B685B699B013A6948
:10C8B00013433B613B689B699B013A6913433B61AE
:10C8C0007B683A695A607B68FA68DA613B685A6843
:10C8D0007B681A647B687A691A6200BF1C37BD46A0
:10C8E0005DF8047B704700BF002C0140004401400C
:10C8F0000048014080B487B000AF786039607B6841
:10C900001B6A3B617B681B6A23F480327B681A6276
:10C910007B685B687B617B681B6DFB60FB6823F455
:10C92000803323F07003FB603B681B68FA68134395
:10C93000FB603B6923F400333B613B689B681B044D
:10C940003A6913433B617B68134A934207D07B6883
:10C95000124A934203D07B68114A934209D17B6902
:10C9600023F480337B613B685B691B027A69134364
:10C970007B617B687A695A607B68FA681A653B68F4
:10C980005A687B689A647B683A691A6200BF1C37F0
:10C99000BD465DF8047B7047002C01400044014017
:10C9A0000048014080B487B000AF786039607B6890
:10C9B0001B6A3B617B681B6A23F480127B681A62E6
:10C9C0007B685B687B617B681B6DFB60FB6823F0A9
:10C9D000807323F4E043FB603B681B681B02FA682A
:10C9E0001343FB603B6923F400133B613B689B6886
:10C9F0001B053A6913433B617B68144A934207D095
:10CA00007B68134A934203D07B68124A934209D150
:10CA10007B6923F480237B613B685B699B027A69B5
:10CA200013437B617B687A695A607B68FA681A6590
:10CA30003B685A687B68DA647B683A691A6200BFAF
:10CA40001C37BD465DF8047B704700BF002C0140D9
:10CA5000004401400048014080B487B000AFF86056
:10CA6000B9607A60BB6803F01F03012202FA03F386
:10CA70007B61FB681A6A7B69DB431A40FB681A62B8
:10CA8000FB681A6ABB6803F01F03796801FA03F3B5
:10CA90001A43FB681A6200BF1C37BD465DF8047B71
:10CAA0007047000080B485B000AF786039607B6863
:10CAB00093F83C30012B01D1022351E07B68012225
:10CAC00083F83C207B68022283F83D207B681B684A
:10CAD0005B68FB607B681B689B68BB607B681B684E
:10CAE000224A934208D1FB6823F47003FB603B6841
:10CAF0005B68FA681343FB60FB6823F0007323F064
:10CB00007003FB603B681B68FA681343FB607B683B
:10CB10001B68FA685A607B681B68144A934209D004
:10CB20007B681B68B3F1804F04D07B681B68104A98
:10CB300093420CD1BB6823F08003BB603B689B68C9
:10CB4000BA681343BB607B681B68BA689A607B68ED
:10CB5000012283F83D207B68002283F83C200023DB
:10CB600018461437BD465DF8047B7047002C014021
:10CB70000004004080B483B000AF786000BF0C3781
:10CB8000BD465DF8047B704780B483B000AF786029
:10CB900000BF0C37BD465DF8047B704780B483B09E
:10CBA00000AF786000BF0C37BD465DF8047B70476E
:10CBB00080B483B000AF786000BF0C37BD465DF82D
:10CBC000047B704780B483B000AF786000BF0C373F
:10CBD000BD465DF8047B704780B483B000AF7860D9
:10CBE00000BF0C37BD465DF8047B704780B483B04E
:10CBF00000AF786000BF0C37BD465DF8047B70471E
:10CC000080B582B000AF78607B68002B01D1012332
:10CC100050E07B68D3F88830002B14D17B68002269
:10CC200083F88420786800F0D1FD7B68D3F8C030A9
:10CC3000002B03D17B68214AC3F8C0207B68D3F85E
:10CC4000C030786898477B682422C3F888207B68C6
:10CC50001B681A687B681B6822F001021A607B68F7
:10CC60009B6A002B02D0786801F09AF8786800F08F
:10CC7000F9FD0346012B01D101231BE07B681B68F2
:10CC80005A687B681B6822F490425A607B681B6874
:10CC90009A687B681B6822F02A029A607B681B688E
:10CCA0001A687B681B6842F001021A60786801F01C
:10CCB00019F9034618460837BD4680BD413D0008B6
:10CCC00080B582B000AF78607B68002B01D1012372
:10CCD0003CE07B682422C3F888207B681B681A68C4
:10CCE0007B681B6822F001021A607B681B680022C7
:10CCF0001A607B681B6800225A607B681B680022F0
:10CD00009A607B68D3F8C430002B03D17B68114A4A
:10CD1000C3F8C4207B68D3F8C430786898477B6830
:10CD20000022C3F890207B680022C3F888207B682B
:10CD30000022C3F88C207B680022DA667B68002220
:10CD40001A677B68002283F884200023184608377E
:10CD5000BD4680BD713F000880B491B000AFF8605F
:10CD6000B9601346FB80FB68D3F88830202B78D15C
:10CD7000BB68002B02D0FB88002B01D1012371E09E
:10CD8000FB68BA681A65FB68FA88A3F85420FB6848
:10CD9000FA88A3F85620FB6800229A67FB680022F5
:10CDA000C3F89020FB682122C3F88820FB685B6EE3
:10CDB000B3F1005F2AD1FB689B68B3F5805F07D1B0
:10CDC000FB681B69002B03D1FB68294A9A6702E0C4
:10CDD000FB68284A9A67FB681B680833BB62BB6A1A
:10CDE00053E8003F7B627B6A43F40003BB63FB684C
:10CDF0001B680833BA6B7A633B63396B7A6B41E823
:10CE00000023FB62FB6A002BE5D128E0FB689B68EE
:10CE1000B3F5805F07D1FB681B69002B03D1FB686A
:10CE2000154A9A6702E0FB68144A9A67FB681B6818
:10CE30007B617B6953E8003F3B613B6943F08003C2
:10CE4000FB63FB681B681A46FB6B3B62FA61F9697E
:10CE50003A6A41E80023BB61BB69002BE6D100239D
:10CE600000E0022318464437BD465DF8047B704756
:10CE700065E8000885E70008C3E600080BE600083F
:10CE800080B58AB000AFF860B9601346FB80FB68DC
:10CE9000D3F88C30202B37D1BB68002B02D0FB8815
:10CEA000002B01D1012330E0FB680022DA66FB6829
:10CEB0001B68184A93421FD0FB681B685B6803F429
:10CEC0000003002B18D0FB681B687B617B6953E86B
:10CED000003F3B613B6943F080637B62FB681B68FA
:10CEE0001A467B6A3B62FA61F9693A6A41E80023B3
:10CEF000BB61BB69002BE6D1FB881A46B968F868AC
:10CF000001F008F9034600E0022318462837BD4621
:10CF100080BD00BF0024004680B58CB000AFF86033
:10CF2000B9601346FB80FB88BB85FB68D3F888306B
:10CF3000202B40F0AD80BB68002B02D0FB88002B7B
:10CF400001D10123A5E0FB68BA681A65FB68FA887D
:10CF5000A3F85420FB68FA88A3F85620FB68002247
:10CF6000C3F89020FB682122C3F88820FB68DB6FA0
:10CF7000002B6DD0FB68DB6F484A1A66FB68DB6FDD
:10CF8000474A5A66FB68DB6F464A9A66FB68DB6F66
:10CF90000022DA66FB689B68B3F5805F06D1FB6808
:10CFA0001B69002B02D1FB885B00BB85FB68DB6F34
:10CFB0001B6D03F08003002B2DD0FB68DB6F5B6FD4
:10CFC000002B24D0FB68DB6F5B6F1B68002B1ED02F
:10CFD000FB68DB6F5B6F1B68BA8D9A60FB681A6D2C
:10CFE000FB68DB6F5B6F1B68DA60FB681B6803F133
:10CFF0002802FB68DB6F5B6F1B681A61FB68DB6FE5
:10D000001846FAF7F5F8034687F82F3012E00123A7
:10D0100087F82F300EE0FB68D86FFB681B6D194650
:10D02000FB681B6828331A46BB8DF9F732FD0346AF
:10D0300087F82F3097F82F30002B09D0FB6810228B
:10D04000C3F89020FB682022C3F88820012320E049
:10D05000FB681B6840221A62FB681B680833BB61CF
:10D06000BB6953E8003F7B617B6943F08003BB628F
:10D07000FB681B680833BA6A7A623B62396A7A6A6B
:10D0800041E80023FB61FB69002BE5D1002300E0B0
:10D09000022318463037BD4680BD00BFA7E4000814
:10D0A0003FE500085FE5000880B5BAB000AF7860E2
:10D0B0007B681B68DB69C7F8E4307B681B681B680A
:10D0C000C7F8E0307B681B689B68C7F8DC30D7F88E
:10D0D000E42040F60F031340C7F8D830D7F8D83013
:10D0E000002B1BD1D7F8E43003F02003002B15D020
:10D0F000D7F8E03003F02003002B05D1D7F8DC305F
:10D1000003F08053002B09D07B685B6F002B00F08D
:10D11000F5827B685B6F78689847EFE2D7F8D83084
:10D12000002B00F02981D7F8DC20904B1340002B16
:10D1300006D1D7F8E0208E4B1340002B00F01C8165
:10D14000D7F8E43003F00103002B11D0D7F8E0301A
:10D1500003F48073002B0BD07B681B6801221A62DA
:10D160007B68D3F8903043F001027B68C3F89020CD
:10D17000D7F8E43003F00203002B11D0D7F8DC30ED
:10D1800003F00103002B0BD07B681B6802221A629C
:10D190007B68D3F8903043F004027B68C3F890209A
:10D1A000D7F8E43003F00403002B11D0D7F8DC30BB
:10D1B00003F00103002B0BD07B681B6804221A626A
:10D1C0007B68D3F8903043F002027B68C3F890206C
:10D1D000D7F8E43003F00803002B17D0D7F8E0307D
:10D1E00003F02003002B05D1D7F8DC205F4B134060
:10D1F000002B0BD07B681B6808221A627B68D3F86F
:10D20000903043F008027B68C3F89020D7F8E430F0
:10D2100003F40063002B12D0D7F8E03003F08063F2
:10D22000002B0CD07B681B684FF400621A627B688D
:10D23000D3F8903043F020027B68C3F890207B68DD
:10D24000D3F89030002B00F05B82D7F8E43003F085
:10D250002003002B13D0D7F8E03003F02003002B7D
:10D2600005D1D7F8DC3003F08053002B07D07B6862
:10D270005B6F002B03D07B685B6F786898477B6897
:10D28000D3F89030C7F8D4307B681B689B6803F0F4
:10D290004003402B05D0D7F8D43003F02803002BEF
:10D2A00058D0786801F099F87B681B689B6803F098
:10D2B0004003402B48D17B681B680833C7F89C307B
:10D2C000D7F89C3053E8003FC7F89830D7F898302B
:10D2D00023F04003C7F8D0307B681B680833D7F8C9
:10D2E000D020C7F8A820C7F8A430D7F8A410D7F8E2
:10D2F000A82041E80023C7F8A030D7F8A030002BC1
:10D30000D9D17B68D3F88030002B17D07B68D3F855
:10D310008030184ADA667B68D3F880301846F9F70F
:10D3200094FC0346002B1FD07B68D3F88030DB6E63
:10D330007A68D2F880201046984715E07B68D3F8C9
:10D34000A430786898470FE07B68D3F8A4307868F9
:10D35000984709E07B68D3F8A430786898477B68E1
:10D360000022C3F89020CBE100BFC9E1010000100A
:10D3700020010004E3E500087B68DB6E012B40F030
:10D380007081D7F8E43003F01003002B00F06981BE
:10D39000D7F8E03003F01003002B00F062817B68C7
:10D3A0001B6810221A627B681B689B6803F04003AD
:10D3B000402B40F0D6807B68D3F880301B689B6C94
:10D3C000A7F8BE30B7F8BE30002B00F0AE807B6807
:10D3D000B3F85C30B7F8BE209A4280F0A6807B6834
:10D3E000B7F8BE20A3F85E207B68D3F880301B6DB1
:10D3F000812B00F087807B681B68C7F88830D7F8DE
:10D40000883053E8003FC7F88430D7F8843023F4DD
:10D410008073C7F8B8307B681B681A46D7F8B830F5
:10D42000C7F89430C7F89020D7F89010D7F8942018
:10D4300041E80023C7F88C30D7F88C30002BDAD1C4
:10D440007B681B6808337B677B6F53E8003F3B6753
:10D450003B6F23F00103C7F8B4307B681B680833C7
:10D46000D7F8B420C7F88020FB67F96FD7F8802081
:10D4700041E80023BB67BB6F002BE1D17B681B68D1
:10D4800008333B663B6E53E8003FFB65FB6D23F0C2
:10D490004003C7F8B0307B681B680833D7F8B0206A
:10D4A000FA66BB66B96EFA6E41E800237B667B6E56
:10D4B000002BE3D17B682022C3F88C207B680022FC
:10D4C000DA667B681B68FB64FB6C53E8003FBB6457
:10D4D000BB6C23F01003C7F8AC307B681B681A469E
:10D4E000D7F8AC30BB657A65796DBA6D41E8002339
:10D4F0003B653B6D002BE4D17B68D3F88030184648
:10D50000F9F727FB7B6802221A677B68D3F8BC30E7
:10D510007A68B2F85C107A68B2F85E2092B28A1A21
:10D5200092B2114678689847ECE07B68B3F85C30BB
:10D53000B7F8BE209A4240F0E5807B68D3F880308F
:10D540001B6D812B40F0DE807B6802221A677B68AE
:10D55000D3F8BC307A68B2F85C20114678689847F6
:10D56000D0E07B68B3F85C207B68B3F85E309BB298
:10D57000D31AA7F8CE307B68B3F85E309BB2002B8D
:10D5800000F0C280B7F8CE30002B00F0BD807B6881
:10D590001B68BB63BB6B53E8003F7B637B6B23F46F
:10D5A0009073C7F8C8307B681B681A46D7F8C83034
:10D5B0007B643A64396C7A6C41E80023FB63FB6B53
:10D5C000002BE4D17B681B6808337B627B6A53E8DD
:10D5D000003F3B623B6A23F0805323F00103C7F80E
:10D5E000C4307B681B680833D7F8C4203A63FB62F9
:10D5F000F96A3A6B41E80023BB62BB6A002BE1D1B8
:10D600007B682022C3F88C207B680022DA667B6866
:10D6100000225A677B681B683B613B6953E8003F07
:10D62000FB60FB6823F01003C7F8C0307B681B6801
:10D630001A46D7F8C030FB61BA61B969FA6941E8A6
:10D6400000237B617B69002BE4D17B6802221A678F
:10D650007B68D3F8BC30B7F8CE201146786898477D
:10D6600052E0D7F8E43003F08003002B14D0D7F851
:10D67000E03003F08003002B05D1D7F8DC3003F451
:10D680000003002B08D07B689B6F002B3ED07B688B
:10D690009B6F7868984739E0D7F8E43003F040038F
:10D6A000002B09D0D7F8E03003F04003002B03D063
:10D6B000786801F04CF92AE0D7F8E43003F400036D
:10D6C000002B0BD0D7F8E03003F08043002B05D0BF
:10D6D0007B68D3F8B8307868984718E0D7F8E4301A
:10D6E00003F08073002B12D0D7F8E030002B0EDA55
:10D6F0007B68D3F8B4307868984708E000BF06E04C
:10D7000000BF04E000BF02E000BF00E000BFE83758
:10D71000BD4680BD80B483B000AF786000BF0C37D9
:10D72000BD465DF8047B704780B483B000AF78607D
:10D7300000BF0C37BD465DF8047B704780B483B0F2
:10D7400000AF786000BF0C37BD465DF8047B7047C2
:10D7500080B483B000AF786000BF0C37BD465DF881
:10D76000047B704780B483B000AF786000BF0C3793
:10D77000BD465DF8047B704780B483B000AF78602D
:10D7800000BF0C37BD465DF8047B704780B483B0A2
:10D7900000AF786000BF0C37BD465DF8047B704772
:10D7A00080B483B000AF786000BF0C37BD465DF831
:10D7B000047B704780B483B000AF78600B467B80F9
:10D7C00000BF0C37BD465DF8047B704780B483B062
:10D7D00000AF78607B68184AC3F894207B68174ACA
:10D7E000C3F898207B68164AC3F89C207B68154ACA
:10D7F000C3F8A0207B68144AC3F8A4207B68134AAE
:10D80000C3F8A8207B68124AC3F8AC207B68114A91
:10D81000C3F8B0207B68104AC3F8B4207B680F4A75
:10D82000C3F8B8207B680E4AC3F8BC2000BF0C3791
:10D83000BD465DF8047B704729D7000815D700085E
:10D8400051D700083DD7000865D7000879D70008F0
:10D850008DD70008A1D7000811F4000825F40008AE
:10D86000B5D700082DE9B04F8CB000AF7861002328
:10D8700087F82A307B699A687B691B691A437B6940
:10D880005B691A437B69DB691343FB627B691B6835
:10D890001A68984B13407A691268F96A0B4313604F
:10D8A0007B691B685B6823F440517B69DA687B699C
:10D8B0001B680A435A607B699B69FB627B691B6832
:10D8C0008D4A934204D07B691B6AFA6A1343FB6258
:10D8D0007B691B689B6823F06E4323F430637A698D
:10D8E0001268F96A0B4393607B691B68DB6A23F05B
:10D8F0000F017B695A6A7B691B680A43DA627B699C
:10D900001B687E4A934225D17D4BD3F8E03003F06B
:10D910000303032B1AD801A252F823F02DD90008D3
:10D920003DD9000835D9000845D90008012387F8FA
:10D930002B307CE0042387F82B3078E0082387F82D
:10D940002B3074E0102387F82B3070E0202387F809
:10D950002B306CE07B691B686A4A934238D1684B74
:10D96000D3F8E03003F00C030C2B2DD801A252F8B1
:10D9700023F000BFA9D90008C9D90008C9D90008F7
:10D98000C9D90008B9D90008C9D90008C9D90008FF
:10D99000C9D90008B1D90008C9D90008C9D90008F7
:10D9A000C9D90008C1D90008002387F82B303EE010
:10D9B000042387F82B303AE0082387F82B3036E031
:10D9C000102387F82B3032E0202387F82B302EE00D
:10D9D0007B691B68484A934226D1494BD3F8E8300B
:10D9E00003F00303032B1BD801A252F823F000BF5E
:10D9F00001DA000811DA000809DA000819DA00086B
:10DA0000022387F82B3012E0042387F82B300EE036
:10DA1000082387F82B300AE0102387F82B3006E024
:10DA2000202387F82B3002E0202387F82B307B69F6
:10DA30001B68314A934240F0B48097F82B30023B88
:10DA40000E2B30D801A252F823F000BF89DA00086B
:10DA5000A7DA000891DA0008A7DA0008A7DA0008B8
:10DA6000A7DA000897DA0008A7DA0008A7DA0008A2
:10DA7000A7DA0008A7DA0008A7DA0008A7DA000882
:10DA8000A7DA00089FDA0008FBF7A4FB786210E031
:10DA90001D4B7B620DE0FBF731FB786209E04FF430
:10DAA00000437B6205E000237B62012387F82A3074
:10DAB00000BF7B6A002B00F059817B695B6A134AC7
:10DAC00032F813301A467B6AB3FBF2F3BB617B6911
:10DAD0005A6813465B001344BA699A4205D37B69BE
:10DAE0005B681B03BA699A4212D9012387F82A306E
:10DAF0003CE100BFF369FFCF00240046003801403D
:10DB0000000C0246004400400024F40008E603082C
:10DB10007B6A0022BB60FA607B695B6A9E4A32F8CE
:10DB200013309BB200223B607A60D7E90023D7E92B
:10DB30000201F2F7A7FB02460B46104619464FF0CA
:10DB400000024FF000030B0243EA106302027969FE
:10DB50004968490800200C46054612EB040843EBCF
:10DB600005097B695B6800229A46934652465B46EC
:10DB700040464946F2F786FB02460B4613463B6297
:10DB80003B6AB3F5407F08D33B6AB3F5801F04D2EC
:10DB90007B691B683A6ADA60E8E0012387F82A307B
:10DBA000E4E07B69DB69B3F5004F77D197F82B3060
:10DBB000102B38D801A252F823F000BF01DC000876
:10DBC00009DC000827DC000827DC000811DC00085D
:10DBD00027DC000827DC000827DC000817DC000829
:10DBE00027DC000827DC000827DC000827DC000809
:10DBF00027DC000827DC000827DC00081FDC000801
:10DC0000FBF7C0FA786214E0FBF7D0FA786210E014
:10DC1000624B7B620DE0FBF771FA786209E04FF42A
:10DC200000437B6205E000237B62012387F82A30F2
:10DC300000BF7B6A002B00F099807B695B6A564AC3
:10DC400032F813301A467B6AB3FBF2F35A007B6951
:10DC50005B685B081A447B695B68B2FBF3F33B6269
:10DC60003B6A0F2B16D93B6AB3F5803F12D23B6A51
:10DC70009BB223F00F03FB833B6A5B089BB203F06C
:10DC800007039AB2FB8B1343FB837B691B68FA8BF8
:10DC9000DA606BE0012387F82A3067E097F82B30D1
:10DCA000102B38D801A252F823F000BFF1DC000895
:10DCB000F9DC000817DD000817DD000801DD0008A9
:10DCC00017DD000817DD000817DD000807DD000874
:10DCD00017DD000817DD000817DD000817DD000854
:10DCE00017DD000817DD000817DD00080FDD00084C
:10DCF000FBF748FA786214E0FBF758FA786210E014
:10DD0000264B7B620DE0FBF7F9F9786209E04FF4EE
:10DD100000437B6205E000237B62012387F82A3001
:10DD200000BF7B6A002B21D07B695B6A1A4A32F8FC
:10DD300013301A467B6AB3FBF2F27B695B685B08BF
:10DD40001A447B695B68B2FBF3F33B623B6A0F2BBF
:10DD500009D93B6AB3F5803F05D23B6A9AB27B6929
:10DD60001B68DA6002E0012387F82A307B69012210
:10DD7000A3F86A207B690122A3F868207B6900224E
:10DD80005A677B6900229A6797F82A30184630371D
:10DD9000BD46BDE8B08F00BF08E603080024F400CC
:10DDA00080B483B000AF78607B689B6A03F008039F
:10DDB000002B0AD07B681B685B6823F400417B68FA
:10DDC0009A6B7B681B680A435A607B689B6A03F006
:10DDD0000103002B0AD07B681B685B6823F40031C9
:10DDE0007B68DA6A7B681B680A435A607B689B6AB7
:10DDF00003F00203002B0AD07B681B685B6823F4E6
:10DE000080317B681A6B7B681B680A435A607B68A9
:10DE10009B6A03F00403002B0AD07B681B685B68D5
:10DE200023F480217B685A6B7B681B680A435A6025
:10DE30007B689B6A03F01003002B0AD07B681B6889
:10DE40009B6823F480517B68DA6B7B681B680A430C
:10DE50009A607B689B6A03F02003002B0AD07B68E2
:10DE60001B689B6823F400517B681A6C7B681B68F5
:10DE70000A439A607B689B6A03F04003002B1AD028
:10DE80007B681B685B6823F480117B685A6C7B6835
:10DE90001B680A435A607B685B6CB3F5801F0AD12C
:10DEA0007B681B685B6823F4C0017B689A6C7B68A5
:10DEB0001B680A435A607B689B6A03F08003002B4F
:10DEC0000AD07B681B685B6823F400217B68DA6CEE
:10DED0007B681B680A435A6000BF0C37BD465DF87B
:10DEE000047B704780B598B002AF78607B680022F1
:10DEF000C3F89020F6F7B8FB78657B681B681B6851
:10DF000003F00803082B2FD16FF07E4300937B6D45
:10DF100000224FF40011786800F08EF80346002BC1
:10DF200022D07B681B68BB63BB6B53E8003F7B63FD
:10DF30007B6B23F080033B657B681B681A463B6D57
:10DF40007B643A64396C7A6C41E80023FB63FB6BB9
:10DF5000002BE6D17B682022C3F888207B68002252
:10DF600083F88420032363E07B681B681B6803F04D
:10DF70000403042B49D16FF07E4300937B6D002294
:10DF80004FF48001786800F057F80346002B3CD02E
:10DF90007B681B687B627B6A53E8003F3B623B6A9D
:10DFA00023F49073FB647B681B681A46FB6C3B632D
:10DFB000FA62F96A3A6B41E80023BB62BB6A002B44
:10DFC000E6D17B681B6808333B613B6953E8003F3F
:10DFD000FB60FB6823F00103BB647B681B680833AC
:10DFE000BA6CFA61BB61B969FA6941E800237B61E7
:10DFF0007B69002BE5D17B682022C3F88C207B68ED
:10E00000002283F88420032312E07B682022C3F8D7
:10E0100088207B682022C3F88C207B680022DA6687
:10E020007B6800221A677B68002283F88420002323
:10E0300018465837BD4680BD80B584B000AFF86043
:10E04000B9603B601346FB714FE0BB69B3F1FF3F22
:10E050004BD0F6F709FB02463B68D31ABA699A42DD
:10E0600002D3BB69002B01D103234EE0FB681B6880
:10E070001B6803F00403002B37D0BB68802B34D01F
:10E08000BB68402B31D0FB681B68DB6903F00803D9
:10E09000082B10D1FB681B6808221A62F86800F090
:10E0A0009CF9FB680822C3F89020FB68002283F8E3
:10E0B0008420012329E0FB681B68DB6903F400630B
:10E0C000B3F5006F11D1FB681B684FF400621A6250
:10E0D000F86800F082F9FB682022C3F89020FB6802
:10E0E000002283F8842003230FE0FB681B68DA69B1
:10E0F000BB681340BA689A420CBF01230023DBB20D
:10E100001A46FB799A42A0D0002318461037BD4624
:10E1100080BD000080B4A3B000AFF860B9601346C2
:10E12000FB80FB68BA689A65FB68FA88A3F85C20F4
:10E13000FB68FA88A3F85E20FB6800225A67FB6838
:10E140009B68B3F5805F0ED1FB681B69002B05D17E
:10E15000FB6840F2FF12A3F860202DE0FB68FF226D
:10E16000A3F8602028E0FB689B68002B0DD1FB68BA
:10E170001B69002B04D1FB68FF22A3F860201BE081
:10E18000FB687F22A3F8602016E0FB689B68B3F170
:10E19000805F0DD1FB681B69002B04D1FB687F22D7
:10E1A000A3F8602008E0FB683F22A3F8602003E0AA
:10E1B000FB680022A3F86020FB680022C3F89020CF
:10E1C000FB682222C3F88C20FB681B6808337B663F
:10E1D0007B6E53E8003F3B663B6E43F00103C7F89C
:10E1E0008430FB681B680833D7F884203A67FB66E5
:10E1F000F96E3A6F41E80023BB66BB6E002BE3D19A
:10E20000FB685B6EB3F1005F4FD1FB68B3F8683019
:10E21000FA889A4249D3FB689B68B3F5805F07D1BF
:10E22000FB681B69002B03D1FB68474A5A6702E071
:10E23000FB68464A5A67FB681B69002B1AD0FB68CB
:10E240001B683B653B6D53E8003FFB64FB6C43F48C
:10E250008073C7F88030FB681B681A46D7F8803097
:10E26000FB65BA65B96DFA6D41E800237B657B6D8E
:10E27000002BE4D1FB681B680833FB63FB6B53E89E
:10E28000003FBB63BB6B43F08053FB67FB681B68BD
:10E290000833FA6FBA647B64796CBA6C41E8002386
:10E2A0003B643B6C002BE5D146E0FB689B68B3F513
:10E2B000805F07D1FB681B69002B03D1FB68244AF0
:10E2C0005A6702E0FB68234A5A67FB681B69002B08
:10E2D00019D0FB681B68BB62BB6A53E8003F7B62D6
:10E2E0007B6A43F490737B67FB681B681A467B6FFD
:10E2F0007B633A63396B7A6B41E80023FB62FB6A0C
:10E30000002BE6D118E0FB681B687B617B6953E852
:10E31000003F3B613B6943F02003BB67FB681B6820
:10E320001A46BB6F3B62FA61F9693A6A41E8002319
:10E33000BB61BB69002BE6D1002318468C37BD4674
:10E340005DF8047B704700BF99F0000829ED0008D4
:10E3500069EB0008A9E9000880B48FB000AF7860CD
:10E360007B681B683B623B6A53E8003FFB61FB69CB
:10E3700023F0C0037B637B681B681A467B6BFB62E0
:10E38000BA62B96AFA6A41E800237B627B6A002BB1
:10E39000E6D17B681B680833FB60FB6853E8003FED
:10E3A000BB60BB6823F400033B637B681B680833D6
:10E3B0003A6BBA617B617969BA6941E800233B61D4
:10E3C0003B69002BE5D17B682022C3F8882000BF81
:10E3D0003C37BD465DF8047B704780B495B000AF14
:10E3E00078607B681B687B637B6B53E8003F3B6313
:10E3F0003B6B23F49073FB647B681B681A46FB6CD1
:10E400003B64FA63F96B3A6C41E80023BB63BB6B76
:10E41000002BE6D17B681B6808333B623B6A53E8FC
:10E42000003FFB61FB6923F0805323F00103BB64D1
:10E430007B681B680833BA6CFA62BB62B96AFA6A15
:10E4400041E800237B627B6A002BE3D17B68DB6EB3
:10E45000012B18D17B681B68FB60FB6853E8003F09
:10E46000BB60BB6823F010037B647B681B681A46A3
:10E470007B6CBB617A617969BA6941E800233B61D1
:10E480003B69002BE6D17B682022C3F88C207B6897
:10E490000022DA667B6800225A6700BF5437BD4607
:10E4A0005DF8047B704780B590B000AF78607B6802
:10E4B000DB6DFB637B681B6D812B37D0FB6B002210
:10E4C000A3F85620FB6B1B6808337B627B6A53E81A
:10E4D000003F3B623B6A23F08003BB63FB6B1B681E
:10E4E0000833BA6B3A63FB62F96A3A6B41E800237E
:10E4F000BB62BB6A002BE5D1FB6B1B683B613B69D0
:10E5000053E8003FFB60FB6843F040037B63FB6B19
:10E510001B681A467B6BFB61BA61B969FA6941E80D
:10E5200000237B617B69002BE6D104E0FB6BD3F811
:10E530009830F86B984700BF4037BD4680BD80B526
:10E5400084B000AF78607B68DB6DFB60FB68D3F85C
:10E550009430F868984700BF1037BD4680BD80B53D
:10E5600086B000AF78607B68DB6D7B617B69D3F838
:10E5700088303B617B69D3F88C30FB607B691B681A
:10E580009B6803F08003802B09D13B69212B06D1C6
:10E590007B690022A3F856207869FFF7DDFE7B69CE
:10E5A0001B689B6803F04003402B09D1FB68222BBA
:10E5B00006D17B690022A3F85E207869FFF70DFF82
:10E5C0007B69D3F8903043F010027B69C3F8902048
:10E5D0007B69D3F8A4307869984700BF1837BD46E7
:10E5E00080BD80B584B000AF78607B68DB6DFB6078
:10E5F000FB680022A3F85E20FB68D3F8A430F8681B
:10E60000984700BF1037BD4680BD80B48FB000AFC3
:10E6100078607B68D3F88830212B4CD17B68B3F8C5
:10E6200056309BB2002B32D17B681B683B623B6A41
:10E6300053E8003FFB61FB6923F080037B637B6849
:10E640001B681A467B6BFB62BA62B96AFA6A41E8D8
:10E6500000237B627B6A002BE6D17B681B68FB6032
:10E66000FB6853E8003FBB60BB6843F040033B637B
:10E670007B681B681A463B6BBB617A617969BA6932
:10E6800041E800233B613B69002BE6D113E07B6846
:10E690001B6D1A787B681B689A627B681B6D5A1C1D
:10E6A0007B681A657B68B3F856309BB2013B9AB21F
:10E6B0007B68A3F8562000BF3C37BD465DF8047B5D
:10E6C000704780B491B000AF78607B68D3F8883031
:10E6D000212B51D17B68B3F856309BB2002B32D13D
:10E6E0007B681B687B627B6A53E8003F3B623B6A46
:10E6F00023F08003BB637B681B681A46BB6B3B63DC
:10E70000FA62F96A3A6B41E80023BB62BB6A002BEC
:10E71000E6D17B681B683B613B6953E8003FFB60C7
:10E72000FB6843F040037B637B681B681A467B6B86
:10E73000FB61BA61B969FA6941E800237B617B69D1
:10E74000002BE6D118E07B681B6DFB63FB6B1B881D
:10E750001A467B681B68C2F308029A627B681B6DCD
:10E760009A1C7B681A657B68B3F856309BB2013BF4
:10E770009AB27B68A3F8562000BF4437BD465DF8C7
:10E78000047B704780B491B000AF78607B68D3F8A9
:10E790008830212B60D17B68B3F86A30FB8757E063
:10E7A0007B68B3F856309BB2002B33D17B681B6873
:10E7B00008337B627B6A53E8003F3B623B6A23F489
:10E7C0000003BB637B681B680833BA6B3A63FB6268
:10E7D000F96A3A6B41E80023BB62BB6A002BE5D1C2
:10E7E0007B681B683B613B6953E8003FFB60FB684B
:10E7F00043F040037B637B681B681A467B6BFB61BD
:10E80000BA61B969FA6941E800237B617B69002B31
:10E81000E6D121E07B681B68DB6903F08003002BF5
:10E8200013D07B681B6D1A787B681B689A627B68C3
:10E830001B6D5A1C7B681A657B68B3F856309BB217
:10E84000013B9AB27B68A3F85620FB8F013BFB8704
:10E85000FB8F002BA4D1FFE700BF4437BD465DF816
:10E86000047B704780B491B000AF78607B68D3F8C8
:10E870008830212B65D17B68B3F86A30FB875CE078
:10E880007B68B3F856309BB2002B33D17B681B6892
:10E8900008333B623B6A53E8003FFB61FB6923F4AA
:10E8A00000037B637B681B6808337A6BFA62BB6288
:10E8B000B96AFA6A41E800237B627B6A002BE5D1E2
:10E8C0007B681B68FB60FB6853E8003FBB60BB686C
:10E8D00043F040033B637B681B681A463B6BBB619C
:10E8E0007A617969BA6941E800233B613B69002B91
:10E8F000E6D126E07B681B68DB6903F08003002B10
:10E9000018D07B681B6DBB63BB6B1B881A467B688A
:10E910001B68C2F308029A627B681B6D9A1C7B68B5
:10E920001A657B68B3F856309BB2013B9AB27B689C
:10E93000A3F85620FB8F013BFB87FB8F002B9FD159
:10E94000FFE700BF4437BD465DF8047B704780B5E4
:10E9500088B000AF78607B681B68FB60FB6853E899
:10E96000003FBB60BB6823F04003FB617B681B6812
:10E970001A46FB69BB617A617969BA6941E800238B
:10E980003B613B69002BE6D17B682022C3F88820DD
:10E990007B6800229A677B68D3F89830786898473C
:10E9A00000BF2037BD4680BD80B59CB000AF786009
:10E9B0007B68B3F86030A7F86E307B68D3F88C3092
:10E9C000222B40F0C2807B681B685B6AA7F86C3022
:10E9D000B7F86C30D9B2B7F86E30DAB27B689B6D9D
:10E9E0000A40D2B21A707B689B6D5A1C7B689A658C
:10E9F0007B68B3F85E309BB2013B9AB27B68A3F8A8
:10EA00005E207B68B3F85E309BB2002B40F0A5809F
:10EA10007B681B68FB64FB6C53E8003FBB64BB6C0A
:10EA200023F49073BB667B681B681A46BB6EBB659C
:10EA30007A65796DBA6D41E800233B653B6D002B2B
:10EA4000E6D17B681B680833BB63BB6B53E8003FB0
:10EA50007B637B6B23F001037B667B681B68083359
:10EA60007A6E7A643B64396C7A6C41E80023FB630C
:10EA7000FB6B002BE5D17B682022C3F88C207B68E0
:10EA800000225A677B6800221A677B681B68354A38
:10EA900093421FD07B681B685B6803F40003002B64
:10EAA00018D07B681B687B627B6A53E8003F3B623F
:10EAB0003B6A23F080633B667B681B681A463B6EAB
:10EAC0003B63FA62F96A3A6B41E80023BB62BB6AB6
:10EAD000002BE6D17B68DB6E012B30D17B680022F6
:10EAE000DA667B681B683B613B6953E8003FFB606B
:10EAF000FB6823F01003FB657B681B681A46FB6DFF
:10EB0000FB61BA61B969FA6941E800237B617B69FD
:10EB1000002BE6D17B681B68DB6903F01003102B28
:10EB200003D17B681B6810221A627B68D3F8BC3063
:10EB30007A68B2F85C201146786898470DE07B68E7
:10EB4000D3F8A0307868984707E07B681B689A691B
:10EB50007B681B6842F008029A6100BF7037BD46AF
:10EB600080BD00BF0024004680B59CB000AF786037
:10EB70007B68B3F86030A7F86E307B68D3F88C30D0
:10EB8000222B40F0C2807B681B685B6AA7F86C3060
:10EB90007B689B6DBB66B7F86C20B7F86E3013408E
:10EBA0009AB2BB6E1A807B689B6D9A1C7B689A65D3
:10EBB0007B68B3F85E309BB2013B9AB27B68A3F8E6
:10EBC0005E207B68B3F85E309BB2002B40F0A580DE
:10EBD0007B681B68BB64BB6C53E8003F7B647B6C49
:10EBE00023F490737B667B681B681A467B6E7B659B
:10EBF0003A65396D7A6D41E80023FB64FB6C002BAC
:10EC0000E6D17B681B6808337B637B6B53E8003F6E
:10EC10003B633B6B23F001033B667B681B68083357
:10EC20003A6E3A64FB63F96B3A6C41E80023BB63CC
:10EC3000BB6B002BE5D17B682022C3F88C207B685E
:10EC400000225A677B6800221A677B681B68354A76
:10EC500093421FD07B681B685B6803F40003002BA2
:10EC600018D07B681B683B623B6A53E8003FFB613E
:10EC7000FB6923F08063FB657B681B681A46FB6DAC
:10EC8000FB62BA62B96AFA6A41E800237B627B6A76
:10EC9000002BE6D17B68DB6E012B30D17B68002234
:10ECA000DA667B681B68FB60FB6853E8003FBB606B
:10ECB000BB6823F01003BB657B681B681A46BB6DFD
:10ECC000BB617A617969BA6941E800233B613B69BC
:10ECD000002BE6D17B681B68DB6903F01003102B67
:10ECE00003D17B681B6810221A627B68D3F8BC30A2
:10ECF0007A68B2F85C201146786898470DE07B6826
:10ED0000D3F8A0307868984707E07B681B689A6959
:10ED10007B681B6842F008029A6100BF7037BD46ED
:10ED200080BD00BF0024004680B5ACB000AF786065
:10ED30007B68B3F86030A7F8AA307B681B68DB6992
:10ED4000C7F8AC307B681B681B68C7F8A4307B68C9
:10ED50001B689B68C7F8A0307B68D3F88C30222BE7
:10ED600040F089817B68B3F86830A7F89E302CE1C9
:10ED70007B681B685B6AA7F89C30B7F89C30D9B2F7
:10ED8000B7F8AA30DAB27B689B6D0A40D2B21A702B
:10ED90007B689B6D5A1C7B689A657B68B3F85E3014
:10EDA0009BB2013B9AB27B68A3F85E207B681B682C
:10EDB000DB69C7F8AC30D7F8AC3003F00703002BA1
:10EDC00055D0D7F8AC3003F00103002B11D0D7F8A1
:10EDD000A43003F48073002B0BD07B681B680122E6
:10EDE0001A627B68D3F8903043F001027B68C3F865
:10EDF0009020D7F8AC3003F00203002B11D0D7F8E5
:10EE0000A03003F00103002B0BD07B681B680222AB
:10EE10001A627B68D3F8903043F004027B68C3F831
:10EE20009020D7F8AC3003F00403002B11D0D7F8B2
:10EE3000A03003F00103002B0BD07B681B68042279
:10EE40001A627B68D3F8903043F002027B68C3F803
:10EE500090207B68D3F89030002B08D07B68D3F8E3
:10EE6000A430786898477B680022C3F890207B68BC
:10EE7000B3F85E309BB2002B40F0A7807B681B6824
:10EE80003B673B6F53E8003FFB66FB6E23F48073E8
:10EE9000C7F898307B681B681A46D7F89830FB672C
:10EEA000BA67B96FFA6F41E800237B677B6F002B6D
:10EEB000E4D17B681B680833FB65FB6D53E8003FBA
:10EEC000BB65BB6D23F0805323F00103C7F894307A
:10EED0007B681B680833D7F89420BA667B66796E26
:10EEE000BA6E41E800233B663B6E002BE1D17B68A4
:10EEF0002022C3F88C207B6800225A677B6800229E
:10EF00001A677B681B68624A934221D07B681B6842
:10EF10005B6803F40003002B1AD07B681B68BB649A
:10EF2000BB6C53E8003F7B647B6C23F08063C7F8C5
:10EF300090307B681B681A46D7F890307B653A653D
:10EF4000396D7A6D41E80023FB64FB6C002BE4D142
:10EF50007B68DB6E012B32D17B680022DA667B682E
:10EF60001B687B637B6B53E8003F3B633B6B23F089
:10EF70001003C7F88C307B681B681A46D7F88C30B2
:10EF80003B64FA63F96B3A6C41E80023BB63BB6BEB
:10EF9000002BE4D17B681B68DB6903F01003102BA6
:10EFA00003D17B681B6810221A627B68D3F8BC30DF
:10EFB0007A68B2F85C2011467868984710E07B6860
:10EFC000D3F8A030786898470AE0B7F89E30002B55
:10EFD00006D0D7F8AC3003F02003002B7FF4C8AE86
:10EFE0007B68B3F85E30A7F88A30B7F88A30002B18
:10EFF00049D07B68B3F86830B7F88A209A4242D289
:10F000007B681B6808333B623B6A53E8003FFB6147
:10F01000FB6923F08053C7F884307B681B68083392
:10F02000D7F88420FA62BB62B96AFA6A41E8002321
:10F030007B627B6A002BE3D17B68164A5A677B6848
:10F040001B68FB60FB6853E8003FBB60BB6843F094
:10F050002003C7F880307B681B681A46D7F88030D9
:10F06000BB617A617969BA6941E800233B613B6918
:10F07000002BE4D107E07B681B689A697B681B68FA
:10F0800042F008029A6100BFB037BD4680BD00BFA4
:10F0900000240046A9E9000880B5AEB000AF786052
:10F0A0007B68B3F86030A7F8B2307B681B68DB6917
:10F0B000C7F8B4307B681B681B68C7F8AC307B6846
:10F0C0001B689B68C7F8A8307B68D3F88C30222B6C
:10F0D00040F08D817B68B3F86830A7F8A63030E146
:10F0E0007B681B685B6AA7F8A4307B689B6DC7F8D8
:10F0F000A030B7F8A420B7F8B23013409AB2D7F8CE
:10F10000A0301A807B689B6D9A1C7B689A657B682F
:10F11000B3F85E309BB2013B9AB27B68A3F85E20E5
:10F120007B681B68DB69C7F8B430D7F8B43003F0EC
:10F130000703002B55D0D7F8B43003F00103002BA0
:10F1400011D0D7F8AC3003F48073002B0BD07B6860
:10F150001B6801221A627B68D3F8903043F00102E9
:10F160007B68C3F89020D7F8B43003F00203002B7B
:10F1700011D0D7F8A83003F00103002B0BD07B6827
:10F180001B6802221A627B68D3F8903043F00402B5
:10F190007B68C3F89020D7F8B43003F00403002B49
:10F1A00011D0D7F8A83003F00103002B0BD07B68F7
:10F1B0001B6804221A627B68D3F8903043F0020285
:10F1C0007B68C3F890207B68D3F89030002B08D080
:10F1D0007B68D3F8A430786898477B680022C3F82E
:10F1E00090207B68B3F85E309BB2002B40F0A98082
:10F1F0007B681B687B677B6F53E8003F3B673B6F17
:10F2000023F48073C7F89C307B681B681A46D7F8D4
:10F210009C30C7F88030FA67F96FD7F8802041E852
:10F220000023BB67BB6F002BE2D17B681B680833F0
:10F230003B663B6E53E8003FFB65FB6D23F080535C
:10F2400023F00103C7F898307B681B680833D7F8B0
:10F250009820FA66BB66B96EFA6E41E800237B66B9
:10F260007B6E002BE1D17B682022C3F88C207B6869
:10F2700000225A677B6800221A677B681B68624A13
:10F28000934221D07B681B685B6803F40003002B6A
:10F290001AD07B681B68FB64FB6C53E8003FBB64BF
:10F2A000BB6C23F08063C7F894307B681B681A46F8
:10F2B000D7F89430BB657A65796DBA6D41E8002363
:10F2C0003B653B6D002BE4D17B68DB6E012B32D1BB
:10F2D0007B680022DA667B681B68BB63BB6B53E804
:10F2E000003F7B637B6B23F01003C7F890307B6893
:10F2F0001B681A46D7F890307B643A64396C7A6C94
:10F3000041E80023FB63FB6B002BE4D17B681B68A7
:10F31000DB6903F01003102B03D17B681B681022FC
:10F320001A627B68D3F8BC307A68B2F85C20114668
:10F330007868984710E07B68D3F8A03078689847E1
:10F340000AE0B7F8A630002B06D0D7F8B43003F0A7
:10F350002003002B7FF4C4AE7B68B3F85E30A7F8BF
:10F360008E30B7F88E30002B49D07B68B3F8683008
:10F37000B7F88E209A4242D27B681B6808337B62C2
:10F380007B6A53E8003F3B623B6A23F08053C7F837
:10F3900088307B681B680833D7F888203A63FB62A3
:10F3A000F96A3A6B41E80023BB62BB6A002BE3D1E8
:10F3B0007B68164A5A677B681B683B613B6953E868
:10F3C000003FFB60FB6843F02003C7F884307B6894
:10F3D0001B681A46D7F88430FB61BA61B969FA69CB
:10F3E00041E800237B617B69002BE4D107E07B6867
:10F3F0001B689A697B681B6842F008029A6100BF2B
:10F40000B837BD4680BD00BF0024004669EB000848
:10F4100080B483B000AF786000BF0C37BD465DF8A4
:10F42000047B704780B483B000AF786000BF0C37B6
:10F43000BD465DF8047B704780B584B000AF78604E
:10F440007B6893F88430012B01D102232BE07B6889
:10F45000012283F884207B682422C3F888207B68FB
:10F460001B681B68FB607B681B681A687B681B68ED
:10F4700022F001021A60FB6843F00053FB607B68D6
:10F480004FF000525A667B681B68FA681A60786809
:10F4900000F08AF87B682022C3F888207B6800226D
:10F4A00083F88420002318461037BD4680BD80B500
:10F4B00084B000AF786039607B6893F88430012BAA
:10F4C00001D102232DE07B68012283F884207B6830
:10F4D0002422C3F888207B681B681B68FB607B685C
:10F4E0001B681A687B681B6822F001021A607B683F
:10F4F0001B689B6823F060417B681B683A680A437D
:10F500009A60786800F050F87B681B68FA681A60A7
:10F510007B682022C3F888207B68002283F884203F
:10F52000002318461037BD4680BD80B584B000AFBB
:10F53000786039607B6893F88430012B01D1022315
:10F540002DE07B68012283F884207B682422C3F8A5
:10F5500088207B681B681B68FB607B681B681A68D7
:10F560007B681B6822F001021A607B681B689B683D
:10F5700023F060617B681B683A680A439A60786888
:10F5800000F012F87B681B68FA681A607B6820221A
:10F59000C3F888207B68002283F884200023184663
:10F5A0001037BD4680BD000080B485B000AF7860E4
:10F5B0007B685B6E002B08D17B680122A3F86A2070
:10F5C0007B680122A3F8682031E00823FB7308233D
:10F5D000BB737B681B689B685B0EDBB203F00703A1
:10F5E0007B737B681B689B685B0FDBB203F00703D0
:10F5F0003B73BB7B3A7B11498A5C02FB03F33A7B8A
:10F600000F498A5C93FBF2F39AB27B68A3F86A20F5
:10F61000FB7B7A7B09498A5C02FB03F37A7B08490E
:10F620008A5C93FBF2F39AB27B68A3F8682000BF70
:10F630001437BD465DF8047B704700BF20E6030821
:10F6400028E6030880B483B000AF786039607B6837
:10F650003A689A6200BF0C37BD465DF8047B70477C
:10F6600080B483B000AF786039607B683A68DA6252
:10F6700000BF0C37BD465DF8047B704780B483B093
:10F6800000AF786039607B683A681A6300BF0C3756
:10F69000BD465DF8047B704780B483B000AF7860EE
:10F6A0007B685B6943F001027B685A6100BF0C37DD
:10F6B000BD465DF8047B704780B584B000AF7860CC
:10F6C00039607B681B68FB607B682B4A934207D0DC
:10F6D0007B68B3F1804F03D07B68284A934206D100
:10F6E000FB6823F070023B685B681343FB607B6838
:10F6F000214A93420FD07B68B3F1804F0BD07B68D7
:10F700001E4A934207D07B681D4A934203D07B6810
:10F710001C4A934206D1FB6823F440723B68DB68C5
:10F720001343FB607B68FA681A603B689B68194664
:10F730007868FFF795FF3B681B8819467868FFF7E4
:10F7400081FF7B680C4A934207D07B680C4A934246
:10F7500003D07B680B4A934205D13B681B6919466D
:10F760007868FFF78BFF7868FFF796FF002318464D
:10F770001037BD4680BD00BF002C01400004004092
:10F78000004401400048014080B485B000AF78607B
:10F790007B6801331B78FB81B7F90E301B021AB26C
:10F7A0007B681B781BB213431BB2FB81FB89184695
:10F7B0001437BD465DF8047B704780B485B000AF58
:10F7C00078607B6803331B78FB60FB681B027A68F8
:10F7D000023212781343FB60FB681B027A68013225
:10F7E00012781343FB60FB681B027A68127813439C
:10F7F000FB60FB6818461437BD465DF8047B704714
:10F8000080B483B000AF78600B467B807B685A1C65
:10F810007A607A88D2B21A707B881B0A7B807B68F8
:10F820005A1C7A607A88D2B21A7000BF0C37BD4673
:10F830005DF8047B704780B483B000AF78603960B6
:10F840007B685A1C7A603A68D2B21A703B681B0A0D
:10F850003B607B685A1C7A603A68D2B21A703B6887
:10F860001B0A3B607B685A1C7A603A68D2B21A70F5
:10F870003B681B0A3B607B685A1C7A603A68D2B2CC
:10F880001A7000BF0C37BD465DF8047B704780B42A
:10F8900083B000AF0346FB718122FB7993420FD303
:10F8A0009F22FB79934201D801230AE0E022FB79F1
:10F8B000934205D3FC22FB79934201D8012300E057
:10F8C000002318460C37BD465DF8047B704780B4B2
:10F8D00083B000AF0346FB714022FB79934219D3FA
:10F8E0007E22FB79934201D8012314E08022FB7928
:10F8F000934205D3FC22FB79934201D801230AE00D
:10F900000022FB79934205D30022FB79934201D870
:10F91000012300E0002318460C37BD465DF8047B48
:10F92000704780B586B000AF78607B681B687B61EC
:10F930007B695A1C7A611B787B827B8ADBB2184612
:10F94000FFF7A5FF0346002B15D07B695A1C7A618F
:10F950001B787B747B7C1846FFF7B9FF0346002BAE
:10F9600002D14FF0FF331DE07B8A1B029AB27B7CF1
:10F970009BB213447B827B8A002B0DD07B8A4FF491
:10F980006971184602F0E2FB03467B827B8A002BFA
:10F9900002D14FF0FF3305E07B8AFB607B687A6918
:10F9A0001A60FB6818461837BD4680BD80B584B024
:10F9B00000AF78600023FB737B681B79002B2CD091
:10F9C0007B6858787B6803F138017B685A6A0123A9
:10F9D00002F0E4FC0346002B1DD17B6800221A7163
:10F9E0007B685A6A7B68DB6AD21A7B681B6A9A4218
:10F9F00013D27B68DB78022B0FD17B6858787B6849
:10FA000003F138017B685A6A7B681B6A1A44012338
:10FA100002F0C4FC01E00123FB73FB7B18461037A6
:10FA2000BD4680BD80B584B000AF786039600023EA
:10FA3000FB737B685B6A3A689A421BD07868FFF771
:10FA4000B5FF0346FB73FB7B002B13D17B68587813
:10FA50007B6803F1380101233A6802F087FC034612
:10FA6000002B04D04FF0FF333B600123FB737B6816
:10FA70003A685A62FB7B18461037BD4680BD0000CD
:10FA800080B584B000AF78607868FFF78FFF0346D9
:10FA9000FB73FB7B002B57D17B685B79012B47D134
:10FAA0007B6800225A717B681B78032B40D17B68EE
:10FAB00038334FF48052002118462CF083F87B68CD
:10FAC000383324491846FFF7B6FE7B68383303F510
:10FAD000F27321491846FFF7AEFE7B68383303F511
:10FAE000F4727B689B6919461046FFF7A4FE7B6899
:10FAF000383303F5F6727B685B6919461046FFF7E9
:10FB00009AFE7B68383303F5FE7314491846FFF7F5
:10FB100092FE7B6858787B6803F138017B689B6AAA
:10FB20005A1C7B685A627B685A6A012302F036FCD1
:10FB30007B685B7800220021184602F047FC0346F0
:10FB4000002B01D00123FB73FB7B18461037BD4609
:10FB500080BD00BF5252614172724161000055AADE
:10FB600080B483B000AF786039603B68023B3B6093
:10FB70007B68DB69023B3A689A4201D3002308E0C4
:10FB80007B685A6B7B685B8919463B6801FB03F312
:10FB9000134418460C37BD465DF8047B704780B5AA
:10FBA00086B000AF786039607B681B683B613B685A
:10FBB000012B04D93B69DB693A689A4202D30123DD
:10FBC0007B61BAE04FF0FF337B613B691B78032B0D
:10FBD00000F08280032B00F3A680012B02D0022BC1
:10FBE00055D0A0E03B68FB60FB685B08FA681344F3
:10FBF000FB603B69DA6A3B699B891946FB68B3FB8A
:10FC0000F1F3134419463869FFF70CFF0346002B44
:10FC100040F08C80FB685A1CFA603A699289B3FB09
:10FC2000F2F101FB02F29B1A3A69134493F838305F
:10FC3000BB603B69DA6A3B699B891946FB68B3FB89
:10FC4000F1F3134419463869FFF7ECFE0346002B25
:10FC50006ED13B699B891A46FB68B3FBF2F101FB4D
:10FC600002F29B1A3A69134493F838301B02BA68BF
:10FC70001343BB603B6803F00103002B02D0BB6859
:10FC80001B0902E0BB68C3F30B037B6155E03B69D2
:10FC9000DA6A3B699B895B089BB219463B68B3FBF8
:10FCA000F1F3134419463869FFF7BCFE0346002BF5
:10FCB00040D13B6903F138013B685B003A699289A6
:10FCC000B3FBF2F000FB02F29B1A0B441846FFF75D
:10FCD0005BFD03467B6130E03B69DA6A3B699B89E7
:10FCE0009B089BB219463B68B3FBF1F313441946DA
:10FCF0003869FFF797FE0346002B1DD13B6903F1DE
:10FD000038013B689B003A699289B3FBF2F000FB33
:10FD100002F29B1A0B441846FFF74FFD034623F0EF
:10FD200070437B6109E001237B6106E000BF04E0D2
:10FD300000BF02E000BF00E000BF7B691846183733
:10FD4000BD4680BD90B589B000AFF860B9607A60FB
:10FD50000223FB77BB68012B40F20981FB68DB695A
:10FD6000BA689A4280F00381FB681B78032B00F08D
:10FD7000B680032B00F3FB80012B03D0022B00F095
:10FD80008380F4E0BB68BB61BB695B08BA6913445C
:10FD9000BB61FB68DA6AFB689B891946BB69B3FBE8
:10FDA000F1F313441946F868FFF73CFE0346FB776E
:10FDB000FB7F002B40F0D480FB6803F13801BB6966
:10FDC0005A1CBA61FA689289B3FBF2F000FB02F2A6
:10FDD0009B1A0B447B61BB6803F00103002B0DD021
:10FDE0007B691B785BB203F00F035AB27B685BB28E
:10FDF0001B015BB213435BB2DBB201E07B68DBB299
:10FE00007A691370FB6801221A71FB68DA6AFB6871
:10FE10009B891946BB69B3FBF1F313441946F86893
:10FE2000FFF700FE0346FB77FB7F002B40F09A8034
:10FE3000FB6803F13801FB689B891A46BB69B3FB79
:10FE4000F2F000FB02F29B1A0B447B61BB6803F0EB
:10FE50000103002B03D07B681B09DBB20EE07B693A
:10FE60001B785BB223F00F035AB27B681B0A5BB2AC
:10FE700003F00F035BB213435BB2DBB27A6913701A
:10FE8000FB6801221A7172E0FB68DA6AFB689B89E1
:10FE90005B089BB21946BB68B3FBF1F313441946E8
:10FEA000F868FFF7BFFD0346FB77FB7F002B5BD1B4
:10FEB000FB6803F13801BB685B00FA689289B3FB09
:10FEC000F2F000FB02F29B1A0B447A6892B21146E0
:10FED0001846FFF795FCFB6801221A7147E0FB68A2
:10FEE000DA6AFB689B899B089BB21946BB68B3FB27
:10FEF000F1F313441946F868FFF794FD0346FB77C6
:10FF0000FB7F002B32D17B6823F07044FB6803F148
:10FF10003801BB689B00FA689289B3FBF2F000FBE2
:10FF200002F29B1A0B441846FFF747FC034603F006
:10FF3000704323437B60FB6803F13801BB689B007F
:10FF4000FA689289B3FBF2F000FB02F29B1A0B44B1
:10FF500079681846FFF76FFCFB6801221A7106E00A
:10FF600000BF04E000BF02E000BF00E000BFFB7F75
:10FF700018462437BD4690BD80B588B000AFF86004
:10FF8000B9607A600023FB77FB681B68BB61BB68C4
:10FF9000012B04D9BB69DB69BA689A4201D30223F9
:10FFA0004BE07B68002B0CD04FF0FF327968B869CA
:10FFB000FFF7C8FE0346FB77FB7F002B01D0FB7FDA
:10FFC0003BE0B968F868FFF7EAFD78617B69002BD0
:10FFD00031D07B69012B01D102232EE07B69B3F183
:10FFE000FF3F01D1012328E00022B968B869FFF77B
:10FFF000A9FE0346FB77FB7F002B01D0FB7F1CE0B3
:020000040801F1
:10000000BB699A69BB69DB69023B9A420BD2BB6947
:100010009B695A1CBB699A61BB695B7943F0010318
:10002000DAB2BB695A717B69BB60BB69DB69BA68CC
:100030009A42C6D300E000BF002318462037BD46D1
:1000400080BD80B588B000AF786039607B681B6880
:100050003B613B68002B0DD13B695B69BB61BB69B0
:10006000002B04D03B69DB69BA699A421BD3012398
:10007000BB6118E039687868FFF791FDF860FB68AC
:10008000012B01D80123ADE0FB68B3F1FF3F01D1A3
:10009000FB68A7E03B69DB69FA689A4201D2FB681A
:1000A000A0E03B68BB613B699B69002B01D1002349
:1000B00098E00023FB61BA693B689A4229D1BB6989
:1000C0000133FB613B69DB69FA699A4201D3022380
:1000D000FB61F9697868FFF762FDF860FB68012B46
:1000E00003D0FB68B3F1FF3F01D1FB687AE0FB6806
:1000F000002B0ED03B695B69FB60FB68012B06D9C6
:100100003B69DB69FA689A4201D2FB68BB61002354
:10011000FB61FB69002B29D1BB69FB61FB690133E2
:10012000FB613B69DB69FA699A4207D30223FB61F1
:10013000FA69BB699A4201D9002353E0F9697868EA
:10014000FFF72DFDF860FB68002B0ED0FB68012B3C
:1001500003D0FB68B3F1FF3F01D1FB6842E0FA69CD
:10016000BB699A42DAD100233CE000BF4FF0FF3276
:10017000F9693869FFF7E6FD0346FB75FB7D002B47
:1001800009D13B68002B06D0FA6939683869FFF756
:10019000D9FD0346FB75FB7D002B1AD13B69FA693B
:1001A0005A613B699B69002B1BD03B699A693B698B
:1001B000DB69023B9A4214D83B699B695A1E3B6932
:1001C0009A613B695B7943F00103DAB23B695A718A
:1001D00007E0FB7D012B02D14FF0FF3300E001234C
:1001E000FB61FB6918462037BD4680BD80B586B0EF
:1001F00000AF786039607868FFF7D8FB0346002BC2
:1002000001D0012336E039687868FFF7A9FC38612E
:100210007B683A695A627B6838334FF48052002118
:1002200018462BF0CFFC7B683833FB600123BB60A2
:1002300000237B6103E07A69BB6813447B617B68C0
:100240005B891A467B6993420BD27B6858783A697E
:100250007B691A44BB68F96802F0A0F80346002BDA
:10026000E9D07B685B891A467B69934214BF0123FE
:100270000023DBB218461837BD4680BD80B586B076
:1002800000AF786039607B681B683B613B68B3F501
:10029000001F04D23B6803F01F03002B01D0022390
:1002A00071E07B683A681A617B689B687B617B6957
:1002B000002B06D13B691B78022B02D93B691B6BD3
:1002C0007B617B69002B0CD13B685B093A69128921
:1002D000934201D3022356E03B691A6B7B689A6113
:1002E0002DE03B695B891A463B699B8902FB03F35E
:1002F000FB6019E07B6879691846FFF750FC78616C
:100300007B69B3F1FF3F01D101233CE07B69012B05
:1003100004D93B69DB697A699A4201D3022332E04E
:100320003A68FB68D31A3B603A68FB689A42E1D2AC
:1003300079693869FFF714FC02467B689A617B682B
:100340007A695A617B689B69002B01D102231AE00C
:100350007B689A693B699B8919463B68B3FBF1F35B
:100360001A447B689A613B6903F138013B699B89B8
:100370001A463B68B3FBF2F000FB02F29B1ACA1864
:100380007B68DA61002318461837BD4680BD80B50A
:1003900086B000AF786039607B681B683B617B6822
:1003A0001B692033FB60FB68B3F5001F02D37B6839
:1003B00000229A617B689B69002B01D1042388E0AD
:1003C0003B699B891A46FB68B3FBF2F101FB02F221
:1003D0009B1A002B6AD17B689B695A1C7B689A61C7
:1003E0007B685B69002B0AD1FB685B093A6912895B
:1003F00093425BD37B6800229A61042369E03B69E6
:100400009B891A46FB68B3FBF2F33A695289013AB9
:100410001340002B4AD17A687B685B691946104605
:10042000FFF7BDFB78617B69012B01D8022350E007
:100430007B69B3F1FF3F01D101234AE03B69DB69EE
:100440007A699A4228D33B68002B04D17B6800224A
:100450009A6104233DE07A687B685B69194610461F
:10046000FFF7EFFD78617B69002B01D1072330E0B6
:100470007B69012B01D102232BE07B69B3F1FF3FA4
:1004800001D1012325E079693869FFF7AFFE034602
:10049000002B01D001231CE07B687A695A617969DD
:1004A0003869FFF75DFB02467B689A617B68FA68F2
:1004B0001A613B6903F138013B699B891A46FB6865
:1004C000B3FBF2F000FB02F29B1ACA187B68DA61F8
:1004D000002318461837BD4680BD80B586B000AFF2
:1004E000786039607B681B68FB6000217868FFF7E3
:1004F000C5FE0346FB75FB7D002B2BD100233B6122
:100500007B689B691946F868FFF78CFA0346FB7510
:10051000FB7D002B1DD17B68DB691B78E52B04D0AC
:100520007B68DB691B78002B07D13B6901333B619A
:100530003A693B689A4202D10CE000233B610121F9
:100540007868FFF724FF0346FB75FB7D002BD7D0AF
:1005500000E000BFFB7D042B01D10723FB75FB7D71
:1005600018461837BD4680BD80B584B000AF7860AE
:1005700039603B681A331846FFF706F90346FB60FB
:100580007B681B78032B09D13B6814331846FFF7AF
:10059000FBF803461B04FA681343FB60FB6818462C
:1005A0001037BD4680BD80B584B000AFF860B9603B
:1005B0007A60BB681A337A6892B211461846FFF720
:1005C0001FF9FB681B78032B09D1BB6803F11402E8
:1005D0007B681B0C9BB219461046FFF711F900BF50
:1005E0001037BD4680BD000090B587B000AF786081
:1005F00039603B681A331846FFF7C6F80346002BEC
:1006000001D0002359E03B681B7803F03F03013B16
:100610001A4613465B0013449B0013447B6101237D
:10062000FB8100233B6132E0264A3B6913441B787F
:100630001A463B6813441846FFF7A6F80346BB81E9
:10064000FB89002B19D07B69FF2B11D8BB89184679
:1006500001F0D4FD04467B695A1C7A615B007A681C
:1006600013441B88184601F0C9FD03469C4201D083
:10067000002322E0BB89FB8106E0BB894FF6FF72B5
:10068000934201D0002318E03B6901333B613B6991
:100690000C2BC9D93B681B7803F04003002B0BD00F
:1006A000FB89002B08D07B695B007A6813441B88A8
:1006B000002B01D0002300E0012318461C37BD4663
:1006C00090BD00BF30E6030880B588B000AFF86089
:1006D000B96011461A460B46FB711346BB71BB68E5
:1006E0000D33BA791A70BB680B330F221A70BB68CE
:1006F0000C3300221A70BB681A3300211846FFF72A
:100700007FF8FB79013B1A4613465B0013449B00BC
:100710001344FB610023FB820023BB61FB8A4FF67D
:10072000FF72934207D0FB695A1CFA615B00FA68BA
:1007300013441B88FB82174ABB6913441B781A4673
:10074000BB681344FA8A11461846FFF759F8FB8A2A
:10075000002B02D14FF6FF73FB82BB690133BB61F3
:10076000BB690C2BDAD9FB8A4FF6FF72934206D095
:10077000FB695B00FA6813441B88002B03D1FB79EB
:1007800043F04003FB71BB68FA791A7000BF203751
:10079000BD4680BD30E6030880B58CB000AFF86080
:1007A000B9607A607B800B22B968F8682BF04FFA49
:1007B0007B88052B2BD97B88FB6122E07B689A1C08
:1007C0007A601B887B840023BB6217E0FB695A00B8
:1007D0007B8C03F001031344FB617B8C5B087B84FF
:1007E000FB6903F48033002B05D0FB6983F4883365
:1007F00083F02103FB61BB6A0133BB62BB6A0F2B31
:10080000E4D97B681B88002BD8D1FB697B80072348
:10081000BB627B88DBB203F00F03DBB2303387F8B7
:100820002F307B881B097B8097F82F30392B04D918
:1008300097F82F30073387F82F30BB6A5A1EBA62F9
:1008400030333B4497F82F2003F81C2CBB6A002B55
:1008500002D07B88002BDCD107F11402BB6A134461
:100860007E221A7000237B6214E0FA687B6A1344CC
:100870001B781846FFF70BF80346002B07D0BB6A1E
:10088000013B7A6A9A4210D07B6A01337B627B6AB1
:1008900001337B627A6ABB6A9A4207D2FA687B6A42
:1008A00013441B78202BE0D100E000BFBB6A072B6C
:1008B00007D8BB6A5A1CBA6230333B4413F81C1C7D
:1008C00000E020217B6A5A1C7A62FA6813440A46C7
:1008D0001A707B6A072BE9D900BF00BF3037BD46CD
:1008E00080BD80B485B000AF78600023FB730B231C
:1008F000BB60FB7BDAB25208DB011343DAB27B68E0
:10090000591C79601B781344FB73BB68013BBB60C7
:10091000BB68002BEDD1FB7B18461437BD465DF854
:10092000047B704780B586B000AF78607B681B6839
:100930003B6100217868FFF7A1FC0346FB75FB7D56
:10094000002B01D0FB7DA9E0FF233B753B7D7B7530
:100950007B684FF0FF32DA627B689B691946386921
:10096000FFF760F80346FB75FB7D002B40F090809D
:100970007B68DB691B78BB75BB7D002B02D1042330
:10098000FB758AE07B68DB690B331B7803F03F0360
:10099000FB737B68FA7B9A71BB7DE52B07D0FB7BF1
:1009A00003F00803002B09D0FB7B0F2B06D0FF239D
:1009B0007B757B684FF0FF32DA625EE0FB7B0F2BCA
:1009C00036D17B6893F82B3003F04003002B54D1D1
:1009D000BB7D03F04003002B0DD0BB7D23F0400313
:1009E000BB75BB7D7B757B681A697B68DA627B6847
:1009F000DB695B7B3B75BA7D7B7D9A4215D17B6859
:100A0000DB690D331B783A7D9A420ED13B691A6936
:100A10007B68DB6919461046FFF7E6FD0346002BAD
:100A200003D07B7D013BDBB200E0FF237B7524E03C
:100A30007B7D002B09D17B68DB691846FFF751FFEE
:100A400003461A463B7D934224D07B6893F82B30B3
:100A500003F00103002B0AD17B68D8697B6820333F
:100A60000B2219462BF09EF80346002B14D0FF23CF
:100A70007B757B684FF0FF32DA6200217868FFF700
:100A800086FC0346FB75FB7D002B3FF465AF04E05D
:100A900000BF02E000BF00E000BFFB7D1846183732
:100AA000BD4680BD80B58CB000AF78607B681B68A8
:100AB000FB617B6893F82B3003F0A003002B01D07F
:100AC0000623E1E000237B6202E07B6A01337B6264
:100AD000FB691A697B6A5B0013441B88002BF4D105
:100AE0007B6803F1200207F10C03106851689268DB
:100AF00007C3FB7D03F00103002B33D07B6840224A
:100B000083F82B200123BB6217E07B6803F12000F0
:100B1000FB691A69BB6A9BB207F10C01FFF73CFE47
:100B20007868FFF7FFFE034687F82F3097F82F30DD
:100B3000002B06D1BB6A0133BB62BB6A632BE4D9CD
:100B400000E000BFBB6A642B01D107239CE097F84B
:100B50002F30042B02D097F82F3095E0FA7D7B6878
:100B600083F82B20FB7D03F00203002B07D07B6A68
:100B70000C33474AA2FB03239B08013300E0012307
:100B80003B62396A7868FFF7A8FC034687F82F3084
:100B900097F82F30002B48D13B6A013B3B623B6A00
:100BA000002B42D07B681A693B6A5B01D31A194655
:100BB0007868FFF763FB034687F82F3097F82F30EC
:100BC000002B32D17B6820331846FFF78AFE03469C
:100BD000FB767B689B691946F869FEF723FF03469D
:100BE00087F82F3097F82F30002B1DD1FB6918693B
:100BF0007B68D9693B6ADAB2FB7EFFF765FDFB696A
:100C000001221A7100217868FFF7C1FB034687F8BB
:100C10002F3097F82F30002B07D13B6A013B3B6206
:100C20003B6A002BD5D100E000BF97F82F30002B96
:100C300028D17B689B691946F869FEF7F3FE0346E5
:100C400087F82F3097F82F30002B1BD17B68DB699A
:100C50002022002118462AF0B5FF7B68D8697B68FE
:100C600020330B2219462AF0F2FF7B6893F82B20E1
:100C70007B68DB690C3302F01802D2B21A70FB6990
:100C800001221A7197F82F3018463037BD4680BDC3
:100C90004FECC44E80B58AB000AF786039603B68D5
:100CA0001B68BB607B681B681B693B6100237B6121
:100CB00007F108031846FEF734FEF860FB68B3F14D
:100CC000FF3F01D10623B5E1FB68B3F5803F09D3AF
:100CD000FB68190C7B695A1C7A615B003A69134402
:100CE0008AB21A80FB68BB84BB8C1F2B20D9BB8CBB
:100CF0002F2B1DD0BB8C5C2B1AD0BB8C7F2B09D823
:100D0000BB8C194691482AF065FF0346002B01D0A1
:100D100006238FE17B69FE2B01D906238AE17B69DB
:100D20005A1C7A615B003A691344BA8C1A80BFE797
:100D3000BB8C1F2B06D8042387F8263014E0BB6831
:100D40000133BB60BB681B782F2BF8D0BB681B78C6
:100D50005C2BF4D0002387F82630BB681B781F2B50
:100D600002D8042387F82630BA683B681A6011E07D
:100D70007B6903F10043013B5B003A6913441B8824
:100D8000BB84BB8C202B02D0BB8C2E2B06D17B6965
:100D9000013B7B617B69002BEAD100E000BF7B69EE
:100DA0005B003A69134400221A807B69002B01D151
:100DB00006233FE10023BB6102E0BB690133BB6155
:100DC000BB695B003A6913441B88202BF5D0BB69D3
:100DD000002B06D1BB695B003A6913441B882E2B9C
:100DE00009D197F8263043F0030387F8263002E054
:100DF0007B69013B7B617B69002B09D07B6903F137
:100E00000043013B5B003A6913441B882E2BEFD152
:100E10007B6820330B22202118462AF0D3FE0023C2
:100E200087F8273000233B620823FB61BB695A1C0B
:100E3000BA615B003A6913441B88BB84BB8C002BEE
:100E400000F0AE80BB8C202B06D0BB8C2E2B0AD1A1
:100E5000BA697B699A4206D097F8263043F00303BB
:100E600087F826309BE03A6AFB699A4203D2BA6956
:100E70007B699A4223D1FB690B2B06D197F8263068
:100E800043F0030387F826308DE0BA697B699A4204
:100E900005D097F8263043F0030387F82630BA6967
:100EA0007B699A427ED87B69BB6108233B620B2336
:100EB000FB6197F827309B0087F827306FE0BB8CE9
:100EC0007F2B11D997F8263043F0020387F826309C
:100ED000BB8C184601F092F903464FF4697118462D
:100EE00001F0D8F80346BB84BB8CFF2B1AD9FB69F1
:100EF000013B3A6A9A4208D397F8263043F003033D
:100F000087F82630FB693B6249E0BB8C1B0A99B22B
:100F10003B6A5A1C3A62C9B27A6813440A4683F89B
:100F2000202032E0BB8C002B07D0BB8C1946084830
:100F30002AF050FE0346002B0CD05F23BB8497F8A9
:100F4000263043F0030387F826301EE068C5030807
:100F500074C50308BB8C402B08D9BB8C5A2B05D811
:100F600097F8273043F0020387F82730BB8C602BBB
:100F70000BD9BB8C7A2B08D897F8273043F00103A4
:100F800087F82730BB8C203BBB843B6A5A1C3A62F3
:100F9000BA8CD1B27A6813440A4683F8202045E718
:100FA00000BF00E000BF7B6893F82030E52B03D141
:100FB0007B68052283F82020FB69082B04D197F871
:100FC00027309B0087F8273097F8273003F00C0371
:100FD0000C2B05D097F8273003F00303032B05D122
:100FE00097F8263043F0020387F8263097F826302A
:100FF00003F00203002B17D197F8273003F0010309
:10100000002B05D097F8263043F0100387F82630E0
:1010100097F8273003F00403002B05D097F826300B
:1010200043F0080387F826307B6897F8262083F87A
:101030002B20002318462837BD4680BD80B586B0DA
:1010400000AF786039607B681B683B6102E03B68F9
:1010500001333B603B681B782F2BF8D03B681B7833
:101060005C2BF4D07B6800229A603B681B781F2BB6
:101070000AD87B68802283F82B2000217868FFF74C
:10108000FDF80346FB7548E03B4619467868FFF7D4
:1010900001FE0346FB75FB7D002B39D17B6893F87D
:1010A0002B30FB737868FFF73DFC0346FB75FB7D37
:1010B000002B0AD0FB7D042B2CD1FB7B03F0040317
:1010C000002B27D10523FB7524E0FB7B03F00403F1
:1010D000002B21D17B689B7903F01003002B02D1F8
:1010E0000523FB7519E03B6903F138017B681B6937
:1010F0003A699289B3FBF2F000FB02F29B1A0B44AF
:1011000019463869FFF730FA02467B689A60BBE7F8
:1011100000BF02E000BF00E000BFFB7D18461837AB
:10112000BD4680BD80B487B000AF78607B681B6827
:10113000FB60FB687B61FB68002B02D14FF0FF3343
:101140002CE07B695A1C7A611B78FB72FB7A1F2B9F
:1011500002D9FB7A3A2BF4D1FB7A3A2B1DD1012329
:101160003B61FB681B782F2B0CD9FB681B78392B54
:1011700008D8FB6802337A699A4203D1FB681B786E
:10118000303B3B613B69002B02DD4FF0FF3305E054
:101190007B687A691A603B6900E0002318461C37B7
:1011A000BD465DF8047B704780B584B000AF7860C1
:1011B00039607B6800221A717B684FF0FF325A62F7
:1011C00039687868FEF72EFC0346002B01D0042313
:1011D00088E07B68383303F5FF731846FEF7D4FACE
:1011E0000346FB817B6893F838307B737B7BEB2B6A
:1011F00005D07B7BE92B02D07B7BE82B6AD1FB8976
:101200004AF6552293420CD17B6838335233082278
:10121000364918462AF0C6FC0346002B01D10023AC
:1012200060E07B6838330B331846FEF7ADFA0346AF
:101230007B817B6893F845307B737A897B89013B9E
:101240001340002B46D17B89B3F5007F42D37B89C5
:10125000B3F5805F3ED87B7B002B3BD07A7B7B7BDA
:10126000013B1340002B35D17B6838330E331846D1
:10127000FEF78AFA0346002B2CD07B6893F848309F
:10128000013B012B26D87B68383311331846FEF713
:101290007BFA0346002B1DD07B6838331333184686
:1012A000FEF772FA03467F2B09D87B683833203368
:1012B0001846FEF782FA0346B3F5803F0AD37B68EF
:1012C000383316331846FEF75FFA0346002B01D079
:1012D000002307E0FB894AF65522934201D10223FD
:1012E00000E0032318461037BD4680BD7CC50308C7
:1012F00080B588B000AF7860396000217868FFF76A
:1013000053FFB861BB69022B07D0BB69022B02D81F
:101310003B68002B01D1BB6945E00023FB6114E071
:101320007B6803F13802FB691B0103F5E373134487
:101330001846FEF742FA0246FB699B0020333B4405
:1013400043F8182CFB690133FB61FB69032BE7D9D8
:101350003B68002B02D03B68013B00E00023FB61AF
:10136000FB699B0020333B4453F8183C002B0BD007
:10137000FB699B0020333B4453F8183C19467868BE
:10138000FFF712FF034600E00323BB613B68002B1D
:1013900008D1BB69012B05D9FB690133FB61FB69EE
:1013A000032BDDD9BB6918462037BD4680BD000040
:1013B00080B590B000AFF860B9601346FB71BB68B0
:1013C00000221A60F868FFF7ADFEF862FB6A002B96
:1013D00001DA0B2312E2A24AFB6A52F82330BB6205
:1013E000BB6A002B01D10C2308E2BB68BA6A1A6001
:1013F000FB7923F00103FB71BB6A1B78002B1AD029
:10140000BB6A5B78184600F08BFF034687F82730ED
:1014100097F8273003F00103002B0CD1FB79002B48
:1014200007D097F8273003F00403002B01D00A23DC
:10143000E4E10023E2E1BB6A00221A70BB6A5B7838
:10144000184600F080FF034687F8273097F82730CA
:1014500003F00103002B01D00323CFE1FB79002B24
:1014600007D097F8273003F00403002B01D00A239C
:10147000C4E1BB6A5878BB6A0C331A46022100F0FB
:10148000A5FF0346002B01D00123B7E1BB6A9B896E
:10149000B3F5805F0DD8BB6A9B89B3F5007F08D395
:1014A000BB6A9B891A46BB6A9B89013B1340002B90
:1014B00001D00123A2E10021B86AFFF719FFF86308
:1014C000FB6B042B01D1012398E1FB6B012B01D9AC
:1014D0000D2393E1BB6A5B6A3B62BB6A38330B3313
:1014E0001846FEF751F903461A46BB6A9B899A4291
:1014F00001D00D2382E1BB6A383316331846FEF75C
:1015000043F903467B637B6B002B06D1BB6A383300
:1015100024331846FEF751F97863BB6A7A6B1A6276
:10152000BB6A93F84820BB6ADA70BB6ADB78012B90
:1015300005D0BB6ADB78022B01D00D235EE1BB6ACC
:10154000DB781A467B6B02FB03F37B63BB6A93F881
:1015500045301A46BB6A5A81BB6A5B89002B08D0AA
:10156000BB6A5B891A46BB6A5B89013B1340002B4F
:1015700001D00D2342E1BB6A383311331846FEF720
:1015800003F903461A46BB6A1A81BB6A1B89BA6A09
:101590009289520992B2B3FBF2F101FB02F29B1A5B
:1015A0009BB2002B01D00D2328E1BB6A38331333E3
:1015B0001846FEF7E9F80346BB63BB6B002B06D168
:1015C000BB6A383320331846FEF7F7F8B863BB6AB6
:1015D00038330E331846FEF7D7F80346FB83FB8BF0
:1015E000002B01D10D2309E1FA8B7B6B1344BA6AFE
:1015F0001189BA6A9289520992B2B1FBF2F292B29F
:101600001344BB61BA6BBB699A4201D20D23F5E06A
:10161000BA6BBB69D31ABA6A5289B3FBF2F37B6126
:101620007B69002B01D10D23E8E00023FB637B697C
:101630000C4A934201D80323FB637B694FF6F57292
:10164000934201D80223FB637B6940F6F572934213
:1016500001D80123FB63FB6B002B05D10D23CDE0EB
:1016600070E40020F5FFFF0F7B699A1CBB6ADA610A
:10167000BB6A3A6A9A62FA8B3B6A1A44BB6ADA62BC
:101680003A6ABB691A44BB6A5A63FB6B032B1ED1CF
:10169000BB6A38332A331846FEF776F80346002B28
:1016A00001D00D23AAE0BB6A1B89002B01D00D23BA
:1016B000A4E0BB6A38332C331846FEF77EF80246A6
:1016C000BB6A1A63BB6ADB699B003B631EE0BB6AB3
:1016D0001B89002B01D10D2390E0BB6ADA6A7B6B7A
:1016E0001A44BB6A1A63FB6B022B03D1BB6ADB692A
:1016F0005B000AE0BB6ADA6913465B0013445A08D0
:10170000BB6ADB6903F0010313443B63BB6A1A6ADB
:10171000BB6A9B8919463B6B0B44013BB96A8989BB
:10172000B3FBF1F39A4201D20D2367E0BB6A4FF09D
:10173000FF329A61BB6A9A69BB6A5A61BB6A8022AE
:101740005A71FB6B032B47D1BB6A383330331846D1
:10175000FEF71AF80346012B3ED13B6A01331946C6
:10176000B86AFEF75FF90346002B35D1BB6A002249
:101770005A71BB6A38331846FEF71FF80346214AF0
:10178000934229D1BB6A383303F5F2731846FEF74A
:1017900014F803461C4A93421ED1BB6A383303F542
:1017A000FE731846FEF709F80346184A934213D110
:1017B000BB6A383303F5F4731846FDF7FEFF0246A3
:1017C000BB6A9A61BB6A383303F5F6731846FDF7B6
:1017D000F4FF0246BB6A5A61FB6BDAB2BB6A1A704D
:1017E0000B4B1B8801339AB2094B1A80084B1A889D
:1017F000BB6ADA80BB6A074A1A6100231846403781
:10180000BD4680BD5252614172724161000055AACD
:1018100074E4002078E4002080B584B000AF7860E4
:1018200039600923FB737B68002B1CD07B681B6825
:10183000002B18D07B681B681B78002B13D07B68AB
:101840009A887B681B68DB889A420CD17B681B688E
:101850005B78184600F064FD034603F00103002B9B
:1018600001D10023FB73FB7B002B02D17B681B683B
:1018700000E000233A681360FB7B18461037BD4632
:1018800080BD000080B588B000AFF860B960134635
:10189000FB71BB683B6107F110031846FFF742FC80
:1018A000F861FB69002B01DA0B232EE0194AFB6972
:1018B00052F82330BB61BB69002B07D0154AFB6986
:1018C000002142F82310BB6900221A70FB68002B2C
:1018D0000BD0FB68FA69D2B25A70FB6800221A700A
:1018E000FA680C49FB6941F82320FB79002B01D1F0
:1018F00000230AE007F10C0107F108030022184653
:10190000FFF756FD0346FB75FB7D18462037BD46A5
:1019100080BD00BF70E4002080B59AB000AFF860D1
:10192000B9601346FB71FB68002B01D1092385E1E7
:10193000FB7903F03F03FB71FA7907F1140107F11A
:1019400008031846FFF734FD034687F8673097F819
:101950006730002B40F069817A69FB681A607B6907
:10196000BB61BA6807F1180311461846FFF766FB1A
:10197000034687F8673097F86730002B07D197F850
:1019800043305BB2002B02DA062387F86730FB791D
:1019900003F01C03002B78D097F86730002B10D091
:1019A00097F86730042B07D107F118031846FFF7A3
:1019B00079F8034687F86730FB7943F00803FB7139
:1019C00010E0FB7903F00403002B03D0082387F811
:1019D000673007E0BB7F03F01103002B02D0072321
:1019E00087F8673097F86730002B68D1FB7903F0F0
:1019F0000803002B63D000F001FDB8657B6B0E334C
:101A0000B96D1846FDF717FF7B6B1633B96D184695
:101A1000FDF711FF7B697A6B11461846FEF7A4FDAE
:101A200078657B6B0B3320221A707B69796B0022FF
:101A30001846FEF7B8FD7B6B1C3300211846FDF7F6
:101A4000FAFE7B6901221A717B6D002B37D07B690E
:101A50005B6A3B6507F118030022796D1846FEF7B3
:101A60008BFA034687F8673097F86730002B26D14A
:101A70007B69396D1846FDF7D5FF034687F8673057
:101A80007B697A6D013A5A6119E097F86730002B4B
:101A900015D1BB7F03F01003002B03D0042387F87C
:101AA00067300CE0FB7903F00203002B07D0BB7F0B
:101AB00003F00103002B02D0072387F8673097F863
:101AC0006730002B0FD1FB7903F00803002B03D004
:101AD000FB7943F04003FB717B695A6AFB681A6229
:101AE0007A6BFB685A6297F86730002B40F09D8054
:101AF0007B697A6B11461846FEF736FD0246FB6895
:101B00009A607B6B1C331846FDF757FE0246FB6854
:101B1000DA607B69DA88FB689A80FB68FA791A7464
:101B2000FB6800225A74FB680022DA61FB6800221D
:101B30005A61FB6828334FF48052002118462AF07E
:101B400041F8FB7903F02003002B6ED0FB68DB68C3
:101B5000002B6AD0FB68DA68FB685A617B695B8995
:101B60001A467B699B8902FB03F3FB64FB689B6855
:101B70003B66FB68DB68FB6516E0FB68396E184660
:101B8000FEF70DF838663B6E012B02D8022387F86A
:101B900067303B6EB3F1FF3F02D1012387F8673016
:101BA000FA6DFB6CD31AFB6597F86730002B03D1F5
:101BB000FA6DFB6C9A42E0D8FB683A6E9A6197F82E
:101BC0006730002B31D17B699B891A46FB6DB3FBD3
:101BD000F2F101FB02F29B1A002B26D07B69396ED1
:101BE0001846FDF7BDFFB864BB6C002B03D1022380
:101BF00087F8673019E07B699B891A46FB6DB3FB58
:101C0000F2F2BB6C1A44FB68DA617B695878FB68B6
:101C100003F12801FB68DA69012300F0A7FB034602
:101C2000002B02D0012387F8673097F86730002B2C
:101C300002D0FB6800221A6097F8673018466837B0
:101C4000BD4680BD80B58CB000AFF860B9607A60E9
:101C50003B60BB68FB613B6800221A60FB6807F1D0
:101C6000100211461846FFF7D7FD034687F82F30BC
:101C700097F82F30002B07D1FB685B7C87F82F305B
:101C800097F82F30002B02D097F82F305EE1FB68D9
:101C90001B7C03F00203002B01D1072356E1FB68F4
:101CA0005A697B681A44FB685B699A4280F04081FC
:101CB000FB685B69DB437B603AE1FB685B693A691F
:101CC0009289B3FBF2F101FB02F29B1A002B40F068
:101CD000E580FB685B693A699289B3FBF2F33A6984
:101CE0005289013A1340BB61BB69002B37D1FB68B5
:101CF0005B69002B0CD1FB689B68BB62BB6A002B45
:101D00000ED1FB6800211846FEF79BF9B86207E088
:101D1000FA68FB689B6919461046FEF792F9B862AB
:101D2000BB6A002B00F00981BB6A012B04D1FB6860
:101D300002225A74022309E1BB6AB3F1FF3F04D1C6
:101D4000FB6801225A74012300E1FB68BA6A9A61B8
:101D5000FB689B68002B02D1FB68BA6A9A60FB683B
:101D60001B7C5BB2002B18DA3B695878FB6803F1E7
:101D70002801FB68DA69012300F010FB0346002B01
:101D800004D0FB6801225A740123DFE0FB681B7C4E
:101D900003F07F03DAB2FB681A743A69FB689B6947
:101DA00019461046FDF7DCFE78617B69002B04D1F3
:101DB000FB6802225A740223C8E07A69BB691344A3
:101DC0007B613B699B891A467B68B3FBF2F33B62FC
:101DD0003B6A002B43D0BA693B6A13443A69528983
:101DE000934205D93B695B891A46BB69D31A3B62AA
:101DF0003B6958783B6A7A69F96900F0CFFA034683
:101E0000002B04D0FB6801225A7401239EE0FB687A
:101E1000DA697B69D31A3A6A9A4218D9FB6803F1E6
:101E20002800FB68DA697B69D31A3A69928902FB58
:101E300003F3FA69D1183B699B891A4629F007FF19
:101E4000FB681B7C03F07F03DAB2FB681A743B6902
:101E50009B891A463B6A02FB03F37B624BE0FB68FB
:101E6000DB697A699A4216D0FB685A69FB68DB68BD
:101E70009A4210D23B695878FB6803F1280101238C
:101E80007A6900F073FA0346002B04D0FB68012244
:101E90005A7401235AE0FB687A69DA613B699B89CD
:101EA0001846FB685B693A699289B3FBF2F101FB62
:101EB00002F29B1AC31A7B627A6A7B689A4201D942
:101EC0007B687B62FB6803F12801FB685B693A6908
:101ED0009289B3FBF2F000FB02F29B1A0B447A6A80
:101EE000F969184629F0B3FEFB681B7C63F07F0399
:101EF000DAB2FB681A747A687B6AD31A7B603B6833
:101F00001A687B6A1A443B681A60FA697B6A134450
:101F1000FB61FB685A697B6A1A44FB685A61FB687B
:101F2000DA68FB685B699A4238BF1A46FB68DA6078
:101F30007B68002B7FF4C1AE00E000BFFB681B7C18
:101F400043F04003DAB2FB681A74002318463037B6
:101F5000BD4680BD90B587B000AF78607B6807F163
:101F60000C0211461846FFF757FC0346FB75FB7D34
:101F7000002B69D17B681B7C03F04003002B63D0EE
:101F80007B681B7C5BB2002B15DAFB6858787B689A
:101F900003F128017B68DA69012300F0FFF90346A9
:101FA000002B01D0012350E07B681B7C03F07F03F2
:101FB000DAB27B681A74FA687B681B6A19461046A5
:101FC000FDF730FD0346FB75FB7D002B3CD17B68A4
:101FD0005B6A3B613B690B331A783B690B3342F018
:101FE0002002D2B21A707B6818687B689B681A4618
:101FF0003969FEF7D8FA3B6903F11C027B68DB689C
:1020000019461046FDF717FC3B6903F1160400F072
:10201000F5F9034619462046FDF70DFC3B691233DE
:1020200000211846FDF7ECFBFB6801221A71FB68E2
:102030001846FDF725FD0346FB757B681B7C23F0E6
:102040004003DAB27B681A74FB7D18461C37BD4624
:1020500090BD80B584B000AF78607868FFF77AFFF4
:102060000346FB73FB7B002B0ED17B6807F1080254
:1020700011461846FFF7D0FB0346FB73FB7B002B92
:1020800002D17B6800221A60FB7B18461037BD46E0
:1020900080BD000080B48BB000AF78600B467B80C1
:1020A0000023FB8400233B627B687F2B02D87B6884
:1020B000FB8441E07B68B3F5803F3DD27B88B3F57C
:1020C000697F39D17B687B821F4BFB6041F6DD4322
:1020D0007B610023BB611023FB611EE07A69BB6951
:1020E000D31A5B08BA6913443B623B6A9B00FA68E7
:1020F00013441B887A8A9A4213D03B6A9B00FA6881
:1021000013441B887A8A9A4202D93B6ABB6101E078
:102110003B6A7B61FB69013BFB61FB69002BDDD105
:1021200000E000BFFB69002B06D03B6A9B00023336
:10213000FA6813441B88FB84FB8C18462C37BD4679
:102140005DF8047B704700BF40E6030880B489B0A7
:1021500000AF03460A46FB801346BB800023FB8387
:102160000023BB61FB887F2B02D8FB88FB833BE00D
:10217000BB88B3F5697F37D11F4BBB6041F6DD43A8
:10218000FB6000233B6110237B611EE0FA683B6922
:10219000D31A5B083A691344BB61BB699B00BA68F8
:1021A00013441B88FA889A4213D0BB699B00BA6813
:1021B00013441B88FA889A4202D9BB693B6101E04B
:1021C000BB69FB607B69013B7B617B69002BDDD1D7
:1021D00000E000BF7B69002B06D0BB699B00023387
:1021E000BA6813441B88FB83FB8B18462437BD4613
:1021F0005DF8047B704700BFB859040880B487B00D
:1022000000AF78607B68B3F5803F7DD27B687B82CE
:102210007B8AB3F5805F01D23F4B00E03F4B7B618F
:102220007B699A1C7A611B883B823B8A002B69D0B0
:102230007A8A3B8A9A4265D37B699A1C7A611B88A9
:10224000FB81FB891B0ABB81FB89DBB2FB817A8A9C
:10225000398AFB890B449A424ADABB89082B50D849
:1022600001A252F823F000BF8D2201089F2201082D
:10227000B5220108BD220108C5220108CD220108AE
:10228000D5220108DD220108E52201087A8A3B8A6D
:10229000D31A5B007A6913441B887B8227E07A8A11
:1022A0003B8AD31A9BB203F001039BB27A8AD31AFA
:1022B0007B821CE07B8A103B7B8218E07B8A203B80
:1022C0007B8214E07B8A303B7B8210E07B8A1A3B66
:1022D0007B820CE07B8A08337B8208E07B8A503B60
:1022E0007B8204E07B8AA3F5E3537B8200BF08E096
:1022F000BB89002B94D1FB895B007A6913447B6115
:102300008EE700BF7B8A7B607B6818461C37BD4622
:102310005DF8047B704700BF30CD040824CF04086B
:1023200080B582B000AF0346FB71FB79002B05D16D
:10233000FB79184600F0EAFA034600E0012318464C
:102340000837BD4680BD80B582B000AF0346FB7143
:10235000FB79002B05D1FB79184600F0FDF9034607
:1023600000E0012318460837BD4680BD80B584B023
:1023700000AFB9607A603B600346FB73FB7B002BC8
:1023800007D1F87B3B687A68B96800F0D5FA034654
:1023900000E0042318461037BD4680BD80B584B0E8
:1023A00000AFB9607A603B600346FB73FB7B002B98
:1023B00007D1F87B3B687A68B96800F023FB0346D5
:1023C00000E0042318461037BD4680BD80B582B0BA
:1023D00000AF03463A60FB710B46BB71FB79002BE3
:1023E00007D1B979FB793A68184600F087FB0346B4
:1023F00000E0042318460837BD4680BD80B400AF16
:1024000000231846BD465DF8047B704780B500AFD9
:10241000044B4FF0E042DA610248F7F757FD00BF86
:1024200080BD00BFAC3F002080B500AF044B4FF033
:102430004052DA610248F7F749FD00BF80BD00BF96
:10244000AC3F002080B582B000AF7860F2F70CF9A5
:102450000346044A1360044A7B68136000BF0837D0
:10246000BD4680BD7CE6002080E6002080B500AF40
:10247000F2F7FAF80246064B1B68D21A054B1B68A6
:102480009A4234BF01230023DBB2184680BD00BF4F
:102490007CE6002080E6002080B586B002AF0346CF
:1024A000FB7107F10F02F91D322300930123044849
:1024B000F7F7F0FFFB7B18461037BD4680BD00BF25
:1024C000AC3F002090B585B000AF78603960002344
:1024D000FB600AE07A68FB68D418FF20FFF7DCFF96
:1024E00003462370FB680133FB60FA683B689A423D
:1024F000F0D300BF00BF1437BD4690BD80B582B099
:1025000000AF786039603B689AB24FF0FF3379686A
:102510000348F7F7C5FD00BF0837BD4680BD00BFC3
:10252000AC3F002080B586B000AF7860F2F79CF831
:1025300078617B683B61FF20FFF7AEFF0346FB73CA
:10254000FB7BFF2B07D0F2F78FF802467B69D31A8B
:102550003A699A42EFD8FB7BFF2B0CBF0123002383
:10256000DBB218461837BD4680BD000080B500AF0D
:1025700001224FF400610448F5F790FBFF20FFF7BC
:102580008BFF00BF80BD00BF0004024280B500AFDA
:1025900000224FF400610A48F5F780FBFF20FFF7A7
:1025A0007BFF4FF4FA70FFF7BDFF0346002B01D00D
:1025B000012302E0FFF7DAFF0023184680BD00BFC9
:1025C0000004024280B584B000AF78603960C82052
:1025D000FFF738FFFF20FFF75FFF0346FB73FB7B2E
:1025E000FF2B04D1FFF742FF0346002BF2D1FB7B08
:1025F000FE2B01D000230AE039687868FFF762FFFC
:10260000FF20FFF749FFFF20FFF746FF0123184691
:102610001037BD4680BD80B584B000AF78600B46F2
:10262000FB704FF4FA70FFF77DFF0346002B01D1DA
:1026300000231EE0FB781846FFF72EFFFB78FD2BEA
:1026400016D04FF400717868FFF758FFFF20FFF7AE
:1026500023FFFF20FFF720FFFF20FFF71DFF0346AA
:10266000FB73FB7B03F01F03052B01D0002300E06D
:10267000012318461037BD4680BD80B584B000AF39
:1026800003463960FB7197F90730002B0EDAFB79AE
:1026900003F07F03FB7100213720FFF7EEFF0346B5
:1026A000BB73BB7B012B01D9BB7B51E0FB790C2BAE
:1026B00008D0FFF75BFFFFF769FF0346002B01D14E
:1026C000FF2345E0FB7943F04003DBB21846FFF7F8
:1026D000E3FE3B681B0EDBB21846FFF7DDFE3B68EE
:1026E0001B0CDBB21846FFF7D7FE3B681B0ADBB2B8
:1026F0001846FFF7D1FE3B68DBB21846FFF7CCFE69
:102700000123FB73FB79002B01D19523FB73FB792C
:10271000082B01D18723FB73FB7B1846FFF7BCFE18
:10272000FB790C2B02D1FF20FFF7B6FE0A23FB73C7
:10273000FF20FFF7B1FE0346BB7397F90E30002B65
:1027400005DAFB7B013BFB73FB7B002BF0D1BB7BF2
:1027500018461037BD4680BD90B585B000AF034622
:10276000FB71FB79002B01D00123C6E0654B1B7880
:10277000DBB203F00203002B03D0624B1B78DBB209
:10278000BBE0FFF743FE0A23FB7305E0FF20FFF7E2
:1027900083FEFB7B013BFB73FB7B002BF6D100230D
:1027A0007B7300210020FFF768FF0346012B40F0F8
:1027B0008B804FF47A70FFF745FE4FF4D5710820F7
:1027C000FFF75BFF0346012B51D10023FB730DE0A4
:1027D000FC7BFF20FFF760FE03461A4604F110035E
:1027E0003B4403F8082CFB7B0133FB73FB7B032B7F
:1027F000EED9BB7A012B67D1FB7AAA2B64D100BF3B
:10280000FFF734FE0346002B07D04FF08041A9208C
:10281000FFF733FF0346002BF2D1FFF727FE0346F5
:10282000002B51D000213A20FFF727FF0346002B51
:102830004AD10023FB730DE0FC7BFF20FFF72CFE49
:1028400003461A4604F110033B4403F8082CFB7BB3
:102850000133FB73FB7B032BEED93B7A03F0400380
:10286000002B01D00C2300E004237B732CE000211B
:10287000A920FFF702FF0346012B04D802237B7334
:10288000A923BB7303E001237B730123BB7300BF48
:10289000FFF7ECFD0346002B07D0BB7B0021184659
:1028A000FFF7EBFE0346002BF2D1FFF7DFFD0346F7
:1028B000002B07D04FF400711020FFF7DEFE034617
:1028C000002B01D000237B730F4A7B7B1370FFF733
:1028D0004DFE7B7B002B0AD0FFF7A6FD094B1B7832
:1028E000DBB223F00103DAB2064B1A7002E0054BAB
:1028F00001221A70034B1B78DBB218461437BD4611
:1029000090BD00BFA100002078E6002080B483B015
:1029100000AF0346FB71FB79002B01D0012302E0DD
:10292000044B1B78DBB218460C37BD465DF8047BC0
:10293000704700BFA100002080B584B000AFB9602F
:102940007A603B600346FB73FB7B002B02D13B6844
:10295000002B01D104234DE0284B1B78DBB203F0A0
:102960000103002B01D0032344E0254B1B7803F027
:102970000803002B02D17B685B027B603B68012B64
:1029800011D179681120FFF778FE0346002B29D179
:102990004FF40071B868FFF715FE0346002B21D0F5
:1029A00000233B601EE079681220FFF766FE0346B5
:1029B000002B17D14FF40071B868FFF703FE0346F0
:1029C000002B0AD0BB6803F50073BB603B68013B7A
:1029D0003B603B68002BEDD100E000BF00210C20E4
:1029E000FFF74BFEFFF7C2FD3B68002B14BF01232E
:1029F0000023DBB218461037BD4680BDA100002081
:102A000078E6002080B584B000AFB9607A603B60A2
:102A10000346FB73FB7B002B02D13B68002B01D1EB
:102A2000042363E0334B1B78DBB203F00103002B7C
:102A300001D003235AE02F4B1B78DBB203F00403D1
:102A4000002B01D0022351E02B4B1B7803F008032D
:102A5000002B02D17B685B027B603B68012B10D1AD
:102A600079681820FFF709FE0346002B36D1FE21B6
:102A7000B868FFF7D0FD0346002B2FD000233B6042
:102A80002CE01D4B1B7803F00603002B03D03968A4
:102A90009720FFF7F2FD79681920FFF7EEFD034656
:102AA000002B1BD1FC21B868FFF7B5FD0346002BB6
:102AB0000AD0BB6803F50073BB603B68013B3B6019
:102AC0003B68002BEED100E000BFFD210020FFF7A6
:102AD000A2FD0346002B01D101233B60FFF746FD19
:102AE0003B68002B14BF01230023DBB218461037CC
:102AF000BD4680BDA100002078E6002080B58CB0E6
:102B000000AF03463A60FB710B46BB71FB79002BAB
:102B100001D0042362E1B34B1B78DBB203F0010365
:102B2000002B01D0032359E1012387F82F30BB7913
:102B3000042B00F23E8101A252F823F0512B010830
:102B4000652B0108112C0108212C0108172D010803
:102B5000FFF71CFD0346002B00F02F81002387F8B0
:102B60002F302AE100210920FFF787FD0346002BC3
:102B700040F0258107F10C0310211846FFF722FDD4
:102B80000346002B00F01B813B7B9B09DBB2012B32
:102B900011D17B7D1A463B7D1B0213441A46FB7CF8
:102BA0001B0403F47C1313440133FB61FB699A0299
:102BB0003B681A6028E07B7C03F00F03DAB2BB7D30
:102BC000DB09DBB21344DAB27B7D5B00DBB203F0DE
:102BD0000603DBB21344DBB2023387F82E303B7DB1
:102BE0009B09DBB21A46FB7C9B001A44BB7C9B0210
:102BF00003F4406313440133FB6197F82E30093B23
:102C0000FA699A403B681A60002387F82F30D6E0B3
:102C10003B684FF400721A80002387F82F30D9E008
:102C2000714B1B7803F00403002B31D000218D2061
:102C3000FFF723FD0346002B40F0C380FF20FFF782
:102C40002BFC07F10C0310211846FFF7BBFC0346D1
:102C5000002B00F0B680302387F82E3007E0FF20ED
:102C6000FFF71AFC97F82E30013B87F82E3097F8C3
:102C70002E30002BF3D1BB7D1B09DBB21A4610238B
:102C800003FA02F23B681A60002387F82F3098E0BD
:102C900000210920FFF7F1FC0346002B40F0918052
:102CA00007F10C0310211846FFF78CFC0346002B9C
:102CB00000F087804C4B1B7803F00203002B12D0EE
:102CC000BB7D5B0003F07E03FA7DD209D2B21344D0
:102CD0005A1C7B7E9B09DBB2013B02FA03F31A46C6
:102CE0003B681A6013E0BB7D9B109BB203F01F038F
:102CF0000133FA7DD20002F01802F97D4909C9B208
:102D00000A44013202FB03F31A463B681A600023AF
:102D100087F82F3055E0344B1B7803F00603002B67
:102D200051D007F10C02FB790B211846FFF7E6FEA4
:102D30000346002B49D13B7B9B09DBB2002B04D11E
:102D4000BB7D03F04003002B41D03B683B623B6AF4
:102D50001B68BB623B6A5B687B62234B1B7803F09A
:102D60000803002B05D1BB6A5B02BB627B6A5B0276
:102D70007B62B96A2020FFF780FC0346002B28D134
:102D8000796A2120FFF779FC0346002B21D100212D
:102D90002620FFF772FC0346002B1AD147F2305071
:102DA000FFF7C0FB0346002B13D0002387F82F301A
:102DB0000FE0042387F82F300CE000BF0AE000BFCB
:102DC00008E000BF06E000BF04E000BF02E000BF73
:102DD00000E000BFFFF7CAFB97F82F3018463037E6
:102DE000BD4680BDA100002078E6002080B400AF81
:102DF000064B00221A77064B00221A70054B002260
:102E00001A7000BFBD465DF8047B704784E6002061
:102E1000A4E60020A8E6002080B483B000AF78606C
:102E2000094B1B7F1946084A7B6842F82130064B44
:102E30001B7F0133DAB2044B1A7700BF0C37BD4653
:102E40005DF8047B704700BF84E6002080B586B043
:102E500000AF78607B6801333B610023FB753B6901
:102E60001B78FF2B25D13B690233FB60FB681B8875
:102E70009BB203F47F43B3F5406F18D100237B75F9
:102E80000DE07B7D1A4A52F8233078689847034654
:102E9000FB75FB7D002B08D17B7D01337B75144BCB
:102EA0001B7F7A7D9A42ECD302E000BF00E000BFB6
:102EB00000E000BFFB7D022B0FD0022B10DC002BAB
:102EC00002D0012B06D00BE0786806F061FD0346C6
:102ED000BB7508E00123BB7505E00023BB7502E06C
:102EE0000123BB7500BFBB7D18461837BD4680BDAA
:102EF00084E6002080B582B000AF0346FB71FB7909
:102F0000184609F0FBFA00BF0837BD4680BD80B502
:102F100082B000AF0346FB71FB79184609F036FB1F
:102F200000BF0837BD4680BD80B500AF09F0D4FBB7
:102F300000BF80BD80B500AF09F0D5FB00BF80BDEC
:102F400080B582B000AF0123FB71002200210B4845
:102F50001BF0F4F903460A4A1360094B1B68012170
:102F600018461BF02FFA064B1B68002B01D00023DC
:102F7000FB71FB7918460837BD4680BDE92F010873
:102F8000ACE6002080B582B000AF0123FB7109F0F0
:102F900052FB134B1B78002B02D10023FB7118E06E
:102FA00000201DF095FF38603B68002B04D10C4BCE
:102FB00000221A700023FB710A4B1B6818461BF095
:102FC00072FB0346022B04D0064B1B6818461BF00D
:102FD000D3FA09F029FBFB7918460837BD4680BDB6
:102FE000B0E60020ACE6002080B582B000AF78608B
:102FF000FFF7C8FF00BF0837BD4680BD80B500AFF2
:1030000009F0ECF800BF80BD80B582B000AF7860F9
:10301000786809F001F900BF0837BD4680BD80B56A
:1030200082B000AF0346FB71FB79184609F062F9E4
:1030300000BF0837BD4680BD80B582B000AF0346F3
:10304000FB71FB79184609F079F900BF0837BD46D6
:1030500080BD80B500AF09F059F900BF80BD80B5D3
:1030600082B000AF786039603968786809F079F922
:1030700000BF0837BD4680BD80B582B000AF786024
:10308000786809F0A5F900BF0837BD4680BD80B556
:1030900082B000AF7860786809F0B0F900BF0837F7
:1030A000BD4680BD80B582B000AF0346FB71FB79A1
:1030B000184609F0B9F900BF0837BD4680BD80B594
:1030C00082B000AF0346FB71FB79002B02D009F000
:1030D000B9FA01E009F0CCFA00BF0837BD4680BD5F
:1030E00080B582B000AF0346FB71FB79002B02D0A4
:1030F00009F0D4FA01E009F0E0FA00BF0837BD4654
:1031000080BD80B500AF09F0E0FA00BF80BD80B59A
:1031100000AF1AF093FE0346002B05D1FFF732FFF4
:103120001AF0D4FD08F0D1FF1AF088FE0346002BF8
:1031300001D109F011FB00BF80BD80B582B000AFA6
:103140007860786809F0D6FA00BF0837BD4680BDC0
:1031500080B400AF08231846BD465DF8047B704775
:1031600080B483B000AF7860044B01221A7000BFB6
:103170000C37BD465DF8047B704700BFB1E6002008
:1031800080B584B000AF78600023FB6007F10C03CA
:1031900018460DF0C9FCFB6818460EF003FB786872
:1031A0000EF07FFD04480EF088FD00F007F800BF28
:1031B0001037BD4680BD00BF6131010880B582B0C7
:1031C00000AF0E4B1B78012B14D00C4B01221A7050
:1031D000FFF7B6FE0346FB71FB79002B0CBF012302
:1031E0000023DBB21846FFF71AFF09F0A9FA09F02D
:1031F000C3FA00E000BF0837BD4680BDB2E600203C
:1032000080B483B000AF7860064A7B681360064BD9
:10321000064AC3F89820002318460C37BD465DF8CF
:10322000047B7047B8E6002010420020A933010853
:1032300080B582B000AF0A48F9F742FD0346FB7142
:10324000FB79002B06D0064B0022C3F898206FF0C4
:10325000030300E0002318460837BD4680BD00BFC9
:103260001042002080B582B000AF78600122094989
:103270000948F9F705FE084B084AC3F8A0207B6807
:10328000002B02D0064A7B681360002318460837DB
:10329000BD4680BDB4E6002010420020C5330108C1
:1032A000BCE6002080B584B000AF78600B467B8020
:1032B0000023FB73394BDB6F184600F09DF8034683
:1032C0007B73364BD3F88030184600F095F80346F0
:1032D0003B7397F90D301D2B3BD097F90D301E2B0A
:1032E00037D097F90D301F2B33D097F90D30202BA5
:1032F0002FD097F90D30212B2BD097F90D30222BA1
:1033000027D097F90D30232B23D097F90D30242B9C
:103310001FD097F90C301D2B1BD097F90C301E2BAA
:1033200017D097F90C301F2B13D097F90C30202BA6
:103330000FD097F90C30212B0BD097F90C30222BA2
:1033400007D097F90C30232B03D097F90C30242B9E
:1033500008D17B881A4679681048F9F7DDFD0346E5
:10336000BB7307E07B881A4679680C48F9F7F4FCD0
:103370000346BB73BB7B002B01D0FE23FB73084BC2
:103380001B78002B04D0012206490448F9F778FD88
:1033900097F90F3018461037BD4680BD1042002007
:1033A000B3E60020B4E6002080B582B000AF7860BC
:1033B000034B1B680020984700BF0837BD4680BDFF
:1033C000B8E6002080B582B000AF7860074B1B687C
:1033D0000022012106489847012205490548F9F7CE
:1033E0004FFD00BF0837BD4680BD00BFBCE60020D2
:1033F000B4E600201042002080B483B000AF7860B3
:103400007B681B681E4A934201D11D2331E07B6813
:103410001B681C4A934201D11E232AE07B681B686B
:10342000194A934201D11F2323E07B681B68174A86
:10343000934201D120231CE07B681B68144A93420D
:1034400001D1212315E07B681B68124A934201D108
:1034500022230EE07B681B680F4A934201D123238D
:1034600007E07B681B680D4A934201D1242300E0EA
:10347000662318460C37BD465DF8047B704700BFD5
:1034800050000240D000024050010240D0010240F2
:1034900050020240D002024050030240D0030240DA
:1034A00080B485B000AF78600A4BD3F88C2009490E
:1034B0007B681343C1F88C30064BD3F88C207B68B3
:1034C0001340FB60FB6800BF1437BD465DF8047B0A
:1034D000704700BF000C024680B483B000AF786034
:1034E000084BD3F88C207B6813407A689A4201D14C
:1034F000012300E0002318460C37BD465DF8047B2D
:10350000704700BF000C024680B483B000AF786003
:10351000074BD3F88C207B68DB4305491340C1F887
:103520008C3000BF0C37BD465DF8047B704700BF90
:10353000000C024680B584B000AF124BFB604FF424
:103540008030FFF7C9FF0346002B01D0002314E0B1
:10355000FB6801221A70EFF310833B603B68BB608D
:1035600072B600BF4FF48030FFF79AFFBB687B60F4
:103570007B6883F3108800BF012318461037BD46CF
:1035800080BD00BFC0E6002080B58AB000AF786083
:10359000396007F1080310223968184628F057FBF4
:1035A000344B00221A607B6803F00203002B0CD01E
:1035B000304ABB6813612F4AFB6853612D4A3B694F
:1035C00093612C4A7B69D36117E0BB68294ABB61D0
:1035D000BB691BBAD361FB68264AFB61FB691BBA56
:1035E00093613B69234A3B623B6A1BBA53617B6927
:1035F000204A7B627B6A1BBA13617B6803F001037C
:10360000002B1AD11B4B08221A601A4B1B68194A4F
:1036100043F00103136000BF164B5B6803F0010326
:10362000002BF9D0134BD3F80833124A43F00103AF
:10363000C2F808330F4B10221A607B6803F00403B2
:10364000002B05D00B4B1B680A4A43F004031360A0
:1036500000BF084B5B6803F08003002BF9D0054BDB
:103660001B68044A43F00103136000BF2837BD46BE
:1036700080BD00BF00000C4280B483B000AF786012
:1036800039601D4A7B681B6893607B6804331A4A63
:103690001B6893607B680833174A1B6893607B68DC
:1036A0000C33154A1B68936000BF134B5B6803F033
:1036B0000103002BF9D0104BDA683B681A600E4A00
:1036C0003B680433D2681A600B4A3B680833D268FF
:1036D0001A60094A3B680C33D2681A60064BD3F86B
:1036E0000833054A43F00103C2F8083300BF0C3722
:1036F000BD465DF8047B704700000C4280B584B085
:1037000000AF104BFB60FB681B78002B16D00E4BF4
:1037100000221A60EFF310833B603B68BB6072B617
:1037200000BF4FF48030FFF7EFFEBB687B607B6823
:1037300083F3108800BFFB6800221A7000BF1037A7
:10374000BD4680BDC0E6002000000C4280B485B0BC
:1037500000AF78600A4BD3F88C2009497B6813438B
:10376000C1F88C30064BD3F88C207B681340FB608B
:10377000FB6800BF1437BD465DF8047B704700BF8F
:10378000000C024680B483B000AF7860074BD3F8DA
:103790008C207B68DB4305491340C1F88C3000BFA7
:1037A0000C37BD465DF8047B704700BF000C024635
:1037B00080B483B000AF786039607B681B6823F405
:1037C0007C523B681B021A437B681A6000BF0C37AF
:1037D000BD465DF8047B704780B483B000AF78606D
:1037E0007B681B6843F001027B681A6000BF0C37DE
:1037F000BD465DF8047B704780B483B000AF78604D
:103800007B681B6823F001027B681A6000BF0C37DD
:10381000BD465DF8047B704780B483B000AF78602C
:103820007B681B6843F002027B681A6000BF0C379C
:10383000BD465DF8047B704780B483B000AF78600C
:103840007B685B6803F40033B3F5003F01D10123CB
:1038500000E0002318460C37BD465DF8047B704736
:1038600080B483B000AF78607B689B6843F400321B
:103870007B689A6000BF0C37BD465DF8047B7047DB
:1038800080B584B000AF1B4BFB60FB681B78002B3E
:1038900001D000232AE0FB6801221A70022000F008
:1038A00043FBEFF310833B603B68BB6072B600BF25
:1038B0004FF40010FFF74AFFBB687B607B6883F31F
:1038C000108800BF0C48FFF787FF00BF0A4B5B68FA
:1038D00003F00103002BF9D0074B9B68064A43F421
:1038E00068139360022000F04DFB01231846103747
:1038F000BD4680BDC4E6002000200C4280B483B0E9
:1039000000AF7860396006497B6803F580733A68D8
:1039100041F8232000BF0C37BD465DF8047B70479B
:1039200000200C4280B487B000AFF860B9607A60C4
:10393000FB689A000D4B13447B610AE07A68131D03
:103940007B607B69191D796112681A60BB68013B55
:10395000BB60BB68002BF1DC7B6900221A6000BFF2
:103960001C37BD465DF8047B704700BF00240C4245
:1039700080B582B000AF786079680648FFF718FF1D
:103980000448FFF76DFF0348FFF746FF00BF083705
:10399000BD4680BD00200C4280B500AF0248FFF755
:1039A0004BFF0346184680BD00200C4280B483B014
:1039B00000AF7860054A7B6803F5807352F82330C6
:1039C00018460C37BD465DF8047B704700200C425A
:1039D00080B487B000AFF860B9607A60FB689A0085
:1039E0000C4B13447B610AE07A69131D7B617B6891
:1039F000191D796012681A60BB68013BBB60BB6827
:103A0000002BF1DC00BF00BF1C37BD465DF8047B16
:103A1000704700BF00240C4280B584B000AF104B4B
:103A2000FB60FB681B78002B16D00E48FFF7E4FE06
:103A3000EFF310833B603B68BB6072B600BF4FF48E
:103A40000010FFF79FFEBB687B607B6883F31088E4
:103A500000BFFB6800221A7000BF1037BD4680BD52
:103A6000C4E6002000200C4280B582B000AF786030
:103A70004FF480710220FFF741FF7A6808214FF46C
:103A8000CA70FFF74FFF064A082140F21A20FFF7DD
:103A900049FF0C20FFF76CFF00BF0837BD4680BD13
:103AA000F0CF040880B500AF40F29E20FFF77EFF04
:103AB000034649F26A1293420CBF01230023DBB292
:103AC000184680BD80B582B000AF786039604FF491
:103AD00080710220FFF712FF01210420FFF70EFF83
:103AE000124A08210620FFF71DFF114A082148202D
:103AF000FFF718FF0F4A08211C20FFF713FF7A6811
:103B000008215E20FFF70EFF3A6808217420FFF7B6
:103B100009FF094A08213220FFF704FF2820FFF798
:103B200027FF00BF0837BD4680BD00BF70D0040826
:103B300090D00408F0CF040810D0040880B500AF7E
:103B4000A020FFF733FF03464DF20D6293420CBFF6
:103B500001230023DBB2184680BD000080B584B08D
:103B600000AFF860B9607A604FF480710020FFF711
:103B7000C5FE4FF480710220FFF7C0FE0121042032
:103B8000FFF7BCFE1C4A08210620FFF7CBFE1B4AAC
:103B900008214820FFF7C6FE194A082140F22230CA
:103BA000FFF7C0FEFA6808214FF46A70FFF7BAFE0B
:103BB000BB68002B01D0BB6800E0124B1A460821FD
:103BC0005E20FFF7AFFE7B68002B01D07B6800E032
:103BD0000D4B1A4608211C20FFF7A4FE0B4A0821B2
:103BE00040F2E220FFF79EFE2020FFF7C1FE00BF5B
:103BF0001037BD4680BD00BF70D0040890D00408C7
:103C0000F0CF040830D0040850D00408B0D0040825
:103C100080B582B000AF786039607B68002B04D03B
:103C20007A6808215E20FFF7D3FE3B68002B04D0A2
:103C30003A6808217420FFF7CBFE00BF0837BD4665
:103C400080BD000080B400AF054B1B68044A43F4FC
:103C50008073136000BFBD465DF8047B704700BFF2
:103C6000000C024680B400AF074B1B6803F480636E
:103C7000B3F5806F01D1012300E000231846BD4653
:103C80005DF8047B704700BF000C024680B483B02F
:103C900000AF7860074BD3F8E43023F44052054975
:103CA0007B681343C1F8E43000BF0C37BD465DF8B4
:103CB000047B7047000C024680B485B000AF78608A
:103CC0000A4BD3F88C2009497B681343C1F88C3028
:103CD000064BD3F88C207B681340FB60FB6800BF69
:103CE0001437BD465DF8047B704700BF000C0246E8
:103CF00080B483B000AF7860074BD3F88C207B682A
:103D0000DB4305491340C1F88C3000BF0C37BD467A
:103D10005DF8047B704700BF000C024680B483B09E
:103D200000AF78607B681B6843F004027B681A6010
:103D300000BF0C37BD465DF8047B704780B483B08C
:103D400000AF78607B681B6823F004027B681A6010
:103D500000BF0C37BD465DF8047B704780B483B06C
:103D600000AF78607B681B6803F00403042B01D16B
:103D7000012300E0002318460C37BD465DF8047BA4
:103D8000704780B483B000AF78607B681B6843F0F5
:103D9000804343F020037A6813607B681B6823F03C
:103DA00080427B681A6000BF0C37BD465DF8047B1B
:103DB000704780B483B000AF78607B681B6823F0E5
:103DC00080427B681A6000BF0C37BD465DF8047BFB
:103DD000704780B483B000AF78607B681B6803F0E5
:103DE0008043B3F1804F01D1012300E00023184646
:103DF0000C37BD465DF8047B704780B483B000AFDC
:103E000078607B685B6803F00103012B01D101231B
:103E100000E0002318460C37BD465DF8047B704770
:103E200080B483B000AF78607B685B6803F0020306
:103E3000022B01D1012300E0002318460C37BD46B8
:103E40005DF8047B704780B483B000AF78607B6816
:103E50005B6803F04003402B01D1012300E0002305
:103E600018460C37BD465DF8047B704780B483B0BC
:103E700000AF78607B686FF020025A6000BF0C379B
:103E8000BD465DF8047B704780B483B000AF7860B6
:103E90007B686FF040025A6000BF0C37BD465DF88A
:103EA000047B704780B483B000AF78607B689B6808
:103EB00018460C37BD465DF8047B704780B483B06C
:103EC00000AF786039607B683A681A6100BF0C37D0
:103ED000BD465DF8047B704780B500AFFFF7B2FECA
:103EE00001E0FFF7AFFEFFF7BDFE0346002BF8D061
:103EF00000BF00BF80BD80B400AF00BFBD465DF80D
:103F0000047B704780B500AF042004F033FA054805
:103F1000FFF714FF012000F035F8042004F035FA13
:103F200000BF80BD00080C4280B586B000AF0346DC
:103F3000FB71134B7B61FFF7CFFFEFF31083FB6047
:103F4000FB683B6172B600BF7B6993F88230002B3F
:103F500003D14FF48020FFF7AFFE7B6993F88220F6
:103F6000FB791343DAB27B6983F882203B69BB603B
:103F7000BB6883F3108800BF00BF1837BD4680BD03
:103F8000C8E6002080B58AB000AF0346FB71204B25
:103F90007B62EFF310837B617B693B6272B600BF8B
:103FA0007B6A93F882305AB297F90730DB435BB2F1
:103FB00013405BB2DAB27B6A83F882203B6ABB6152
:103FC000BB6983F3108800BF7B6A93F88230002BB3
:103FD00001D100F01FF8EFF310833B613B69FB61F7
:103FE00072B600BF7B6A93F88230002B03D14FF486
:103FF0008020FFF77DFEFB69FB60FB6883F3108880
:1040000000BFFFF778FF00BF2837BD4680BD00BF67
:10401000C8E6002080B483B000AFB2237B6002E02A
:104020007B68013B7B607B68002BF9D100BF00BF40
:104030000C37BD465DF8047B7047000090B589B031
:1040400000AF78600023BB613048FFF7E9FE03460C
:10405000002B05D02D48FFF709FF40F20113BB618B
:104060002A48FFF7F0FE0346002B11D02748FFF740
:104070000BFF0C23FB6105E02448FFF713FFFB69EE
:10408000013BFB61FB69002BF6DC4FF48173BB61E4
:10409000EFF310833B613B697B6172B600BF052083
:1040A00004F068F918E01948FFF7A7FE0346002B53
:1040B00012D07B6893F880301C461448FFF7F2FE5C
:1040C00002467B6843F824207B6893F880300133F4
:1040D000DAB27B6883F880207B6893F880301F2BEE
:1040E000E1D9052004F051F97B69FB60FB6883F39B
:1040F000108800BFFFF706FF7B68002283F881204D
:10410000BB6918462437BD4690BD00BF00080C426D
:1041100080B582B000AF134B7B607B68002283F8D0
:1041200080207B68002283F881207B680022C3F80E
:1041300084207B68002283F882207868FFF77EFF66
:1041400002467B68C3F884207B6893F88130002B9B
:1041500004D07B68D3F88430002BEED000BF083742
:10416000BD4680BDC8E6002080B588B000AF0346DC
:104170003960FB71214BBB6134E0EFF310833B618D
:104180003B697B6172B600BFBB6993F88030002B3E
:104190000DD1BB6940F20312C3F88420FB79C3F14F
:1041A0002002BB6953F82230DB43FB610FE0BB699F
:1041B00093F88030013BDAB2BB6983F88020BB6999
:1041C00093F880301A46BB6953F82230FB617B6953
:1041D000FB60FB6883F3108800BF3B681A1D3A60E0
:1041E000FA691A60FB795A1EFA71002BC5D1EDF7F6
:1041F000D8FE00BF2037BD4680BD00BFC8E6002006
:1042000080B586B000AF1E4B3B6100237B613B69EC
:1042100093F880201B4B1B789A4227D200F034F889
:10422000EFF310837B607B68FB6072B600BF3B6975
:10423000D3F884307B613B690022C3F88420FB689B
:10424000BB60BB6883F3108800BF7B69002B0DD176
:104250003869FFF7F3FE78617B69002B06D13B6973
:1042600093F88130002B01D001237B617B69002B07
:1042700001D0EDF796FE7B6918461837BD4680BD24
:10428000C8E60020A200002080B582B000AF204B1D
:104290007B60032004F06EF84FF40050FFF7F6FC4B
:1042A0004FF48020FFF708FD1A48FFF747FD00BFD5
:1042B0001848FFF753FD0346002BF9D1154B164A5A
:1042C0001A601448FFF75DFD1248FFF772FD00BF4A
:1042D0001048FFF77EFD0346002BF9D14AF6C721AF
:1042E0000C48FFF7EBFD0B48FFF718FD00BF09482E
:1042F000FFF783FD0346002BF9D07B68012283F88A
:104300008120032004F041F800BF0837BD4680BD7E
:10431000C8E6002000080C42202DF04080B483B095
:1043200000AF0346FB71FB791F2B02D8044AFB79CF
:10433000137000BF0C37BD465DF8047B704700BFAB
:10434000A200002080B483B000AF78607B689B68D7
:1043500018460C37BD465DF8047B704780B582B0C7
:1043600000AF0023FB710F4B1B7883F00103DBB21E
:10437000002B11D000F052F84FF480710A48F5F785
:104380009BFB0948F5F7CEFC002000F013F900F084
:104390005BF8044B01221A70FB7918460837BD46BA
:1043A00080BD00BF50E700207C3F002080B590B06A
:1043B00000AF7860002387F83F3007F10C0330220C
:1043C0000021184627F0FEFB00F028F8114B1B686F
:1043D0007A6813447B600023BB627B68DB433B61EC
:1043E00000233B624FF07C537B624FF48073BB63CE
:1043F00007F10C03012219460748F5F75DFA034659
:10440000002B01D000BFFDE797F83F30184640373A
:10441000BD4680BD54E700207C3F002080B582B0BF
:1044200000AF0023FB71064B0122DA654FF4807167
:104430000448F5F741FBFB7918460837BD4680BDB7
:10444000007800467C3F002080B500AF00F0D2F835
:104450000346034A1360024B1B68184680BD00BF29
:1044600054E7002080B400AF034B1B681846BD46DC
:104470005DF8047B704700BF54E7002080B500AFB3
:1044800000F0B8F80246024B1B68D31A184680BDEC
:1044900054E7002080B500AF054B1B78002B03D0FC
:1044A00000F0A8F8034600E00023184680BD00BFD6
:1044B00050E7002080B400AF03231846BD465DF8E6
:1044C000047B7047B0B582B000AF78607968002097
:1044D0000A460346950D94024FF47A724FF000039A
:1044E00020462946EBF7CEFE02460B4613461846F9
:1044F0000837BD46B0BD2DE9B00F83B000AF78607E
:10450000796800200C460546204629464FF0000AEF
:104510004FF0000B4FEA411B4BEAD06B4FEA401AB9
:1045200050465946021B61EB05034FF000004FF067
:104530000001990041EA9271900002460B4612EB8D
:10454000040843EB05094FF000024FF000034FEA67
:10455000C90343EA58734FEAC80290469946404659
:1045600049464FF000024FF00003820A42EA8152AE
:104570008B12134618460C37BD46BDE8B00F704786
:1045800080B582B000AF786008F02EFE00BF08371B
:10459000BD4680BD80B584B000AF786000F01AF8E9
:1045A000F860FB680133184600F004F800BF1037CC
:1045B000BD4680BD80B582B000AF78607A680221C8
:1045C0000348F5F727FC00BF0837BD4680BD00BF94
:1045D0007C3F002080B582B000AF02210448F5F78F
:1045E00031FC78607B6818460837BD4680BD00BF47
:1045F0007C3F002080B500AF0348FFF7A3FE0346D1
:10460000DB43184680BD00BF0078004680B485B00B
:1046100000AF78607B681B68DA0F1346DB00134439
:104620001A01D31AFB607B681B685A007B6804334D
:104630001B68DB0F1A437B681A607B6804331B68B6
:1046400059007B6808331B68DA0F7B6804330A4320
:104650001A607B6808331B6859007B680C331B6841
:10466000DA0F7B6808330A431A607B680C331B68D7
:1046700059007B680C33FA684A401A6000BF14374F
:10468000BD465DF8047B704780B582B000AF7860AE
:10469000396039687868FEF7EFFF00BF0837BD461C
:1046A00080BD000080B584B000AF78600D4BFB602A
:1046B000FEF740FF79680120FEF766FFFB680022E5
:1046C000DA60FB68DA68FB689A60FB689A68FB68E6
:1046D0005A60FB685A68FB681A6000BF1037BD4615
:1046E00080BD00BF58E7002080B598B000AFF860EB
:1046F000B9607A607F4B3B650023BB65FB687B65D7
:104700007B68002B44D0BB6803F00F03BB65BB681C
:10471000002B04D0BB6D002B01D11023BB65BA6800
:10472000BB6DD31ABB6033E007F120031022796D13
:10473000184627F08CFA3B6A3B643B6C1ABA3B6D17
:104740001B6853403B627B6A7B647B6C1ABA3B6D8F
:104750005B6853407B62BB6ABB64BB6C1ABA3B6D3F
:104760009B685340BB62FB6AFB64FB6C1ABA3B6DEF
:10477000DB685340FB623A6D07F12003114618468F
:10478000FFF782FF7B6D10337B65BB68103BBB601E
:10479000BB68002BC8D17B68002B00F0A6800023EB
:1047A000FB62FB6ABB62BB6A7B627B6A3B62002383
:1047B000FB651BE0FB6D9A08930060333B4453F8A4
:1047C000401C786DFB6D03441B781846FB6DDB4382
:1047D00003F00303DB0000FA03F319439300603393
:1047E0003B4443F8401CFB6D0133FB65FA6DBB6D28
:1047F0009A42DFD30023FB61FB69BB61BB697B612C
:104800007B693B6107F1100207F11003114618465E
:10481000FFF73AFF07F110031846FFF7F7FEBB6DED
:104820000F2B19D8BB6D9A08930060333B4453F8A3
:10483000401CBB6DDB4303F00303DB00802000FA68
:1048400003F31943930060333B4443F8401C07F1E2
:1048500010031846FFF7DAFE0023FB651AE0FB6D34
:104860009B0060333B4453F8402C3B6DF96D53F88B
:104870002110FB6D9B0060333B4453F8503C4B4090
:104880005A40FB6D9B0060333B4443F8402CFB6D6A
:104890000133FB65FB6D032BE1D93A6D07F1200372
:1048A00011461846FFF7F0FEFEF728FF3B6D1B6828
:1048B0003B633B6B1BBA3B623B6D5B687B637B6B13
:1048C0001BBA7B623B6D9B68BB63BB6B1BBABB6255
:1048D0003B6DDB68FB63FB6B1BBAFB6207F12003DC
:1048E00010221946786827F0B2F900BF6037BD463C
:1048F00080BD00BF58E7002080B500AFFEF7FEFE88
:1049000000BF80BD80B58AB000AFF860B9607A6042
:104910003B60FEF70FFE3B68002B01D0032300E055
:104920000223F9681846FEF72FFE07F11003102244
:10493000B968184627F08BF93B697B62FB693B61DC
:104940007B6AFB617B697B62BB697B617B6ABB6164
:1049500007F1100207F1100311461846FEF78CFE0E
:10496000FEF7CCFE3B693B62FB693B613B6AFB6146
:104970007B693B62BB697B613B6ABB6107F11003EA
:1049800010221946786827F062F900BF2837BD4623
:1049900080BD000080B487B000AF78600B46FB702C
:1049A000EFF310833B613B697B6172B600BFFB781C
:1049B000002B0AD0012B13D101227B689A400F4BA8
:1049C0001B6813430D4A13600BE001227B6802FA57
:1049D00003F3DA43094B1B681340084A136000E0F5
:1049E00000BF7B69FB60FB6883F3108800BF00BFDA
:1049F0001C37BD465DF8047B704700BF68E70020A8
:104A000080B584B000AF786039600123FB73124B2E
:104A10001B6803F00203002B07D00F4B1B6803F049
:104A20000403002B01D0FB7B11E000BF0A4B1B6885
:104A300003F00103002BF9D13A6879680120F2F7FD
:104A400037FD0346002B01D10023FB73FB7B184687
:104A50001037BD4680BD00BF68E7002080B588B034
:104A600000AF78600123FB772B4B1B884FF6FF725A
:104A700093420AD0284B1B88002B04D0264B1B885E
:104A80009B025B0B02E0802300E080237A68934264
:104A900001D2FB7F3CE0214B1B6803F00203002B9B
:104AA00007D01E4B1B6803F00403002B01D0FB7FD3
:104AB0002EE000BF194B1B6803F00103002BF9D156
:104AC0000223FB60144B1B884FF6FF7293420BD0FE
:104AD000114B1B88002B05D00F4B1B889B025B0BD7
:104AE000013B02E07F2300E07F237A6813403B61B3
:104AF00001237B6107F1180207F10C0311461846E8
:104B0000F2F71AFE0346002B01D10023FB77FB7F4F
:104B100018462037BD4680BDA007F90B68E7002086
:104B200080B586B000AFF860B9607A603B60BB6862
:104B3000B3F1006F31D3374B1B884FF6FF729342AE
:104B40000CD0344B1B88002B05D0324B1B889B02AA
:104B500003F1006304E04FF0016301E04FF00163F3
:104B6000BA68934219D3BA687B681A44294B1B88E8
:104B70004FF6FF718B420CD0264B1B88002B05D0C3
:104B8000244B1B889B0203F1006304E04FF0016398
:104B900001E04FF00163934206D21F4A0121012038
:104BA00002F006FE022330E0FB6803F00303002B53
:104BB00004D1BB6803F00F03002B06D0174A012174
:104BC000012002F0F5FD02231FE0386800F01CFA16
:104BD0000346FB75FB7D002B10D1114AFB68136067
:104BE0000F4ABB6853600E4A7B6893600D4B0022EE
:104BF0001A700D4B00221A70EDF726FAFB7D0B4A56
:104C00000121032002F0D4FDFB7D18461837BD4674
:104C100080BD00BFA007F90B88C50308C0C5030805
:104C200084E7002080E7002098E7002000C6030802
:104C300080B586B000AFF860B9607A602E4B1B88F3
:104C40004FF6FF7293420AD02B4B1B88002B04D0E7
:104C5000294B1B889B025B0B02E0802300E0802332
:104C6000FA68934216D3FA68BB681A44224B1B8831
:104C70004FF6FF718B420AD01F4B1B88002B04D0CC
:104C80001D4B1B889B025B0B02E0802300E080230E
:104C9000934206D2194A0121012002F089FD022324
:104CA00026E0BB68002B06D1144A0121012002F046
:104CB0007FFD02231CE0786800F0A6F90346FB752F
:104CC000FB7D002B0DD10E4AFB68D3600C4ABB68FC
:104CD00013610C4B01221A700B4B00221A70EDF776
:104CE000B3F9FB7D094A0121032002F061FDFB7D40
:104CF00018461837BD4680BDA007F90B24C6030827
:104D000084E7002080E7002098E7002048C60308D9
:104D100080B586B000AF0023FB750023BB75002370
:104D20007B609C4B1B78002B02D0012B7AD0F3E0E8
:104D3000994A0121032002F03BFD984B1B78002B80
:104D40003DD1974A0121032002F032FD954B40F2FC
:104D50004C421A608F4B01221A70F2F7F3FB1DE0F0
:104D6000914B5B681A46904B1B6819461046FFF73B
:104D700047FE0346BB75BB7D002B0FD18A4B5B689A
:104D80001033894A5360884B1B681033864A13607E
:104D9000854B9B68043B1A46834B9A60824B9B6809
:104DA000002B02DDBB7D002BDAD0F2F7EDFB7E4B52
:104DB0009B68002B00F3AF800123FB75ABE07B4ABF
:104DC0000121032002F0F4FC764B41F204021A6048
:104DD000704B01221A70F2F7B5FB13E0724BDB68DF
:104DE0001846FFF73BFE0346BB75BB7D002B09D180
:104DF0006D4B1B69013B6C4A13616B4BDB680133E4
:104E0000694AD360684B1B69002B02D0BB7D002B25
:104E1000E4D0F2F7B9FB644B1B69002B7BD1012373
:104E2000FB7578E0624A0121032002F0C1FC614B6E
:104E30001B7883F00103DBB2002B0BD05E4A01210B
:104E4000032002F0B5FC574B1B685C49184600F084
:104E500083F961E05A4A0121032002F0A9FC4F4B7B
:104E60001B78002B30D1574A0121032002F0A0FC0F
:104E7000F2F768FB0FE04C4B5B6810334A4A536013
:104E8000494B1B681033484A1360474B9B68043BEF
:104E90001A46454B9A60444B9B68002B0BDD424BF6
:104EA0005B681A46404B1B6819461046FFF7A8FD81
:104EB0000346002BDFD03C4B9B68002B01DC012319
:104EC000FB75F2F761FB20E03F4A0121032002F06D
:104ED0006FFCF2F737FB344BDB681846FFF7BEFD7B
:104EE0000346002B09D1304B1B69013B2E4A13614D
:104EF0002D4BDB6801332C4AD3602B4B1B69002BF5
:104F000001D10123FB75F2F73FFB00F0B7F9294B04
:104F100000221A7000E000BFFB7D002B5ED0EFF393
:104F20001083BB60BB683B6172B600BF274B002299
:104F30001A70274B00221A703B69FB60FB6883F3F1
:104F4000108800BF234B1B68002B0DD0214B1B6822
:104F50000020984708E03B1D19461F4804F091FBCC
:104F60007B689B68012098471B4804F0FBFA0346C6
:104F7000002B3ED1154B1B7883F00103DBB2002BD5
:104F800037D0134B1B7883F00103DBB2002BE2D147
:104F90002FE000BF98E700206CC6030880E70020E0
:104FA000A4C603089CE7002084E70020F0C603089D
:104FB0003CC703086EE7002074C703083551010899
:104FC000D8C7030828C8030874C803086CE7002082
:104FD0006DE700207CE7002070E70020074A0121F0
:104FE000032002F0E5FB064B1B680649184600F05B
:104FF000B3F800BF1837BD4680BD00BFC0C8030866
:105000009CE700203551010880B58CB000AF786076
:10501000002387F82F30022387F82E30EFF3108318
:10502000FB61FB69BB6272B600BF3D4B1B7883F02E
:105030000103DBB2002B05D03A4804F083FA384B69
:1050400001221A70384B1B7883F00103DBB2002B6E
:1050500014D0364B1B7883F00103DBB2002B09D050
:10506000314B01221A70314B01221A70012387F84B
:105070002F3006E0002387F82F3002E0002387F866
:105080002F30BB6ABB61BB6983F3108800BF97F800
:105090002F3083F00103DBB2002B0FD07B68002B95
:1050A00008D07B689B68002B04D07B6819461D489C
:1050B00004F0A0FA012387F82E302BE07B68002B48
:1050C00015D07B689B68002B11D0EFF310833B61F8
:1050D0003B697B6272B600BF7B689B68144A1360B1
:1050E0007B6A7B617B6983F3108800BF0FE0EFF37D
:1050F0001083BB60BB683B6272B600BF0C4B0022E2
:105100001A603B6AFB60FB6883F3108800BF0023D2
:1051100087F82E3097F82E3018463037BD4680BDC0
:1051200078E7002070E700206CE700206DE70020A2
:105130007CE7002080B500AF054B01221A70054ABC
:105140000121032002F034FBECF77EFF00BF80BD9D
:105150006EE7002018C9030880B59CB002AF7860E4
:105160003960002387F867303B68002B01D10123A9
:1051700071E0EFF31083BB65BB6D3B6672B600BF99
:10518000374B1B78002B03D0012387F8673002E0F0
:10519000334B01221A703B6E7B657B6D83F3108865
:1051A00000BF97F86730002B01D0012353E02D4A50
:1051B0003B6813604FF000024FF00003C7E9022381
:1051C0004FF000024FF00003C7E904234FF0000244
:1051D0004FF00003C7E906237B683B6200237B6234
:1051E0000023BB62002387F82C30052387F82D307D
:1051F00000233B631C4B7B630023BB630023FB63E7
:105200007B681A4AA2FB0323990900230093184BD9
:105210000022184807F0D4FE07F1080318460AF0E8
:10522000C5FB0346144A1360134B1B68002B11D1B6
:10523000EFF31083FB64FB6CFB6572B600BF084B99
:1052400000221A70FB6D3B653B6D83F3108800BF35
:10525000012300E0002318466837BD4680BD00BF2B
:10526000A4E70020A0E7002041530108D34D6210BD
:1052700005530108A8E70020C0E7002080B584B0EE
:1052800000AF144807F040FF134B1B6818460AF0A4
:10529000E5FB0346002B02D10023FB7301E0022350
:1052A000FB7301210120FFF775FBEFF310833B60D7
:1052B0003B68BB6072B600BF084B00221A70BB6827
:1052C0007B607B6883F3108800BFFB7B1846103738
:1052D000BD4680BDA8E70020C0E70020A4E700206D
:1052E00080B500AF00210120FFF754FB034807F011
:1052F0009DFE034B1B68984700BF80BDA8E70020B8
:10530000A0E7002080B586B000AF786001210120C1
:10531000FFF740FBEFF31083FB60FB687B6172B625
:1053200000BF064B00221A707B693B613B6983F327
:10533000108800BF00BF1837BD4680BDA4E700201D
:1053400080B584B000AFF860B9607A60FFF7C8FF3D
:10535000002318461037BD4680BD000090B58FB0C1
:1053600000AF7860012387F837300023BB86002325
:105370007B860023FB6200233B620023BB62082381
:10538000FB770023BB61994B1B78012B03D10323CF
:1053900087F8373018E27B68002B03D1062387F8A3
:1053A000373011E27B6803F00F03002B03D0072393
:1053B00087F8373008E28E4B1B884FF6FF72934216
:1053C00009D08B4B1B88002B05D0894B1B889B0277
:1053D000B3F5804F19D37B6803F58042844B1B885B
:1053E0004FF6FF718B420CD0814B1B88002B05D0F0
:1053F0007F4B1B889B0203F1006304E04FF00163C5
:1054000001E04FF00163934203D2082387F837305D
:10541000DAE1784803F036F80346FB77FB7F002B90
:1054200006D0FB7F032B03D00C2387F83730CBE16A
:10543000EFF310833B613B697B6172B600BF6E4B3B
:105440006E4A9A607B6803F178433B622822002110
:105450006B4826F0B7FB002387F827309BE197F8CD
:105460002730684A9B0113441B781A46BB8E1344AD
:10547000BB8697F82730634A9B01134401331B789E
:10548000194697F827305F4A9B0113441B7801FBAC
:1054900003F31A46FB6A1344FB6297F82730594A14
:1054A0009B0113441B78012B02D9BB8E022B03D91D
:1054B0000D2387F8373069E197F82730514A9B016F
:1054C000134401331B78002B02D0FB6A022B03D953
:1054D0000E2387F8373059E10023BB617A8E97F8A5
:1054E000271013469B0013449B00454A1A44454825
:1054F0008B01034404331A60002387F826303AE115
:105500007A68BB6A13447A8E18463D4913469B005D
:1055100013449B000B4418607A8E394913469B0054
:1055200013449B000B441B6897F82720114618462C
:1055300001F016FD0346002B18D100BF3A6ABB6A82
:1055400013445A0B97F827302E499B010B44013323
:105550001B781946104601F0EDFE0346002BEDD0F6
:10556000294A0121012002F023F99EE07A8E244984
:1055700013469B0013449B000B441B68184601F024
:1055800089FD0346002B18D100BF3A6ABB6A134459
:105590005A0B97F827301B499B010B4401331B78AA
:1055A0001946104601F0C6FE0346002BEDD0174AFF
:1055B0000121012002F0FCF877E097F82730114A2A
:1055C0009B0113440C331B68002B21D17A8E97F872
:1055D000271013469B0013449B00094A1A440948AC
:1055E0008B0103440C331A605FE000BFC4E7002066
:1055F000A007F90B14010020E0E70020295F010853
:10560000F0E700203C01002034C9030868C9030802
:1056100097F827306F4A9B0113440C331B68BB611A
:105620007A8E13469B0013449B006B4A134497F8F1
:1056300027401946B86901F059FE02466549A301A1
:105640000B440C331A6097F82730624A9B011344CD
:105650000C331B68BA699A4213D100BF3A6ABB6A1D
:1056600013445A0B97F827305A499B010B440133D6
:105670001B781946104601F05DFE0346002BEDD065
:1056800013E000BFBB691B6803F178435A0B97F81E
:10569000273050499B010B4401331B7819461046B3
:1056A00001F048FE0346002BECD097F82730494A1A
:1056B0009B0113440C331B68002B0ED197F8272055
:1056C00097F82730434992010A440432126841494D
:1056D0009B010B4408331A603AE097F827303D4AA3
:1056E0009B0113440C331A6897F8273039499B0102
:1056F0000B440433196897F8273036489B0103445C
:105700001B78184603469B0003449B00143B0B4444
:105710009A420ED197F8272097F827302D49920109
:105720000A44043212682B499B010B4408331A6067
:105730000EE097F82730274A9B0113440C331A6870
:1057400097F82730143223499B010B4408331A6021
:1057500097F827301F4A9B01134401331B785B03E2
:10576000BA6A1344BB627B8E01337B8697F826307E
:10577000013387F8263097F82730164A9B011344E7
:105780001B7897F826209A42FFF4BAAE97F8273094
:10579000013387F8273097F82730002B04D197F88A
:1057A0003730012B3FF45BAE97F83730012B05D132
:1057B0000A4B01221A70002387F837307B69FB609F
:1057C000FB6883F3108800BF97F8373018463C37E2
:1057D000BD4690BD3C010020F0E70020C4E700205A
:1057E00080B58CB000AF0346B9607A60FB730123CB
:1057F00087F82F30002387F82130FB7B9B0887F840
:1058000020301023BB627B689B000F3323F00F0313
:105810007B628A4B1B78002B03D1022387F82F3041
:10582000FEE0874B1B78012B03D1042387F82F3030
:10583000F6E0FB7B002B03D00F2387F82F30EFE03F
:10584000BB68002B03D1112387F82F30E8E0BB6839
:1058500003F00303002B03D0122387F82F30DFE07F
:105860007B68002B03D1132387F82F30D8E097F8FB
:105870002030744A9B01134420331B68002B1ED038
:1058800097F820306F4A9B01134428331B68002B84
:1058900015D097F820306B4A9B01134430331B68B6
:1058A000002B0CD097F82030664A9B011344383304
:1058B0001B68002B03D0092387F82F30B0E00023AA
:1058C00087F8233032E097F8202097F823305D499D
:1058D000D2001344043351F83330002B21D097F811
:1058E000202097F823305749D20013440433DB00BB
:1058F0000B445B689B000F3323F00F037A6A134459
:105900007B627A6ABB6A1A4497F820304D499B0142
:105910000B4401331B785B039A4202D9132387F8A7
:105920002F3097F82330013387F8233097F823304E
:10593000032B03D897F82F30012BC4D097F82F30C2
:10594000012B6DD1EFF31083BB61BB69FB6172B6B4
:1059500000BFFB7B03F0030387F8213097F820207A
:1059600097F821303749D20013440433BA6841F81C
:10597000332097F8202097F821303249D200134481
:105980000433DB000B447A685A60002387F8223026
:1059900039E097F8202097F822302A49D2001344A2
:1059A000043351F83330002B28D097F82030254AA3
:1059B0009B01134408331B681B681A46BB6AD11845
:1059C00097F820301F4A9B01134408331A6897F850
:1059D00022309B001344596097F8202097F822301A
:1059E0001849D20013440433DB000B445B689B006E
:1059F0000F3323F00F03BA6A1344BB6297F82230C7
:105A0000013387F8223097F82230032BC1D9FB6984
:105A10007B617B6983F3108800BF002387F82F30F8
:105A200097F82F30084A0121032001F0C1FE97F8B2
:105A30002F3018463037BD4680BD00BFC4E7002078
:105A4000C5E700203C01002098C9030880B58AB052
:105A500000AF0346FB71012387F82730FB799B08D1
:105A6000FB77FB7903F00303BB770023BB610023C3
:105A70003B6200237B61974B1B78002B03D10223F1
:105A800087F8273019E1944B1B78012B03D10423AD
:105A900087F8273011E1FB79002B03D00F2387F81B
:105AA00027300AE1FA7FBB7F8C49D20013440433CC
:105AB00051F83330002B03D1102387F82730FCE056
:105AC000FB7F864A9B0113440C331B68002B03D1D8
:105AD0000A2387F82730F0E0EFF31083FB60FB68C0
:105AE0003B6172B600BF7C4B01221A70FB7F7B4A80
:105AF0009B0113440C331B681B68FA7F1146184640
:105B000001F02EFA0346002B03D10B2387F8273030
:105B1000CAE0FB7F714A9B0113440C331B681B686E
:105B2000184601F0B7FA0346002B03D10B2387F880
:105B30002730B9E0FB7F694A9B0113440C331B6893
:105B40001B687B617B691B79FA799A4211D1FA7FD4
:105B5000BB7F6249D20013440433DB000B445B6813
:105B60007A69B2F8052092B2934202D110233B62C7
:105B700072E07B69DB79FA799A4217D1FA7FBB7FB1
:105B80005649D20013440433DB000B445B687A6946
:105B9000128993420AD17B69B3F805309BB29B000E
:105BA0000F3323F00F0310333B6255E07B699B7A80
:105BB000FA799A4220D1FA7FBB7F4849D200134438
:105BC0000433DB000B445B687A69B2F80B2092B2B5
:105BD000934211D17B69B3F805309BB29B000F3320
:105BE00023F00F027B691B899B000F3323F00F0307
:105BF000134410333B622FE07B695B7BFA799A4256
:105C000027D1FA7FBB7F3549D20013440433DB0030
:105C10000B445B687A69D28993421AD17B69B3F8E5
:105C200005309BB29B000F3323F00F027B691B8969
:105C30009B000F3323F00F031A447B69B3F80B303A
:105C40009BB29B000F3323F00F03134410333B62CE
:105C500002E0142387F8273097F82730012B23D14F
:105C6000FB7F1E4A9B0113440C331B681B681A46BA
:105C70003B6A1344BB61FA7FBB7F1849D2001344CF
:105C8000043351F83300FA7FBB7F1449D200134428
:105C90000433DB000B445B689B001A46B96925F0AE
:105CA000D6FF002387F827300B4B00221A703B6980
:105CB000BB60BB6883F3108800BF97F82730084AA1
:105CC0000121032001F074FD97F82730184628378A
:105CD000BD4680BDC4E70020C5E700203C01002090
:105CE000BCC9030880B58CB000AF03463960FB71B6
:105CF000012387F82F30FB799B0887F82D30FB793B
:105D000003F0030387F82C307F4B1B78002B03D163
:105D1000022387F82F30F0E0FB79002B03D00F230C
:105D200087F82F30E9E097F82D2097F82C30774945
:105D3000D2001344043351F83330002B03D1102325
:105D400087F82F30D9E0EFF31083BB61BB69BB62EA
:105D500072B600BF97F82D3001229A406C4B1B6839
:105D600013436B4A13606A4B1B686A4A0121032084
:105D700001F01EFD97F82D30644A9B011344023355
:105D8000197897F82C30012202FA03F3DAB297F867
:105D90002D300A43D1B25D4A9B01134402330A46B7
:105DA0001A7097F82C30012202FA03F3DBB25A4A38
:105DB0000121032001F0FCFC97F82D2097F82C30EE
:105DC00052491201134404333A6841F82320BB6A54
:105DD000FB61FB6983F3108800BF504B1B78002BDD
:105DE00040F08880EFF310833B613B697B6272B6C1
:105DF00000BF4A4B01221A70494A97F82D301370A0
:105E0000474A97F82C305370454B00229A7097F808
:105E10002D303E4A9B01134402331A7897F82D30F7
:105E20001201D1B2394A9B01134402330A461A7057
:105E30007B6A7B617B6983F3108800BF97F82D3004
:105E4000184601F0B1FA0346022B43D1EFF3108359
:105E5000FB60FB683B6272B600BF304B00221A70D9
:105E600097F82D30012202FA03F3DA43284B1B681E
:105E70001340274A136097F82D30244A9B0113449E
:105E8000023300221A7003220021254825F09AFED1
:105E9000002387F82E300FE097F82D2097F82E304A
:105EA0001A49120113440433002241F8232097F8C1
:105EB0002E30013387F82E3097F82E30032BEBD994
:105EC0003B6ABB60BB6883F3108800BF152387F86B
:105ED0002F3012E097F82D300C4A9B011344023307
:105EE0001B78104A0121032001F062FC002387F88F
:105EF0002F3002E0002387F82F3097F82F30184614
:105F00003037BD4680BD00BFC4E700203C01002003
:105F1000C8E70020DCC9030800CA0308C5E7002061
:105F2000ECE7002024CA0308B0B5D8B000AF0246A1
:105F300007F5B073A3F259131A70022387F8593189
:105F4000AE4B9B78032B00F2F18701A252F823F0AD
:105F5000615F0108B96101082F690108A36C01089C
:105F6000A74A0121032001F023FC07F5B073A3F237
:105F700059131B78002B40F0DC80A04B1B78A14A02
:105F80009B01134408331B681B68042219469E4872
:105F900001F082F90346002B5AD1EFF31083C7F8C2
:105FA000E030D7F8E030C7F8EC3072B600BF934B62
:105FB00003229A70D7F8EC30C7F8E430D7F8E43011
:105FC00083F3108800BF8D4B1B788E4A9B011344CE
:105FD00008331B681B6803F17843580B874B1B7809
:105FE000884A9B01134401331B78884A1946FEF7FF
:105FF0001FFE034687F8593197F85931022B40F0BC
:1060000097877E4B1B780121184601F0C3FAEFF306
:106010001083C7F8D830D7F8D830C7F8E83072B650
:1060200000BF764B1B781A4601239340DA43784B26
:106030001B681340764A1360764B00221A70D7F81B
:10604000E830C7F8DC30D7F8DC3083F31088B1E0F3
:10605000EFF31083C7F8D030D7F8D030C7F8F4305A
:1060600072B600BF654B01229A706B4B00221A700A
:10607000D7F8F430C7F8D430D7F8D43083F3108889
:1060800000BF5E4B1B7818465C4B5B7819465D4A37
:10609000C3000B44043352F83300584B1B78594A61
:1060A0009B01134408331A68544B5B789B001344DC
:1060B0005968524B1B781D46504B5B781C46514A21
:1060C000EB0023440433DB0013445B681A464F4B58
:1060D000FEF726FD034687F8593197F85931022B10
:1060E00040F02687454B1B780121184601F052FAF3
:1060F000EFF31083C7F8C830D7F8C830C7F8F030CE
:1061000072B600BF3D4B1B781A4601239340DA4319
:106110003F4B1B6813403E4A13603E4B00221A70EF
:10612000D7F8F030C7F8CC30D7F8CC3083F31088EC
:1061300040E03A4A0121032001F03AFB2F4B1B7843
:10614000304A9B01134408331B6819682F4B042203
:106150002D48FEF7E5FC034687F8593197F8593189
:10616000022B40F0E586254B1B780121184601F0F3
:1061700011FAEFF31083C7F8C030D7F8C030C7F872
:10618000F83072B600BF1D4B1B781A4601239340AE
:10619000DA431F4B1B6813401D4A13601D4B00223E
:1061A0001A70D7F8F830C7F8C430D7F8C43083F382
:1061B000108800BF00F0BCBE194A0121032001F085
:1061C000F7FA07F5B073A3F259131B78002B40F0D0
:1061D0004483EFF31083C7F8BC30D7F8BC30C7F85E
:1061E000283172B600BF054B5B78022B1AD8034BDF
:1061F0005B780133DAB2014B5A7016E0ECE700200D
:1062000068CA03083C010020D0E70020E0E7002036
:10621000C8E70020C5E7002018E80020B4CA03083A
:1062200018CB0308A54B00225A70A54B1B780133ED
:10623000DAB2A34B1A70A14B1B7818469F4B5B78C0
:106240001946A04AC3000B44043352F83330002BE4
:1062500003D19B4B1B78032BC5D9D7F82831C7F83E
:10626000B830D7F8B83083F3108800BF944B1B7850
:10627000032B57D8914B1B781846904B5B781946E7
:10628000904AC3000B44043352F833008B4B1B7805
:106290008C4A9B01134408331A68884B5B789B0037
:1062A00013445968854B1B781D46844B5B781C460C
:1062B000844AEB0023440433DB0013445B681A4632
:1062C000814BFEF72DFC034687F8593197F8593179
:1062D000022B40F02F86794B1B780121184601F0E4
:1062E00059F9EFF31083C7F8B030D7F8B030C7F8DA
:1062F000FC3072B600BF714B1B781A4601239340E5
:10630000DA43724B1B681340704A1360704B0022D3
:106310001A70D7F8FC30C7F8B430D7F8B43083F32C
:10632000108803E3654B1B78664A9B0113440833CE
:106330001B681B68184600F0ADFE0346002B5AD1BF
:10634000EFF31083C7F8A830D7F8A830C7F80431A6
:1063500072B600BF594B03229A70D7F80431C7F8C0
:10636000AC30D7F8AC3083F3108800BF534B1B78A8
:10637000544A9B01134408331B681B6803F178439C
:10638000580B4E4B1B784F4A9B01134401331B782B
:106390004D4A1946FEF74CFC034687F8593197F8E9
:1063A0005931022B40F0C685444B1B780121184619
:1063B00001F0F0F8EFF31083C7F8A030D7F8A03061
:1063C000C7F8003172B600BF3C4B1B781A46012358
:1063D0009340DA433D4B1B6813403C4A13603C4BEF
:1063E00000221A70D7F80031C7F8A430D7F8A430CB
:1063F00083F310889AE2EFF31083C7F89C30D7F844
:106400009C30C7F8243172B600BF2C4B1B782D4A44
:106410009B0113440C331B682E4A1360274B1B78D7
:106420001946264B1B781846264A8B01134408331D
:106430001A68244983010B440C331A601F4B1B78E4
:10644000204A9B01134408331A681C4B1B781D49D2
:106450009B010B4404331968184B1B7819489B01A6
:1064600003441B78184603469B0003449B00143BDF
:106470000B449A4210D1114B1B7819460F4B1B78D5
:106480001846104A8B01134404331A680D498301DE
:106490000B4408331A600CE0084B1B7809499A0139
:1064A0000A4408321268143206499B010B4408332F
:1064B0001A60002387F85F314CE000BFECE7002052
:1064C00018E800203C010020E0E70020C8E7002099
:1064D000C5E700201CE80020AC4B1B78AC4A9B01B0
:1064E00013440C331A6897F85F319B0013445B68C0
:1064F000002B2AD0A54B1B78A54A9B0113440833D7
:106500001B681A68A14B1B78A1499B010B440C33F3
:10651000196897F85F319B000B4459689B4B1B78B7
:106520009B489B0103440C331B681B68CB1A18461D
:10653000964B1B7896499B010B440833196897F8D2
:106540005F3102449B000B445A6097F85F3101337E
:1065500087F85F3197F85F31032BBDD9D7F8243125
:10656000C7F89830D7F8983083F3108800BF894B6C
:106570001B68002B55D0EFF31083C7F89030D7F885
:106580009030C7F80C3172B600BF804B02229A706F
:10659000D7F80C31C7F89430D7F8943083F31088CB
:1065A00000BF7C4B1B681B6803F17843580B774B8B
:1065B0001B78774A9B01134401331B78764A1946AE
:1065C000FEF736FB034687F8593197F85931022B0D
:1065D00040F0B0846D4B1B780121184600F0DAFFC3
:1065E000EFF31083C7F88830D7F88830C7F8083140
:1065F00072B600BF654B1B781A4601239340DA43FD
:10660000664B1B681340654A1360654B00221A7085
:10661000D7F80831C7F88C30D7F88C3083F310885E
:1066200084E15A4B1B780021184600F0B3FF574B0A
:106630001B78574A9B01134402331B78002B1DD152
:10664000EFF31083C7F88030D7F88030C7F82031D7
:1066500072B600BF4D4B1B781A4601239340DA43B4
:106660004E4B1B6813404D4A1360D7F82031C7F8D2
:106670008430D7F8843083F3108800BF474B1B6801
:10668000002B00F0D080002387F85E3146E097F8B9
:106690005E3101229A40414B1B681340002B38D0D9
:1066A000EFF31083FB67FB6FC7F8183172B600BFBA
:1066B000364A97F85E311370344B00229A700023EB
:1066C00087F85D3119E0314B1B78314A9B01134447
:1066D00002331B781A4697F85D3122FA03F303F070
:1066E0000103002B04D0294A97F85D31537008E06C
:1066F00097F85D31013387F85D3197F85D31032BF1
:10670000E1D9D7F81831BB67BB6F83F3108800BF9E
:1067100008E097F85E31013387F85E3197F85E3113
:106720001F2BB4D91F4A0121032001F041F8174B58
:106730001B78184600F038FE034687F8593197F861
:106740005931022B30D1114B1B780121184600F032
:1067500021FFEFF310833B673B6FC7F8103172B630
:1067600000BF0A4B1B781A4601239340DA430B4BB8
:106770001B681340094A1360094B00221A70D7F8AE
:1067800010317B677B6F83F31088CFE0ECE700204C
:106790003C0100201CE80020E0E70020C8E70020C2
:1067A000C5E7002064CB0308EFF31083BB66BB6E24
:1067B000C7F8143172B600BFAD4B1B78AD4A9B01D0
:1067C000134402331B785AB2A94B1B78A9499B0189
:1067D0000B4402331B785BB21B015BB213435AB20A
:1067E000A34B1B78D1B2A34A9B01134402330A4640
:1067F0001A709F4B1B789F4A9B01134402331B78EE
:106800009B4A1278104623F00F03D9B2994A8301AC
:10681000134402330A461A70D7F81431FB66FB6E34
:1068200083F3108882E0EFF3108207F5B073A3F5CD
:1068300080731A6007F5B073A3F580731B68C7F8FF
:106840001C3172B600BF8C4B00221A70D7F81C3175
:106850007B667B6E83F3108868E0884A0121032001
:1068600000F0A6FF824B1B781846814B5B781946D7
:10687000804AC3000B44043352F833007C4B1B782E
:106880007C4A9B01134408331A68794B5B789B0060
:1068900013445968764B1B781D46754B5B781C4634
:1068A000744AEB0023440433DB0013445B681A464C
:1068B000734BFEF735F9034687F8593197F859318C
:1068C000022B40F037836A4B1B780121184600F0F9
:1068D00061FEEFF3108207F5B073A3F584731A60BD
:1068E00007F5B073A3F584731B68C7F82C3172B633
:1068F00000BF5F4B1B781A4601239340DA43614B7C
:106900001B6813405F4A13605B4B00221A7007F547
:10691000B073A3F58273D7F82C211A6007F5B07312
:10692000A3F582731B6883F3108800BF02E3564A05
:106930000121032000F03CFF07F5B073A3F25913C7
:106940001B78002B40F06081494B1B7800211846D2
:1069500000F020FE464B1B78464A9B01134402334D
:106960001B78002B29D1EFF3108207F5B073A3F544
:1069700088731A6007F5B073A3F588731B68C7F8AE
:10698000403172B600BF3A4B1B781A460123934040
:10699000DA433C4B1B6813403A4A136007F5B07367
:1069A000A3F58673D7F840211A6007F5B073A3F5F5
:1069B00086731B6883F3108800BF324B1B68002B63
:1069C00000F00081002387F85C3164E097F85C31C7
:1069D00001229A402B4B1B681340002B56D0EFF33B
:1069E000108207F5B073A3F58A731A6007F5B073C8
:1069F000A3F58A731B68C7F8383172B600BF1C4A0A
:106A000097F85C3113701A4B00229A70002387F8B4
:106A10005B3119E0164B1B78164A9B011344023375
:106A20001B781A4697F85B3122FA03F303F001034F
:106A3000002B04D00E4A97F85B31537008E097F8AA
:106A40005B31013387F85B3197F85B31032BE1D978
:106A500007F5B073A3F58C73D7F838211A6007F5E2
:106A6000B073A3F58C731B6883F3108800BF16E026
:106A7000ECE700203C010020C5E70020D4CB030850
:106A8000E0E70020C8E7002038CC030897F85C3125
:106A9000013387F85C3197F85C311F2B96D99D4AFA
:106AA0000121032000F084FE9B4B1B78184600F068
:106AB0007BFC034687F8593197F85931022B32D1C4
:106AC000954B1B780121184600F064FDEFF310820E
:106AD00007F5B073A3F590731A6007F5B073A3F5CB
:106AE00090731B68C7F8303172B600BF8A4B1B78B1
:106AF0001A4601239340DA43884B1B681340874AA8
:106B00001360874B00221A7007F5B073A3F58E73DC
:106B1000D7F830211A6007F5B073A3F58E731B68A0
:106B200083F31088BCE0EFF3108207F5B073A3F590
:106B300094731A6007F5B073A3F594731B68C7F8D4
:106B4000343172B600BF744B1B78764A9B011344F4
:106B500002331B785AB2704B1B7872499B010B446D
:106B600002331B785BB21B015BB213435AB26A4B10
:106B70001B78D1B26B4A9B01134402330A461A7048
:106B8000654B1B78674A9B01134402331B78624AAA
:106B90001278104623F00F03D9B2624A83011344DE
:106BA00002330A461A7007F5B073A3F59273D7F84B
:106BB00034211A6007F5B073A3F592731B6883F351
:106BC00010886DE0EFF3108207F5B073A3F59873AA
:106BD0001A6007F5B073A3F598731B68C7F83C31CA
:106BE00072B600BF4E4B00221A7007F5B073A3F5C2
:106BF0009673D7F83C211A6007F5B073A3F5967326
:106C00001B6883F310884BE0474B1B681B68A3F598
:106C10000053580B404B1B78424A9B0113440133ED
:106C20001B78424A1946FEF703F8034687F85931A4
:106C300097F85931022B40F07F81374B1B780121A7
:106C4000184600F0A7FCEFF3108207F5B073A3F528
:106C50009C731A6007F5B073A3F59C731B68C7F8A3
:106C6000443172B600BF2C4B1B781A460123934067
:106C7000DA432A4B1B681340284A1360284B002232
:106C80001A7007F5B073A3F59A73D7F844211A6008
:106C900007F5B073A3F59A731B6883F3108800BFE0
:106CA0004AE1234A0121032000F082FD07F5B07379
:106CB000A3F259131B78002B40F0E280EFF310820F
:106CC00007F5B073A3F59E731A6007F5B073A3F5CB
:106CD0009E731B68C7F8503172B600BF0E4B00227E
:106CE0009A70002387F85A3129E00B4B1B780D4A24
:106CF0009B01134402331B781A4697F85A3122FA43
:106D000003F303F00103002B14D0034A97F85A3120
:106D1000537018E080CC0308ECE70020C8E700209F
:106D2000C5E700203C0100201CE80020E0E700202F
:106D3000ECCC030897F85A31013387F85A3197F8A9
:106D40005A31032BD1D907F5B073A3F5A073D7F847
:106D500050211A6007F5B073A3F5A0731B6883F385
:106D6000108800BF784B1B78184600F01DFB0346C7
:106D700087F8593197F85931022B32D1724B1B7871
:106D80000121184600F006FCEFF3108207F5B073FE
:106D9000A3F5A4731A6007F5B073A3F5A4731B6879
:106DA000C7F8483172B600BF674B1B781A460123FB
:106DB0009340DA43654B1B681340644A1360644B8D
:106DC00000221A7007F5B073A3F5A273D7F8482113
:106DD0001A6007F5B073A3F5A2731B6883F31088DC
:106DE000A3E0EFF3108207F5B073A3F5A8731A6060
:106DF00007F5B073A3F5A8731B68C7F84C3172B6DA
:106E000000BF514B1B78534A9B01134402331B783C
:106E10005AB24D4B1B784F499B010B4402331B78F0
:106E20005BB21B015BB213435AB2474B1B78D1B222
:106E3000484A9B01134402330A461A70424B1B789E
:106E4000444A9B01134402331B783F4A1278104690
:106E500023F00F03D9B23F4A8301134402330A4699
:106E60001A7007F5B073A3F5A673D7F84C211A6012
:106E700007F5B073A3F5A6731B6883F3108854E07D
:106E8000354A0121032000F093FC2F4B1B78314A37
:106E90009B01134408331B681B68A3F50053580B70
:106EA000294B1B782B4A9B01134401331B782B4A37
:106EB0001946FDF7BDFE034687F8593197F8593159
:106EC000022B3BD1204B1B780121184600F062FBBE
:106ED000EFF3108207F5B073A3F5AC731A6007F5F2
:106EE000B073A3F5AC731B68C7F8543172B600BF1A
:106EF000154B1B781A4601239340DA43134B1B684A
:106F00001340124A1360124B00221A7007F5B07337
:106F1000A3F5AA73D7F854211A6007F5B073A3F547
:106F2000AA731B6883F3108800BF07E000BF06E068
:106F300000BF04E000BF02E000BF00E000BF00BFF0
:106F400007F5B077BD46B0BDECE70020C8E70020EC
:106F5000C5E700203C01002038CD0308E0E7002011
:106F600080B485B000AF78600B46FB700023FB73E4
:106F70007B681B78FF2B38D17B685B78FF2B34D183
:106F80007B685B884FF6FF7293422ED17B681B793A
:106F9000FF2B2AD17B68B3F805309BB24FF6FF7206
:106FA000934222D17B68DB79FF2B1ED17B681B8942
:106FB0004FF6FF72934218D17B689B7AFF2B14D156
:106FC0007B68B3F80B309BB24FF6FF7293420CD143
:106FD0007B685B7BFF2B08D17B68DB894FF6FF72F8
:106FE000934202D10023FB734AE07B68B3F805307B
:106FF0009BB21A467B681B8913447A68B2F80B204F
:1070000092B213447A68D28913441946FB78204A15
:107010009B01134401331B785B039B08994202D9FF
:107020000023FB732CE07B681B791A46FB789B00DE
:107030009A4202D00023FB7322E07B68DB791A4678
:10704000FB789B0001339A4202D00023FB7317E0C8
:107050007B689B7A1A46FB789B0002339A4202D0E7
:107060000023FB730CE07B685B7B1A46FB789B007C
:1070700003339A4202D00023FB7301E00123FB7328
:10708000FB7B18461437BD465DF8047B704700BF94
:107090003C01002080B588B000AF78600023FB770A
:1070A0000023BB607B6810333B610023BB6100237E
:1070B0007B61764A0121032000F07AFBCFE07B69F7
:1070C000032B00F2C38001A252F823F0DD70010807
:1070D0003971010891710108F57101087B68B3F8F5
:1070E00005309BB2002B23D07B68B3F805309BB2F0
:1070F0001A4607F108033969654801F0F7F90346B4
:10710000FB73FB7B002B0CD17B68B3F805309BB283
:107110009B000F3323F00F03BB617B6901337B615D
:1071200096E0FB7B022B00F09380ECF705FA8FE0F2
:107130007B6901337B618BE07B681B89002B23D04B
:107140003A69BB69134419467B681B891A4607F1E3
:1071500008034F4801F026FA0346FB73FB7B002B24
:107160000CD17B681B899B000F3323F00F03BA6996
:107170001344BB617B6901337B616BE0FB7B022BBA
:1071800068D0ECF7D9F965E07B6901337B6161E098
:107190007B68B3F80B309BB2002B27D03A69BB69F0
:1071A000134419467B68B3F80B309BB21A4607F1BB
:1071B0000803374801F0F6F90346FB73FB7B002B0D
:1071C0000ED17B68B3F80B309BB29B000F3323F0DA
:1071D0000F03BA691344BB617B6901337B613BE0F8
:1071E000FB7B022B38D0ECF7A7F935E07B69013344
:1071F0007B6131E07B68DB89002B23D03A69BB6976
:10720000134419467B68DB891A4607F108032048B6
:1072100001F0C8F90346FB73FB7B002B0CD17B68A4
:10722000DB899B000F3323F00F03BA691344BB6162
:107230007B6901337B6111E0FB7B022B0ED0ECF705
:107240007BF90BE07B6901337B6107E000BF06E05F
:1072500000BF04E000BF02E000BF00E000BF7B69A8
:10726000032B7FF62CAF7B685B881A46BB689A427B
:1072700001D10123FB77BB68064A0121032000F0FE
:1072800097FAFB7F18462037BD4680BD9CCD03088A
:1072900014010020B8CD030880B487B000AFF860B7
:1072A000B9607A600123FB7500233B6110E03B6904
:1072B0009B00FA6813441A683B699B00B9680B4449
:1072C0001B689A4201D00023FB753B6901333B6187
:1072D0003A697B689A4202D2FB7D012BE7D0FB7DA5
:1072E00018461C37BD465DF8047B704780B487B0F4
:1072F00000AF786039607B687B617B681B683B61AD
:107300003B681B68FB603B695A78FB685B789A4274
:1073100009D2FB685B781A463B695B78D31AFF2B6E
:1073200001D03B687B617B6918461C37BD465DF820
:10733000047B704780B586B000AF78603960002369
:10734000FB7500233B610023FB733B68002B25D0BA
:107350003B68013B3B61F0F7F5F80DE07A683B696B
:1073600013441846FDF77AFB0346FB73FB7B002BA7
:1073700002D13B6901333B613A683B699A4202D9C9
:10738000FB7B002BEAD0F0F7FFF83A683B699A42A2
:1073900004D8FB7B002B01D10123FB75FB7D184634
:1073A0001837BD4680BD000080B58AB000AF0346E7
:1073B000FB71022387F823300023FB6000237B62EC
:1073C000102200216F4824F0FDFB5DE0FB796E493F
:1073D000DA007B6A1344043351F83330002B4CD06D
:1073E000FB68002B24D1FB796749DA007B6A1344E0
:1073F000043351F83310FB796348DA007B6A134495
:107400000433DB0003445A6807F10C035F4801F0C2
:107410006DF80346FB76FB7E002B03D17B6A0133BC
:107420007B6231E0FB7E022B2BD0ECF785F82BE062
:10743000FB795549DA007B6A1344043351F8331061
:10744000FB795148DA007B6A13440433DB000344C0
:107450005A6807F10C034D4801F0A4F80346FB7687
:10746000FB7E002B03D17B6A01337B620CE0FB7E49
:10747000022B08D0ECF760F806E07B6A01337B62F0
:1074800002E000BF00E000BF7B6A032B9ED9EFF350
:1074900010837B617B69FB6172B600BFFB793A4A5E
:1074A0009B0113440C331B68002B0BD0FB79364A2D
:1074B0009B0113440C331B681B685B780133DAB201
:1074C000304B5A70FB689AB22E4B5A80FB799B0066
:1074D000DAB22C4B1A71FB792B4A9B0113442433EB
:1074E0001B689AB2274BA3F80520FB799B00DBB2FF
:1074F0000133DAB2234BDA71FB79234A9B0113443F
:107500002C331B689AB21F4B1A81FB799B00DBB2AC
:107510000233DAB21B4B9A72FB791B4A9B0113446C
:1075200034331B689AB2174BA3F80B20FB799B00EE
:10753000DBB20333DAB2134B5A73FB79124A9B0165
:1075400013443C331B689AB20E4BDA81FB693B61F2
:107550003B6983F3108800BFFB790B4A9B011344FE
:1075600008331B6819680A4B04220648FDF7D8FA4D
:10757000034687F8233097F8233018462837BD464E
:1075800080BD00BFD0E700203C0100201401002096
:10759000E0E7002080B58AB000AF03460A46FB71E1
:1075A0001346BB71002387F82730002387F8263065
:1075B000002387F8273080E0FB79484A9B01134479
:1075C00002331A7897F827300433012101FA03F3C4
:1075D000DBB2134087F8263097F82630002B67D0AF
:1075E000FB793E4A9B01134402331B781A4697F8F5
:1075F000273022FA03F303F00103002B58D1FA7964
:1076000097F82730354912011344043351F82330D9
:10761000002B28D0FA7997F827303049120113440B
:10762000043351F82330BA7910469847FB792C4A35
:107630000121032000F0BCF8EFF310837B617B692C
:107640003B6272B600BFFA7997F8273023491201DE
:1076500013440433002241F823203B6ABB61BB6919
:1076600083F3108800BFEFF31083FB60FB68FB61BE
:1076700072B600BFFB79194A9B0113440233197893
:1076800097F827300433012202FA03F3DBB2DB431D
:10769000DAB2FB790A40D1B2104A9B01134402339B
:1076A0000A461A70FB693B613B6983F3108800BF8F
:1076B00097F82730013387F82730FB79074A9B0179
:1076C000134402331B78002B04D097F82730032B88
:1076D0007FF672AF00BF2837BD4680BD3C01002059
:1076E000E0CD030890B5C7B000AF07F58C74A4F5E2
:1076F0008674206007F58C70A0F58870016007F52E
:107700008C71A1F58A710A6007F58C72A2F58C72F2
:1077100013600023A7F816310023A7F81431224B79
:107720001B6807F58C72A2F5867212689A4234D8EB
:1077300007F58C73A3F58873186800F083F8024688
:107740001A4B1B681340002B29D0B7F8143107F1EE
:107750001002D018B7F81431C3F5807107F58C7397
:10776000A3F58C7307F58C72A2F58A721B681268F8
:1077700024F00AFA0346A7F81631B7F81421B7F82F
:1077800016311344A7F81431B7F8142107F1100388
:107790001146184605F068FE02E000BF00E000BF99
:1077A00007F58E77BD4690BD24E8002020E8002034
:1077B0000CB480B584B000AF7860396007F11C0369
:1077C000FB60FB68BA6939687868FFF78BFF00BF18
:1077D0001037BD46BDE8804002B0704780B582B02A
:1077E00000AF3B4683E8030005F012FE0A4B0B4A4C
:1077F00092E8030083E803003B68184600F012F8A3
:107800007B68184600F034F8054B00221A6000BF70
:107810000837BD4680BD00BF28E80020FCD0040822
:1078200048E8002080B483B000AF7860044A7B68E9
:10783000136000BF0C37BD465DF8047B704700BF86
:1078400024E8002080B483B000AF78607B68B3F197
:10785000FF3F02D14FF0FF3303E001227B6802FAC1
:1078600003F318460C37BD465DF8047B70470000F3
:1078700080B483B000AF7860044A7B68136000BFB7
:107880000C37BD465DF8047B704700BF20E8002040
:1078900080B586B000AF78600123FB7500233B61A3
:1078A000994B1B78012B02D10C23FB7527E17B68D8
:1078B000002B02D10223FB7521E17B681B68002BA2
:1078C00002D10323FB751AE17B681B6803F00303F5
:1078D000002B02D00323FB7511E17B685B68002B52
:1078E00002D10323FB750AE17B689B68002B06D05D
:1078F0007B68DB68002B02D10423FB75FFE07B680B
:107900009A6813465B0013443B610023FB6028E048
:107910007B68DA68FB68DB0013445B683A691344F0
:107920003B617B68DA68FB68DB0013441B78002B43
:1079300002D10423FB7511E07B68DA68FB68DB0089
:1079400013445B68002B02D10423FB7506E07B68BF
:107950005B683A699A4201D90423FB75FB680133DD
:10796000FB607B689B68FA689A4202D2FB7D012B20
:10797000CED0FB7D012B40F0C280644B00221A6008
:10798000634B00221A60634B00221A60624B002294
:107990001A60624B00221A60614B00221A60614B30
:1079A00000221A605F4B00225A605E4B00229A60F0
:1079B0005D4B00221A605C4B00225A605B4B002238
:1079C0001A605A4B00225A605648EAF7F3FA554BB0
:1079D0001B68002B07D0534B5B68002B03D0514B27
:1079E0009B68002B02D10523FB7588E07B681B6830
:1079F000464A13607B685B68454A1360494B1B68C5
:107A0000424A12684249096810469847454B5968EE
:107A10007B689A6813465B00134418468847034600
:107A20003F4A13603E4B1B68002B06D17B689B6866
:107A3000002B02D00623FB7561E03B4801F082FD7C
:107A40003A4801F07FFD7B689B68344A1360334BF2
:107A50001A6813465B001A442E4B1B6813442D4AC8
:107A600013600023BB6040E07B68DA68BB68DB0022
:107A7000D1182B4B1868BA6813465B0013449B005F
:107A800003440A781A707B68DA68BB68DB00D11897
:107A9000234B1868BA6813465B0013449B000344E9
:107AA0004A68C3F801201E4B1968BA6813465B0088
:107AB00013449B000B4400225A7100229A71002249
:107AC000DA7100221A72164B1968BA6813465B0005
:107AD00013449B000B44D3F801200F4B1B68134445
:107AE0000D4A1360BB680133BB600C4B1B68BA685E
:107AF0009A42B9D3044B01221A700023FB75FB7D17
:107B000018461837BD4680BD4CE8002050E80020DC
:107B100054E8002058E800205CE8002060E80020DD
:107B200064E8002068E8002074E800207CE8002079
:107B300080B58EB000AFB9607A603B600346FB73DE
:107B4000012387F8373000233B630023BB627B6847
:107B500000221A60904B1B78002B03D10D2387F86D
:107B6000373012E1BB68002B03D10A2387F8373086
:107B70000BE1FB7B002B45D1EFF31083FB61FB692D
:107B80003B6272B600BF854B1A68854B1B68D21AE0
:107B9000844B1B68D31ABA689A4227D2824B5B681F
:107BA000BA68013210469847B862BB6A002B16D0FB
:107BB000FB7B1A06BB6823F07F431A43BB6A1A603B
:107BC000BB6A1A1D7B681A60754B1A68BB68134440
:107BD0000133734A1360002387F837300CE03868AC
:107BE00000F0F6F90B2387F8373005E0386800F02D
:107BF000EFF90A2387F837303B6ABB61BB6983F32F
:107C00001088C2E0092387F83730EFF310837B61D7
:107C10007B697B6272B600BF0023FB62A5E0634B09
:107C20001968FA6A13465B0013449B000B441B78E7
:107C3000FA7B9A4240F096805C4B1968FA6A1346C8
:107C40005B0013449B000B44D3F80510574B186896
:107C5000FA6A13465B0013449B000344D3F80130D7
:107C6000994215D2514B1968FA6A13465B001344C6
:107C70009B000B44D3F801104C4B1868FA6A13466A
:107C80005B0013449B000344D3F80530CB1A3B63DD
:107C9000424B1A68424B1B68D21A424B1B68D21ADD
:107CA0003B6B1344BA689A4256D23F4B5B68BA6842
:107CB000013210469847B862BB6A002B45D0FB7B67
:107CC0001A06BB6823F07F431A43BB6A1A60BB6A7B
:107CD0001A1D7B681A60354B1968FA6A13465B00F7
:107CE00013449B000B44D3F80520BB68D1182F4BDD
:107CF0001868FA6A13465B0013449B0003444A1C4D
:107D0000C3F80520294B1968FA6A13465B0013442F
:107D10009B000B44D3F80110244B1868FA6A1346F1
:107D20005B0013449B000344D3F80530994208D20A
:107D30001B4B1A68BB681A443B6BD31A0133184AB1
:107D40001360002387F837300CE0386800F040F902
:107D50000B2387F8373005E0386800F039F90A233B
:107D600087F83730FB6A0133FB62114B1B68FA6AF4
:107D70009A4204D297F83730092B3FF450AF7B6A10
:107D80003B613B6983F3108800BF97F83730184692
:107D90003837BD4680BD00BF4CE8002054E80020C5
:107DA00058E800205CE8002068E8002064E8002033
:107DB00060E8002080B58CB000AF7860012387F8C0
:107DC0002F30002387F8273000233B620023FB611C
:107DD0000023BB616C4B1B78002B03D10D2387F86C
:107DE0002F30CAE07B68002B03D1022387F82F30A5
:107DF000C3E07B6803F00303002B03D0072387F85D
:107E00002F30BAE0614B1A68614B1B689B0013442A
:107E10007A689A4204D85D4B1B687A689A4203D20A
:107E2000082387F82F30A8E0EFF310833B613B690C
:107E30007B6172B600BF7B68043BBB61BB691B689A
:107E40001B0E87F82730BB691B6823F07F43FB615B
:107E5000FB690133FB614F4B9B68B869984797F802
:107E60002730002B09D14C4B1A68FB69D31A4A4AB8
:107E70001360002387F82F3075E0092387F82F302F
:107E80000023BB6266E0454B1968BA6A13465B0083
:107E900013449B000B441B7897F827209A4256D135
:107EA0003E4B1968BA6A13465B0013449B000B44AF
:107EB000D3F80510394B1868BA6A13465B001344AF
:107EC0009B000344D3F80130CB1A3B623B6A002B82
:107ED00024DD3B6AFA699A421AD9304B1968BA6AAA
:107EE00013465B0013449B000B44D3F801102B4B4B
:107EF0001868BA6A13465B0013449B000344D3F826
:107F00000530CA1A244B1B681344234A136005E04A
:107F1000214B1A68FB69D31A1F4A13601F4B19685B
:107F2000BA6A13465B0013449B000B44D3F8051058
:107F30001A4B1868BA6A13465B0013449B0003444B
:107F4000FA698A1AC3F80520002387F82F30BB6A24
:107F50000133BB62124B1B68BA6A9A4203D297F88C
:107F60002F30092B8FD000F045F87B69FB60FB6850
:107F700083F3108800BFEAF737F897F82F301846D8
:107F80003037BD4680BD00BF4CE8002050E80020DF
:107F900054E8002068E8002058E8002064E8002049
:107FA00060E8002080B582B000AF00237B6000F065
:107FB00041F878607B68002B02D07B689B6898470B
:107FC0007B68002BF3D100BF00BF0837BD4680BDE2
:107FD00080B582B000AF78607B68002B03D07968F1
:107FE000034801F007FB00BF0837BD4680BD00BF56
:107FF00074E8002080B582B000AF00237B6009E008
:108000003B1D1946094801F03CFB7B6819460848AE
:1080100001F0F0FA054801F0A5FA0346002BEFD075
:1080200000BF00BF0837BD4680BD00BF74E8002018
:108030007CE8002080B582B000AF00237B60084858
:1080400001F090FA0346002B04D13B1D1946044869
:1080500001F017FB7B6818460837BD4680BD00BF9E
:108060007CE8002080B586B000AF78600023FB601C
:108070003E4B1A687B681340002B72D17B68002B43
:108080000DD008227B6813447B607B6803F00703F4
:10809000002B04D07B6823F0070308337B607B68E8
:1080A000002B5ED0324B1B687A689A4259D8314B0C
:1080B0003B61304B1B687B6104E07B693B617B6902
:1080C0001B687B617B695B687A689A4203D97B692C
:1080D0001B68002BF1D1284B1B687A699A4240D06B
:1080E0003B691B6808221344FB607B691A683B6983
:1080F0001A607B695A687B68D21A08235B009A422F
:108100000FD97A697B681344BB607B695A687B68C6
:10811000D21ABB685A607B697A685A60B86800F006
:10812000CFF8134B1A687B695B68D31A104A136047
:108130000F4B1A68114B1B689A4203D20C4B1B68F9
:108140000E4A13607B695A68084B1B681A437B69A7
:108150005A607B6900221A60094B1B680133084A88
:108160001360FB6818461837BD4680BDA0E80020A4
:1081700090E8002084E800208CE8002094E80020AB
:1081800098E8002080B584B000AF78607B68FB6021
:108190007B68002B28D008235B42FA681344FB60FD
:1081A000FB68BB60BB685A68114B1B681340002B0F
:1081B0001AD0BB681B68002B16D1BB685A680C4BE1
:1081C0001B68DB431A40BB685A60BB685A68094B9E
:1081D0001B681344074A1360B86800F071F8064B37
:1081E0001B680133044A136000BF1037BD4680BDD1
:1081F000A0E8002090E800209CE8002080B487B030
:1082000000AF786039603B683B617B687B617B696C
:1082100003F00703002B0CD07B6907337B617B697C
:1082200023F007037B617A687B69D31A3A691344A8
:108230003B617B69FB601D4AFB6813601B4B00229E
:108240005A60FB683A6913447B6108227B699B1A78
:108250007B617B6923F007037B617B69144A1360B0
:10826000134B1B6800225A60114B1B6800221A60D6
:10827000FB68BB60BB687A69D21ABB685A600C4B5A
:108280001A68BB681A60BB685B680A4A1360BB68FF
:108290005B68094A1360094B4FF000421A6000BF47
:1082A0001C37BD465DF8047B704700BF84E80020A2
:1082B0008CE8002094E8002090E80020A0E800204E
:1082C00080B485B000AF7860284BFB6002E0FB68AB
:1082D0001B68FB60FB681B687A689A42F7D8FB68EA
:1082E000BB60FB685B68BA6813447A689A4208D13D
:1082F000FB685A687B685B681A44FB685A60FB68D5
:108300007B607B68BB607B685B68BA681A44FB680B
:108310001B689A4218D1FB681A68154B1B689A4271
:108320000DD07B685A68FB681B685B681A447B68E1
:108330005A60FB681B681A687B681A6008E00C4B7F
:108340001A687B681A6003E0FB681A687B681A6029
:10835000FA687B689A4202D0FB687A681A6000BFAC
:108360001437BD465DF8047B704700BF84E80020E9
:108370008CE8002080B483B000AF0346FB7100BFDF
:108380000C37BD465DF8047B704780B483B000AF06
:108390000346FB7100BF0C37BD465DF8047B704798
:1083A00080B483B000AF0346FB7100BF0C37BD46FD
:1083B0005DF8047B704780B483B000AF0346FB7167
:1083C00000BF0C37BD465DF8047B704780B483B0B6
:1083D00000AF0346FB7100BF0C37BD465DF8047B60
:1083E0007047000080B500AF024805F02DF800BFCF
:1083F00080BD00BFF983010880B582B000AF78600E
:108400000B467B8013467B701C4B1B88FF2B27D8A9
:108410007B681B780D2B0FD1184B1B881946184809
:10842000E9F729FE154B00221A804FF480720021D3
:10843000134823F0C7FB1DE07B681B780A2B03D190
:108440000E4B1B88002B14D00C4B1B885A1C91B26E
:108450000A4A11801A467B681978094B995409E039
:10846000064B00221A804FF480720021044823F04A
:10847000A9FB00BF0837BD4680BD00BFA4E90020AE
:10848000A4E8002080B584B000AF78600823FB73B7
:108490007B68002B02D10623FB731FE07B681B7AED
:1084A000012B02D10323FB7318E000F039F90346D6
:1084B000FB73FB7B002B11D10B4B1B6801330A4A6A
:1084C0001360094B1A687B681A607B689A697B683D
:1084D0005A607B6801221A7200F02AF9FB7B184669
:1084E0001037BD4680BD00BFACE9002080B586B026
:1084F00000AFF860B9607A603B600823FB75002329
:10850000BB75FB68002B05D0BB68002B02D03B6815
:10851000002B02D10623FB7539E0FB681B7A002B88
:1085200002D10423FB7532E0FB681A681A4B1B6802
:108530009A4203D8FB681B68002B02D10523FB7508
:1085400025E000F0EDF80346FB75FB7D002B1ED106
:10855000FB681A68114B1B689A4204D0F86800F057
:108560008BF80346BB75BB7D002B0CD17A68B968CC
:108570000B48EDF7C0FF02463B681A603B681A687B
:10858000FB685A6001E00723FB7500F0D1F8FB7D22
:1085900018461837BD4680BDACE90020A8E9002088
:1085A000A400002080B586B000AFF860B9607A60A2
:1085B0003B600823FB75FB68002B05D0BB68002BD4
:1085C00002D03B68002B02D10623FB7549E0FB6813
:1085D0001B7A002B02D10423FB7542E0FB681A686A
:1085E000224B1B689A4203D8FB681B68002B02D100
:1085F0000523FB7535E000F093F80346FB75FB7D22
:10860000002B2ED1FB681A68194B1B689A420CD1BB
:108610007A68B9681748EDF72AFF02463B681A6086
:108620003B681A68FB685A6019E0F86800F024F8A3
:108630000346002B11D10F4B1B68FA6852681A6170
:108640007A68B9680B48EDF756FF02463B681A6036
:108650003B681A68FB685A6001E00723FB7500F06D
:1086600067F8FB7D18461837BD4680BDACE9002091
:10867000A8E90020A400002080B584B000AF786095
:108680000023FB73234B5B7FDBB2002B04D021481C
:10869000EDF7C0FE0346FB73FB7B002B34D17B68F8
:1086A0005B691C4AD3607B685A7B1A4B5A717B68A2
:1086B0001A7B184B1A717B681B69164A93607B689A
:1086C0009B69144A13617B68DB69124A53617B68BA
:1086D0001B6A104A93617B685B6A0E4A13620D48FD
:1086E000EDF734FE0346FB73FB7B002B04D17B6864
:1086F0001B68094A136007E018220021074823F08D
:1087000061FA044B00221A62FB7B18461037BD4603
:1087100080BD00BFA4000020A8E90020A800002020
:1087200080B400AF00231846BD465DF8047B704757
:1087300080B400AF00231846BD465DF8047B704747
:1087400080B483B000AF03463960FB713B68114AC7
:108750001A6005E03B681B68A3F110023B681A60D1
:108760003B681B68DB7BFA799A4204D03B681B6844
:10877000094A9342EED13B681B68DB7BFA799A4247
:1087800001D0012300E0002318460C37BD465DF8F8
:10879000047B7047F001F90B0000F90B80B400AFC7
:1087A000044BDB681B0A03F007031846BD465DF85F
:1087B000047B704700ED00E080B483B000AF034657
:1087C000FB7197F90730002B0BDBFB7903F01F02DD
:1087D000074997F907305B09012000FA02F241F8D6
:1087E000232000BF0C37BD465DF8047B704700BFF7
:1087F00000E100E080B483B000AF03463960FB7154
:1088000097F90730002B0ADB3B68DAB20C4997F97D
:1088100007301201D2B20B4483F800230AE03B6810
:10882000DAB20849FB7903F00F03043B1201D2B21C
:108830000B441A7600BF0C37BD465DF8047B7047C9
:1088400000E100E000ED00E080B489B000AFF86026
:10885000B9607A60FB6803F00703FB61FB69C3F151
:108860000703042B28BF0423BB61FB690433062BD9
:1088700002D9FB69033B00E000237B614FF0FF322C
:10888000BB6902FA03F3DA43BB681A407B699A407A
:108890004FF0FF317B6901FA03F3D9437B680B404A
:1088A000134318462437BD465DF8047B704700BF6C
:1088B00080B400AF054B1B68044A43F48033136057
:1088C00000BFBD465DF8047B704700BF000C024648
:1088D00080B400AF074B1B6803F40033B3F5003FCF
:1088E00001D1012300E000231846BD465DF8047B5A
:1088F000704700BF000C024680B400AF054B1B68F8
:10890000044A43F48013136000BFBD465DF8047B46
:10891000704700BF000C024680B400AF074B1B68D5
:1089200003F48013B3F5801F01D1012300E000237D
:108930001846BD465DF8047B704700BF000C024638
:1089400080B400AF054B1B68044A23F48013136006
:1089500000BFBD465DF8047B704700BF000C0246B7
:1089600080B400AF054B1B68044A43F48073136066
:1089700000BFBD465DF8047B704700BF000C024697
:1089800080B400AF074B1B6803F48063B3F5806FBE
:1089900001D1012300E000231846BD465DF8047BA9
:1089A000704700BF000C024680B483B000AF78600F
:1089B000064BDB6923F0030204497B681343CB6158
:1089C00000BF0C37BD465DF8047B7047000C0246C3
:1089D00080B400AF044BDB6903F00C031846BD46BE
:1089E0005DF8047B704700BF000C024680B483B082
:1089F00000AF7860074BD3F8003223F0100205492E
:108A00007B681343C1F8003200BF0C37BD465DF8E8
:108A1000047B7047000C024680B400AF044BD3F8CF
:108A2000003203F007031846BD465DF8047B70472B
:108A3000000C024680B400AF054B1B68044A23F0CB
:108A40008073136000BFBD465DF8047B704700BFB4
:108A5000000C024680B483B000AF7860064B9B6A7E
:108A600023F0030204497B6813438B6200BF0C3779
:108A7000BD465DF8047B7047000C024680B400AF31
:108A8000044B5B6BC3F3080301331846BD465DF826
:108A9000047B7047000C024680B400AF054B5B6B53
:108AA0005B0A03F07F0301331846BD465DF8047B83
:108AB000704700BF000C024680B400AF054B5B6BF3
:108AC0001B0C03F07F0301331846BD465DF8047BA1
:108AD000704700BF000C024680B400AF054B5B6BD3
:108AE0001B0E03F07F0301331846BD465DF8047B7F
:108AF000704700BF000C024680B400AF054B9B6A74
:108B00001B0A03F0070301331846BD465DF8047BDA
:108B1000704700BF000C024680B400AF054B9B6A53
:108B2000044A43F48023936200BFBD465DF8047B92
:108B3000704700BF000C024680B400AF044B9B6B33
:108B4000DB08C3F30C031846BD465DF8047B704791
:108B5000000C024680B485B000AF78600A4BD3F8B1
:108B6000A42009497B681343C1F8A430064BD3F80D
:108B7000A4207B681340FB60FB6800BF1437BD4630
:108B80005DF8047B704700BF000C024680B483B0E0
:108B900000AF7860064BDB6823F4803204497B68C1
:108BA0001343CB6000BF0C37BD465DF8047B7047B4
:108BB0000008024680B400AF074BDB6803F40043B3
:108BC000B3F5004F01D1012300E000231846BD4654
:108BD0005DF8047B704700BF0008024680B483B094
:108BE00000AF78607B681B6843F001027B681A6005
:108BF00000BF0C37BD465DF8047B704780B483B07E
:108C000000AF78607B681B6823F001027B681A6004
:108C100000BF0C37BD465DF8047B704780B483B05D
:108C200000AF78607B681B6803F00103012B01D162
:108C3000012300E0002318460C37BD465DF8047B95
:108C4000704700BF80B483B000AF78607B681B685A
:108C500023F002027B681A6000BF0C37BD465DF846
:108C6000047B704780B483B000AF78607B681B687A
:108C700043F002027B681A6000BF0C37BD465DF806
:108C8000047B704780B483B000AF786039607B6844
:108C90001B6823F008023B681A437B681A6000BF18
:108CA0000C37BD465DF8047B704700BF80B483B0CD
:108CB00000AF78607B681B6823F080027B681A60D5
:108CC00000BF0C37BD465DF8047B704780B483B0AD
:108CD00000AF78607B685B6A18460C37BD465DF86C
:108CE000047B704780B483B000AF78607B686FF01E
:108CF00001021A6100BF0C37BD465DF8047B704766
:108D000080B483B000AF78607B681B6903F0010317
:108D1000012B01D1012300E0002318460C37BD468A
:108D20005DF8047B704700BF80B483B000AF78600B
:108D30007B68DB6843F001027B68DA6000BF0C37B8
:108D4000BD465DF8047B704780B483B000AF7860A7
:108D50007B68DB6823F001027B68DA6000BF0C37B8
:108D6000BD465DF8047B704780B500AFFFF7F8FDA6
:108D700000BFFFF705FE0346002BFAD000BF00BF7F
:108D800080BD00BF80B400AF00BFBD465DF8047B6E
:108D9000704700BF80B400AF00BFBD465DF8047BE4
:108DA000704700BF80B400AF00BFBD465DF8047BD4
:108DB000704700BF054B18785A789B78904238BFAF
:108DC0001046984238BF1846704700BFE0E90020BF
:108DD00008B51020FFF7CEFA214B1B78022B1AD0D2
:108DE000032B0ED0012B07D1FFF7F2FD0C282FD05B
:108DF00000F072F8EBF7D6FABDE808401020FFF754
:108E0000C4BAFFF789FDF0B900F086F8BDE8084064
:108E10001020FFF7BABAFFF77FFD58B9FFF7D8FD6A
:108E20000C2818D0FFF706FE0E4A136D23F04003FE
:108E30001365E1E700F03CF8EBF7B4FABDE8084051
:108E40001020FFF7A2BA00F033F8EBF7ABFADBE73C
:108E500000F052F8CCE700F04FF8EBF7A3FACBE7BD
:108E6000B4E90020000C024610B50446FFF77CFF71
:108E7000FFF790FF0020FFF797FDFFF7A9FD0028FF
:108E8000FBD1FFF715FD00F0E3FAFFF78BFF5CB9AC
:108E9000FFF756FD0220FFF787FDFFF799FD082831
:108EA000FBD1FFF76FFF10BDFFF726FDF2E700BF14
:108EB0004FF4803008B5FFF769FEFFF77BFE00280E
:108EC000FBD00020FFF7D0FF032000F0B9F9BDE888
:108ED00008400020FFF78ABD08B51020FFF786FD87
:108EE000022000F0ADF90120FFF7BEFFBDE8084009
:108EF0000020FFF74BBE00BF022008B5FFF754FD6E
:108F0000FFF766FD0828FBD1FFF794FDBDE8084098
:108F1000032000F095B900BF08B5FFF7FDFD032061
:108F2000FFF798FD044B1A6842F080721A601A6DC0
:108F300042F040021A6508BD000C024680B586B0BA
:108F400000AF3B1D00221A605A609A60DA601A6115
:108F50004FF40030FFF7FEFDFFF720FC0346002230
:108F600001211846FFF770FC034619463320FFF72E
:108F700041FC3320FFF720FC0023BB801023BB60A3
:108F80004FF44863FB6000233B6100237B613B1D82
:108F900019460748F6F790FB0548FFF787FE0821BA
:108FA0000348FFF76FFE00BF1837BD4680BD00BF06
:108FB0000044014070B53C4E82B020220021304672
:108FC00022F000FE394BA6F10C041B68384803F070
:108FD0000F036360EFF744FB0021364A364BA06075
:108FE0001170D3F8882042F40032C3F88820D3F8F7
:108FF000883003F400330193019B00F01DFAFFF762
:109000009DFFFFF7E5FC08283BD00C28054613D050
:1090100060B9012306F80C3CFFF76EFC1020FFF747
:10902000E5FC00F04DF82846FFF7B0FD16F80C2CD3
:10903000224B1A7002B070BD032306F80C3CFFF7F8
:109040005BFD2061FFF71AFD6061FFF725FDA06160
:10905000FFF732FDE061FFF73FFD2062FFF76CFD97
:109060006062FFF7D9FC0121636A2278022B14BFEA
:109070000B4602236373114BA06221731A7002B076
:1090800070BDFFF749FC38B101231A4606F80C3CC5
:109090000A4B1A7002B070BD02231A4606F80C3C47
:1090A000064B1A7002B070BDC0E9002000200240DB
:1090B000C8000020E3E90020000C0246E0E900209F
:1090C00010B50F20FFF756F9FFF7F2FB00F0AEF9ED
:1090D00018B1284B1B78012B31D0022000F0B0F8DA
:1090E000254B1B78012B1CD100F0A0F990B9234C23
:1090F0000920EDF786F8236D43F010032365FFF791
:10910000E7FBB8B90920EDF76EF8BDE810400F2075
:10911000FFF73BB900F014F9BDE810400F20FFF74E
:1091200034B94FF48030FFF731FD00F07FF90028AB
:10913000DDD0EFE71023A36500F0CCF9E2E70220D1
:10914000FFF732FCFFF744FC0828FBD1032000F0B6
:1091500077F8FFF717FE084B1B78032B06D0EBF7C9
:1091600021F9BDE810400F20FFF70FB9FFF7D4FE3B
:10917000F5E700BFE3E90020B4E90020000C024657
:1091800070B5EFF31185102383F31288244B195423
:10919000FFF710FE0446FFF71BFC70BB214E012CAD
:1091A000347034D04FF48030FFF7F0FC1E4B1B7846
:1091B00003B31E4A136D23F010031365FFF7FAFC87
:1091C0000028FBD000F044F9FFF7BAFB0220FFF7BC
:1091D000EBFBFFF7FDFB0828FBD1032000F030F884
:1091E0000020FFF703FCFFF7CDFD3378032B13D0EE
:1091F000EBF7D8F885F3118870BD0A4B1A78A242B4
:10920000F8D01C70FFF7E4FD85F3118870BDFFF7FF
:10921000BDFC85F3118870BDFFF77EFEE8E700BF57
:10922000E0E90020B4E90020E3E90020000C024658
:1092300080B400AF00BFBD465DF8047B704700BF3F
:1092400010B5042818D8DFE800F0275B3F031800AA
:10925000374B1A6822F00F021A601C6814F00F04D2
:10926000FBD121463348EFF7DBF921463248EFF7CF
:10927000D7F9324BC3E9014410BD2D4A136823F0DE
:109280000F0343F003031360136803F00F03032B72
:10929000FAD12A4A536010BD254A136823F00F0300
:1092A00043F003031360136803F00F03032BFAD199
:1092B0004FF480311F48EFF7B3F9BDE810404FF489
:1092C00080311D48EFF7ACB9194B1A6822F00F0234
:1092D00042F001021A601C6804F00F04012CFAD15C
:1092E0004FF480311348EFF79BF94FF48031124867
:1092F000EFF796F94FF48032104BC3E9014210BDED
:109300000B4A0E4C1368616823F00F030B43136084
:10931000136803F00F039942FAD1A1680548EFF7EB
:109320007FF9A1680448BDE81040EFF779B900BFA4
:1093300000200240C8000020D4000020B4E9002032
:1093400010B51120FFF716F8FFF742FB20B1BDE87A
:1093500010401120FFF719B8FFF72CFC0028FBD0B4
:10936000184C2378012B1FD0FFF7EAFA0220FFF7F1
:109370001BFBFFF72DFB0828FBD10320FFF760FF45
:109380002378032B1AD00020FFF730FBFFF7FAFCFD
:109390000D4A136D23F010031365EBF703F8BDE8D6
:1093A00010401120FEF7F1BFFFF7A6FA0220FFF7E9
:1093B000FBFAFFF70DFB0828FBD1E7E7FFF7ACFD51
:1093C000E1E700BFB4E90020000C024610B50D4BE8
:1093D0001C78032C07D0FFF72DFB0B4A136D23F0ED
:1093E0004003136510BD0420FFF72AFF2046FFF756
:1093F000DBFAFFF7EDFA0C28FBD1EAF7D3FFFFF712
:1094000017FF10BDB4E90020000C024628B101206E
:10941000054B02211870FFF7B3BE0121024B1870F3
:109420000846FFF7ADBE00BFE3E90020014B187806
:10943000704700BFB0E90020EFF3108372B601213E
:10944000024A117083F31088704700BFB0E9002012
:1094500010B5FFF7EBFF00B110BD1D48FFF7DEFBB5
:1094600060B11B48FFF770FC194C2046FFF72EFC3B
:109470000028FAD1BDE8104000F05AB81448FFF7B0
:109480003FFC01281FD0FFF723FA0028FBD010482B
:10949000FFF728FC0E48FFF757FC0D48FFF79EFB2F
:1094A0000B4C2046FFF7BAFB0028FAD0084C2046A8
:1094B000FFF70CFC0028FAD10548FFF735FCBDE8A2
:1094C000104000F035B80248FFF70CFCD2E700BFAF
:1094D0000044014008B5FFF7A9FF00B108BD0948E5
:1094E000FFF79CFB0028F9D10648FFF7FBFB054876
:1094F000FFF7A8FB0348FFF717FCBDE80840014849
:10950000FFF76CBB0044014038B5EFF3108572B62D
:10951000064C2046FFF772FB2046FFF7A3FB2046D0
:10952000FFF712FC85F3108838BD00BF00440140EE
:1095300008B5FFF781FFFFF7E7FFBDE80840FFF739
:10954000FFBE00BF80B483B000AF78607B687A68EC
:109550001A607B687A685A6000BF0C37BD465DF8B8
:10956000047B704780B487B000AF7860EFF310835E
:10957000FB60FB683B6172B600BF7B681B687A6862
:109580009A4202D10123FB7501E00023FB753B6980
:10959000BB60BB6883F3108800BFFB7D18461C3797
:1095A000BD465DF8047B704780B487B000AF78603B
:1095B0003960EFF31083FB60FB687B6172B600BF1C
:1095C0007B681A683B681A603B687A685A607B68F7
:1095D0003A681A603B681B683A685A607B693B616D
:1095E0003B6983F3108800BF00BF1C37BD465DF8A0
:1095F000047B704780B487B000AF78603960EFF3C8
:109600001083FB60FB687B6172B600BF3B687A68C1
:109610001A607B685A683B685A607B683A685A608F
:109620003B685B683A681A607B693B613B6983F31E
:10963000108800BF00BF1C37BD465DF8047B704733
:1096400080B487B000AF7860EFF31083FB60FB68F5
:109650007B6172B600BF7B685B687A6812681A60CB
:109660007B681B687A6852685A607B693B613B691A
:1096700083F3108800BF00BF1C37BD465DF8047B34
:10968000704780B586B000AF78603960EFF3108323
:10969000FB60FB687B6172B600BF7B681A683B6841
:1096A0001A607B681B681846FFF7CAFF7B693B613D
:1096B0003B6983F3108800BF00BF1837BD4680BDEB
:1096C00080B487B000AF78603960EFF31083FB603F
:1096D000FB687B6172B600BF7B681A683B681A60E2
:1096E0007B693B613B6983F3108800BF00BF1C3777
:1096F000BD465DF8047B7047D458C4500433C41889
:109700008C42F9D37047036004308842FBD3704722
:109710002148854603F0F8F801281AD08AB0EAF704
:109720002BFE1E481E491F4A0023FFF7E8FF1E4874
:109730001E490023FFF7E9FF22F060FAE9F794F9E8
:10974000FEE72DE9F05F1A4C6B462360BFF34F8FA5
:1097500030BF174C2468A546BDE8F09F1548164950
:10976000096850F8042B126804B40139F9D1704724
:10977000104811490968A1F101014FEA810108442B
:109780004FEA910101F1010150F8042908BC13606E
:109790000139F9D1704700000000022000000020CC
:1097A00070060020E8D9040870060020D47101205A
:1097B00050290120F8D1040800D2040880B400AF79
:1097C000044B1B68C3F30B031846BD465DF8047BCE
:1097D000704700BF004004E080B400AF044B1B683A
:1097E0001B0C9BB21846BD465DF8047B704700BF5A
:1097F000004004E080B400AF034B1B681846BD4630
:109800005DF8047B704700BF000AF90B80B400AF1D
:10981000034B1B68DBB21846BD465DF8047B7047FE
:10982000040AF90B80B400AF034B1B681B0A1846EF
:10983000BD465DF8047B7047040AF90B80B400AFA5
:10984000034B1B681846BD465DF8047B704700BF9C
:109850000007F90B80B400AF034B1B681846BD46E8
:109860005DF8047B704700BF0407F90B80B400AFBC
:10987000034B1B681846BD465DF8047B704700BF6C
:109880000807F90B80B400AF044B1B6803F01F03FB
:109890001846BD465DF8047B704700BF0005F90B14
:1098A00080B582B000AF3048FFF74CFE2F4A002150
:1098B000102003F0CFFA2E4A0021042003F0CAFA48
:1098C0002C494FF000024FF00003C1E900234FF490
:1098D000FC7228490020FBF783FF0020FCF7B6F854
:1098E00000F002FD0346002B37D100F055FDF9F7DB
:1098F0007DFA214B00221A761F4B4FF6FF72DA8059
:109900001E4A02210020FDF753FF1D4A02210020BC
:10991000FDF74EFF01F0EAFE1A4A02210020FDF792
:1099200047FF164A02210020FDF742FF062001F002
:10993000E1FF0346FB71FB79002B06D0FB79124A4D
:1099400002210020FDF734FF04E0104A022100202C
:10995000FDF72EFF012000F057FB074B00225A763F
:1099600000BF0837BD4680BDE4E900202DAE0108E8
:1099700041AA0108901F012014EA002010CE03081C
:1099800014CE03083CCE03086CCE0308B0CE030807
:10999000B0B59CB006AF7860972387F857307B68E6
:1099A00001333B653B6D1B78FF2B00F0F381FF2BF0
:1099B00000F324833E2B5AD03E2B00F31F83052B4C
:1099C00002D0102B43D019E33B6D0233FB60FB68E0
:1099D000B3F801309AB29D4BDB889A4219D19B4B68
:1099E0004FF6FF72DA80994B00221A76984A0221CC
:1099F0000020FDF7DDFEFB68B3F801309BB21A468C
:109A0000FB68DB7800931346924A02210020FDF7A1
:109A1000CFFE01F016FA904B01221A70FB68B3F8E2
:109A200001309AB28C4B5A808B4801F04BFE0120DA
:109A300000F0EAFA08218948F2F780F808218748FF
:109A4000F2F706F986490020E7F732FAD7E23B6DD4
:109A500002333B61834A02210020FDF7A9FE3B69E6
:109A60001B78814A02210020FDF7A2FEC7E23B6D70
:109A700002333B633B6B1B78013B0B2B00F288816D
:109A800001A252F823F000BF899C0108919D0108B2
:109A9000B99A0108919D0108919D0108919D0108C5
:109AA000919D0108919D0108919D01084B9B010822
:109AB000919D01083F9B010800233B623B6B0133F2
:109AC000FB61FB69B3F803309BB21A4640F2E243F4
:109AD00002FB03F33B62654A02210020FDF768FEAA
:109AE0003B6A634AA2FB032399093A6A604BA3FBD2
:109AF00002039B094FF47A7000FB03F3D31A5D4A0B
:109B0000A2FB0323DA08FB69B3F805309BB21C46BD
:109B1000FB69B3F807309BB2184603469B00034429
:109B20005B001846FB691B78039302900194009236
:109B30000B46514A02210020FDF73AFE29E13B6B1A
:109B40000133FB6201F07DF923E10023BB623B6B33
:109B500001337B627B6AB3F817309BB21A4640F23E
:109B6000E24302FB03F3BB627B6AB3F801309BB2B2
:109B7000424A02210020FDF71BFE7B6A9B7A1D46AC
:109B80007B6A5B7A1A467B6A1B7A19467B6ADB79A9
:109B900018467B6A9B791C467B6A5B790493039425
:109BA0000290019100922B46354A02210020FDF7D8
:109BB000FFFDBB6A2E4AA2FB03239909BA6A2C4B0C
:109BC000A3FB02039B094FF47A7000FB03F3D31A43
:109BD000284AA2FB0323DA087B6AB3F819309BB248
:109BE0001C467B6AB3F81B309BB2184603469B00A9
:109BF00003445B0018467B6A1B7803930290019430
:109C000000920B461F4A02210020FDF7D1FD0F4BA9
:109C10001B7E012B03D10D4B03221A7602E00B4B66
:109C200002221A767B6AB3F801309AB2074BDA80C7
:109C3000094B00221A707B6AB3F801309AB2064BC6
:109C40005A80054801F03EFDA3E000BF14EA002061
:109C5000E8CE030814CF030830EA0020C4410020F6
:109C60000001002054CF030878CF030890CF0308E9
:109C7000D34D6210CDCCCCCCC4CF030858D0030850
:109C8000ACD00308F0D003080023BB613B6B013369
:109C90007B617B69B3F80B309BB21A4640F2E2431A
:109CA00002FB03F3BB617B69B3F801309BB2B74A97
:109CB00002210020FDF77CFD7B699B7A1D467B69B4
:109CC0005B7A1A467B691B7A19467B69DB791846F1
:109CD0007B699B791C467B695B79049303940290B2
:109CE000019100922B46AA4A02210020FDF760FD57
:109CF000BB69A84AA2FB03239909BA69A54BA3FB38
:109D000002039B094FF47A7000FB03F3D31AA24AB3
:109D1000A2FB0323DA087B69B3F80D309BB21C4623
:109D20007B69B3F80F309BB2184603469B0003448F
:109D30005B0018467B691B780393029001940092A4
:109D40000B46964A02210020FDF732FD944B1B7E04
:109D5000012B03D1924B03221A7602E0904B022290
:109D60001A767B69B3F801309AB28D4BDA808D4B4D
:109D700000221A707B69B3F801309AB2894B5A807D
:109D8000884801F09FFC88490820E7F791F800E037
:109D900000BF34E13B6D0233FB64FB6C1B889BB25C
:109DA000B3F5006F2ED0B3F5006F00F3EA8040F2F8
:109DB0000A42934200F3E580B3F5806F06DC042B82
:109DC00000F0E180062B00F0CC80DAE0A3F2014342
:109DD000092B00F2D68001A252F823F0DD9E010883
:109DE0002B9E0108839F0108839F0108259F01087E
:109DF000839F01080D9E0108839F01086F9E010843
:109E00001F9E0108FB6C0233BB64BDE0FB6C023398
:109E10003B64664A02210020FDF7CAFCB4E0644AB4
:109E200002210020FDF7C4FCAEE0624A02210020BE
:109E3000FDF7BEFC604BFB63594BDB88F96B1846A2
:109E400001F00FFE034687F8573097F85730002B84
:109E500007D097F85730594A02210020FDF7A8FC97
:109E600092E0574A02210020FDF7A2FC8CE0554AFF
:109E700002210020FDF79CFCFB6C0233D3F802307A
:109E8000514A02210020FDF793FCFB6C0233D3F80A
:109E900002304E4A02210020FDF78AFC012387F898
:109EA00047303F4BDB8897F847201146184601F0B2
:109EB0007FFE034687F8573097F85730002B07D0BE
:109EC00097F85730424A02210020FDF771FC5BE011
:109ED000404A02210020FDF76BFC55E03E4A02217A
:109EE0000020FDF765FCFB6C0233BB63BB6B9B780A
:109EF000002B0CD0BB6B9B781A46BB6BDB780093B6
:109F00001346364A02210020FDF752FC04E0344A91
:109F100002210020FDF74CFC324A02210020FDF70F
:109F200047FC31E0304A02210020FDF741FC1C4B88
:109F3000DB88184601F022FE034687F8573097F871
:109F40005730002B07D097F85730284A02210020BD
:109F5000FDF72EFC18E0264A02210020FDF728FC20
:109F600012E0FB6C02337B63224A02210020FDF7E2
:109F70001FFC7B6B1B78204A02210020FDF718FC98
:109F800002E000BF3BE000BF39E000BF84D103081E
:109F9000ACD00308D34D6210CDCCCCCCF0D00308AC
:109FA00014EA002030EA002000010020D0D103088C
:109FB000F8D1030828D2030807B2010050D20308E1
:109FC00084D20308ACD20308E0D20308FCD2030811
:109FD00014D3030860D30308A0D30308CCD3030829
:109FE0000CD4030810CE030824D4030844D4030877
:109FF00078D40308A0D40308C4D4030800BF012305
:10A0000018465837BD46B0BD90B595B008AF034669
:10A01000FB710023FB620023BB6200237B620023F1
:10A020003B62FB79062B5DD801A252F823F000BFFA
:10A0300071A001084DA0010887A001085FA00108D8
:10A040009DA00108E5A00108A3A001088023FB62F0
:10A05000A023BB6204237B6200233B6243E0802396
:10A06000FB62A023BB6206237B6203233B623AE0D0
:10A070004FF4C863FB624FF47A63BB6205237B62D3
:10A0800000233B622FE04FF4C863FB624FF47A6316
:10A09000BB6207237B6203233B6224E000237B62D5
:10A0A00021E04FF44873FB624FF44873BB62002316
:10A0B0007B624FF4FA733B62784B5B7E002B07D0D8
:10A0C000764B00225A762823FB622823BB620AE0E3
:10A0D000724B01225A764FF44873FB624FF4487377
:10A0E000BB6200E000BFFB79062B00F2D28001A228
:10A0F00052F823F011A1010811A1010811A10108D2
:10A1000011A10108CBA101080DA2010853A2010869
:10A110003B6AD8B2FB6A99B2BB6A9AB20023069333
:10A120000023059300230493002303930023029349
:10A130000023019300230093002301F00BFC03464E
:10A14000FB77FB7F002B06D0FB7F554A02210020C6
:10A15000FDF72EFB08E07B6ADAB2504B1A76514AC3
:10A1600002210020FDF724FB0A2001F0D7FC034662
:10A17000FB77FB7F002B05D0FB7F4B4A02210020A1
:10A18000FDF716FB494B3B611823FB731C21484824
:10A1900000F07CFE0346FB73454B3B61FB7B39695A
:10A1A000184601F09FFC0346FB77FB7F002B06D08F
:10A1B000FB7F404A02210020FDF7FAFA6AE03E4A9E
:10A1C00002210020FDF7F4FA64E001F0ADFB034644
:10A1D000FB77FB7F002B06D0FB7F384A0221002053
:10A1E000FDF7E6FA56E0364A02210020FDF7E0FAD4
:10A1F0002A4BDB884FF6FF72934203D0274B022293
:10A200001A7647E0254B00221A7643E0274BBB61C4
:10A210001823FB751C21264800F038FE0346FB7509
:10A22000234BBB61FB7DB969184601F05BFC03461B
:10A23000FB77FB7F002B06D0FB7F224A0221002008
:10A24000FDF7B6FA26E0204A02210020FDF7B0FA19
:10A2500020E0124BD888FB6A99B2BB6A9AB27B6A3B
:10A260009CB23B6A9BB20093234601F059FD034622
:10A27000FB77FB7F002B06D0FB7F144A02210020D6
:10A28000FDF796FA06E0124A02210020FDF790FA47
:10A2900000E000BF00BF3437BD4690BD14EA002087
:10A2A0003CD6030874D60308A0D60308E8000020B3
:10A2B00088270120D4D6030804D7030828D7030829
:10A2C00060D7030890D70308C0D70308E8D703086E
:10A2D0002CD8030880B500AF02490020FBF702FD2F
:10A2E00000BF80BD69AE010880B582B000AF264BCB
:10A2F00044221A83244B08225A83234B4FF4A8622A
:10A300009A83214B1E22DA771F4BFB229A841E4B25
:10A31000402283F828201C4BF822DA841A4B202292
:10A3200083F82920184B002283F82220164B08229C
:10A330009A77154BB1221A84134B144A1A60124BA8
:10A3400042F2BC325A60104B114A1A610E4B4FF464
:10A350008B525A610C4B0F4A9A600B4BFC22DA81EC
:10A36000094BFB229A81084B00225A85064B00229A
:10A37000DA62054819F08AF80346FB71FB79184642
:10A380000837BD4680BD00BF40EA002070EA0020CB
:10A390002C0E0120901F0120F0B597B006AF0023CE
:10A3A000FB840023BB8400237B8400233B84B44ACA
:10A3B0000121342001F060FA034687F83F3097F816
:10A3C0003F30002B07D097F83F30AE4A02210020E3
:10A3D000FDF7EEF904E0AC4A02210020FDF7E8F9B0
:10A3E000AA4A02210020FDF7E3F900F05FFBB86301
:10A3F000BA6B0621002001F03FFA034687F83F3090
:10A4000097F83F30002B07D097F83F30A04A022141
:10A410000020FDF7CDF925E09E4A02210020FDF73E
:10A42000C7F9BB6B05331B781D46BB6B04331B7828
:10A430001A46BB6B03331B781946BB6B02331B7880
:10A440001846BB6B01331B781C46BB6B1B7804930F
:10A4500003940290019100922B468F4A0221002022
:10A46000FDF7A6F900F0B6FB78637A6B102118208F
:10A4700001F002FA034687F83F3097F83F30002B8F
:10A4800007D097F83F30854A02210020FDF790F968
:10A4900004E0834A02210020FDF78AF900F02CFC39
:10A4A00038633A6B1021082001F0E6F9034687F87B
:10A4B0003F3097F83F30002B07D097F83F30794A6C
:10A4C00002210020FDF774F904E0774A0221002000
:10A4D000FDF76EF91921012001F0EDF9034687F827
:10A4E0003F3097F83F30002B07D097F83F306F4A46
:10A4F00002210020FDF75CF904E06D4A02210020F2
:10A50000FDF756F901F073FB034687F83F3097F8E3
:10A510003F30002B07D097F83F30664A02210020D9
:10A52000FDF746F904E0644A02210020FDF740F9F6
:10A53000002387F82F3097F82F3043F0010387F876
:10A540002F3097F82F30002B65D007F1260297F8AF
:10A550002F0007F12203019307F124030093134610
:10A560000622002101F099FA034687F83F3097F858
:10A570003F30002B07D097F83F30504A022100208F
:10A58000FDF716F90DE0FA8C4D4B1A80BA8C4C4B46
:10A590005A807A8C4A4B9A804A4A02210020FDF761
:10A5A00007F9F88CB98C484B00930623002201F080
:10A5B0008EFB034687F83F3097F83F30002B07D0DB
:10A5C00097F83F30414A02210020FDF7F1F804E0FE
:10A5D0003F4A02210020FDF7EBF8F88C798C07F157
:10A5E000200300930223002201F071FB034687F849
:10A5F0003F3097F83F30002B07D097F83F30354A6F
:10A6000002210020FDF7D4F80AE0334A022100209D
:10A61000FDF7CEF804E0314A02210120FDF7C8F829
:10A6200002220221002001F007F9034687F83F309B
:10A6300097F83F30002B07D097F83F30284A022187
:10A640000020FDF7B5F804E0264A02210020FDF7BE
:10A65000AFF81B4B01221A72194B1B7A184601F0F6
:10A66000B1F9034687F83F3097F83F30002B3DD0D3
:10A6700097F83F301C4A02210020FDF799F83AE094
:10A6800004D10408D0D8030834D9030888D90308B2
:10A69000B4D9030810DA03085CDA030898DA03086F
:10A6A000F0DA030838DB030890DB0308D8DB030883
:10A6B00018DC030848DC03087CDC0308A0DC030882
:10A6C00014EA0020D4DC0308E0000020F8DC0308D2
:10A6D00040DD030878DD0308BCDD0308F0DD030876
:10A6E0000CDE030848DE030874DE0308B74A0221C3
:10A6F0000020FDF75DF8B64B01225A72B44B0822D8
:10A700001A73B34B10225A73B14B0022DA72B04B5A
:10A71000B04A1A61AE4B01229A72BA6B1821AE4848
:10A7200000F01AFCE7F7B6FEA94B9C7AA84B5D7ABD
:10A73000A74B1B7BA64A527BA549C97AA44800694E
:10A7400000260496039002910192009300230122B7
:10A750002946204601F050F9034687F83F3097F824
:10A760003F30002B07D097F83F309C4A0221002051
:10A77000FDF71EF804E09A4A02210020FDF718F8C0
:10A78000934B9B7A002B15D001F0E2F9034687F832
:10A790003F3097F83F30002B07D097F83F30914A71
:10A7A00002210020FDF704F804E08F4A0221002076
:10A7B000FCF7FEFF0023FB811623BB8519233B74A6
:10A7C000ED237B748223BB74AE23FB74ED233B75B6
:10A7D00021237B754C23BB759D23FB7541233B7661
:10A7E00045237B762223BB768E23FB7631233B7772
:10A7F000FE237B770023BB770023FB77F88CB98D92
:10A8000007F1100207F10E030593002304931023B0
:10A8100003930023029300230193022300930B462A
:10A82000022101F020FA034687F83F3097F83F30C5
:10A83000002B07D097F83F306C4A02210020FCF72C
:10A84000B7FF04E06A4A02210020FCF7B1FF694B20
:10A85000BB62694A02210020FCF7AAFFFEF7AEFFA7
:10A860000346DAB2634B1A70FEF7A8FF03461B0AD1
:10A87000DAB2604B5A705F4B5B781A465D4B1B78BF
:10A88000009313465D4A02210020FCF791FFFEF77A
:10A89000A3FF0346DAB2574B9A70FEF79DFF0346BB
:10A8A0001B0ADAB2534BDA70524BDB781A46514B23
:10A8B0009B7800931346524A02210020FCF778FF50
:10A8C0004C4B8D221A714B4B1B794E4A02210020B2
:10A8D000FCF76EFFFEF7D6FF0346DAB2454B5A711E
:10A8E000444B5B79484A02210020FCF761FF414B51
:10A8F0009C22DA723F4BDB7A444A02210020FCF7AB
:10A9000057FF00237B7300237B8100237B7200238E
:10A91000FB800023BB80BC1D07F1090207F10A017F
:10A9200007F10D003B1D0093234600F065FF7B8976
:10A93000DAB2304B1A732F4B1B7B354A02210020B1
:10A94000FCF736FF7B891B0A9BB2DAB2294B5A739C
:10A95000284B5B7B2F4A02210020FCF729FF254B67
:10A96000FF229A73234BFF22DA73224BFF221A74C1
:10A97000204BFF225A741F4BFF229A741D4BFF225B
:10A98000DA741C4BFF221A751A4BFF225A751A4AA9
:10A9900002210020FCF70CFFF88CF989BB8DDAB29C
:10A9A000BB6A00931346002201F091F9034687F831
:10A9B0003F3097F83F30002B30D097F83F30164AA1
:10A9C00002210020FCF7F4FE2DE000BFB4DE0308F6
:10A9D00014EA002007B20100E8000020E4DE0308CA
:10A9E00030DF03086CDF0308ACDF0308DCDF03089B
:10A9F00028E003087027012064E0030894E00308BE
:10AA0000C4E00308F8E0030824E1030850E1030868
:10AA100080E10308B4E10308E4E10308064A0221E7
:10AA20000020FCF7C5FE054A02210020FCF7C0FE0D
:10AA300000BF4437BD46F0BD30E2030868E20308BA
:10AA400080B582B000AF00233B603B4619461648F4
:10AA5000FEF717FE3B6808331846F8F7F7F9034688
:10AA6000FB71FB79002B04D03B681846FDF7A2F977
:10AA700004E03B6819460C48FEF796FD0A48FEF7CD
:10AA800071FD0346002B06D1FB79002B03D000217A
:10AA9000042002F001FA0021102002F0FDF900BFAD
:10AAA0000837BD4680BD00BFE4E9002080B58AB00C
:10AAB00000AF00237B61454A07F10C0392E80300D5
:10AAC0001860043319803B1D06220021184621F02E
:10AAD00079F83F4B00221A703D4B00225A703C4BD4
:10AAE00000229A703A4B0022DA70394B00221A7118
:10AAF000374B00225A713B1D06221946344821F07B
:10AB000051F80346002B02D0314B7B6258E0FEF730
:10AB100071FE38623B6AB3F1FF3F23D0FEF782FE3D
:10AB2000F861FEF773FEB8613B6ADAB2284B1A701F
:10AB30003B6A1B0ADAB2264B5A70BB69DAB2244B65
:10AB40009A70FB69DAB2224BDA70FB691B0ADAB23F
:10AB50001F4B1A71FB691B0CDAB21D4B5A711C4B4F
:10AB60007B622DE007F1140319460020FDF7E8FD94
:10AB70000346002B1AD17B691A7A154B1A707B6930
:10AB80005A7A134B5A707B699A7A114B9A707B6987
:10AB9000DA7A0F4BDA707B691A7B0D4B1A717B697D
:10ABA0005A7B0B4B5A710A4B7B6209E0084B07F149
:10ABB0000C0292E80300186004331980044B7B6296
:10ABC0007B6A18462837BD4680BD00BF94E2030863
:10ABD000ECE9002090B591B000AF07F1140300221A
:10ABE0001A605A609A60DA60414B3C1D0FCB84E8D2
:10ABF0000F0007F1240310220021184620F0E2FF85
:10AC00003C4B1C4607F114030FCB84E80F0007F1FF
:10AC1000240310221946374820F0C4FF0346002BB6
:10AC200002D0344BFB635EE0FEF708FEB863FEF72C
:10AC300011FE7863BB6BB3F1FF3F4CD07B6BB3F17C
:10AC4000FF3F48D0BB6BDAB22A4B1A72294B1A7AF3
:10AC5000284B1A70BB6B1B0ADAB2264B5A72254B73
:10AC60005A7A244B5A70BB6B1B0CDAB2214B9A7286
:10AC7000204B9A7A1F4B9A70BB6B1B0EDAB21D4B9E
:10AC8000DA721C4BDA7A1B4BDA707B6BDAB2194B37
:10AC90001A73184B1A7B174B1A717B6B1B0ADAB2AB
:10ACA000144B5A73134B5A7B124B5A717B6B1B0C10
:10ACB000DAB2104B9A730F4B9A7B0E4B9A717B6BE7
:10ACC0001B0EDAB20B4BDA730A4BDA7B094BDA71E3
:10ACD000084BFB6307E0074B1C463B1D0FCB84E88A
:10ACE0000F00044BFB63FB6B18464437BD4690BD19
:10ACF0009CE20308F4E9002090B591B000AF07F1A1
:10AD0000140300221A605A609A60DA60454B3C1DB9
:10AD10000FCB84E80F0007F124031022002118460E
:10AD200020F050FF404B1C4607F114030FCB84E882
:10AD30000F0007F12403102219463B4820F032FF90
:10AD40000346002B02D0384BFB6366E0FEF782FD22
:10AD5000B863FEF78BFD7863BB6BB3F1FF3F54D054
:10AD60007B6BB3F1FF3F50D07B6BDAB22E4B1A7284
:10AD70002D4B1A7A2C4B1A707B6B1B0ADAB22A4BBA
:10AD80005A72294B5A7A284B5A707B6B1B0CDAB2D9
:10AD9000254B9A72244B9A7A234B9A707B6B1B0E2D
:10ADA000DAB2214BDA72204BDA7A1F4BDA70BB6BC6
:10ADB000DBB2DB43DAB21C4B1A731B4B1A7B1A4B08
:10ADC0001A71BB6B1B0ADBB2DB43DAB2164B5A7348
:10ADD000154B5A7B144B5A71BB6B1B0CDBB2DB431C
:10ADE000DAB2114B9A73104B9A7B0F4B9A71BB6B73
:10ADF0001B0EDBB2DB43DAB20B4BDA730A4BDA7BA6
:10AE0000094BDA71084BFB6307E0074B1C463B1DFF
:10AE10000FCB84E80F00044BFB63FB6B18464437F1
:10AE2000BD4690BDACE2030804EA002080B500AF47
:10AE300018F0A2FB0346002B01D101F04DF900BF31
:10AE400080BD80B500AF012002F052F800BF80BD88
:10AE500080B582B000AF0F233B71387906F039FF1F
:10AE600000BF0837BD4680BD80B582B000AF034645
:10AE7000FB71FB79002B03D003490020FAF732FF66
:10AE800000BF0837BD4680BD69AE010880B586B0F9
:10AE900000AF78600B46FB7007F10E031846E7F72A
:10AEA00041FB38610023FB750023BB75BA7BFB7D3A
:10AEB000591CF97519467B680B440132D2B21A70DD
:10AEC000FB7D5A1CFA751A467B68134409221A70D6
:10AED000FB7D7A681344BA7B3969184620F0B7FEC7
:10AEE000BA7BFB7D1344FB7527E0BB7D194AD35C1D
:10AEF0000133FB73BA7DFB7B1344182B25D8FA7DF5
:10AF0000FB7B1A44FB789A421FDCBB7D0133114A5C
:10AF1000D35C092B0DD0FB7D7A68D018BB7D0D4A20
:10AF20001344FA7B194620F092FEFA7DFB7B134412
:10AF3000FB75BA7DFB7B1344BB75BB7D172B04D817
:10AF4000BB7D044AD35C002BCFD1FB7D184618375C
:10AF5000BD4680BDE800002080B487B000AFF86037
:10AF60000B467A60FB720023FB82DFE0FB8AFA6803
:10AF700013441B787B75FB8A0133FA6813441B78F2
:10AF80003B75FA8A7B7D1A44FB7A9A4280F2D5801F
:10AF90003B7DFF2B5CD0FF2B00F3BA800A2B00F027
:10AFA000B9800A2B00F3B480012B00F0B580092B87
:10AFB00000D0ADE0FA8A7B7D13441A46FB68134447
:10AFC0001B78582B40F0AA80FA8A7B7D1344013B02
:10AFD000FA6813441B78582B40F0A0807B681B78DC
:10AFE0001B09FB747B681B7803F00F03BB74FB7CAD
:10AFF000092B0AD9FA8A7B7D1344013BFA68134472
:10B00000FA7C3732D2B21A7009E0FA8A7B7D134497
:10B01000013BFA681344FA7C3032D2B21A70BB7C1E
:10B02000092B0AD9FA8A7B7D13441A46FB6813441C
:10B03000BA7C3732D2B21A7070E0FA8A7B7D134440
:10B040001A46FB681344BA7C3032D2B21A7065E0FB
:10B05000FB8A0233FA68134430221A70FB8A0333E6
:10B06000FA68134400221A70FB8A0433FA68134406
:10B0700002221A70FB8A0533FA6813448D221A7073
:10B08000FB8A0633FA6813449C221A70FB8A073342
:10B09000FA68134400221A70FB8A0833FA681344D2
:10B0A00000221A70FB8A0933FA68134400221A70CE
:10B0B0007B685A1DFB8A0A33F9680B4412781A70B0
:10B0C0007B681A1DFB8A0B33F9680B4412781A70DF
:10B0D0007B68DA1CFB8A0C33F9680B4412781A700F
:10B0E0007B689A1CFB8A0D33F9680B4412781A703E
:10B0F0007B685A1CFB8A0E33F9680B4412781A706D
:10B10000FB8A0F33FA6813447A6812781A7006E0E3
:10B1100000BF04E000BF02E000BF00E000BF7B7D95
:10B120009AB2FB8A13449BB20133FB82FB7A9BB237
:10B13000FA8A9A42FFF41AAF00E000BF00BF1C3742
:10B14000BD465DF8047B704780B586B000AFF860FF
:10B150007A601A460B467B8113463B819123FB752F
:10B1600000233B617A893B891344BB82FB681B78CF
:10B17000042B3DD1244B254A9A60BB8A0B33990896
:10B1800007F11002204B0220FCF7D2FC0346002BF3
:10B1900007D01F4A02210020FCF70AFB9123FB7510
:10B1A0002CE03B69002B29D03B6904221A72FB6812
:10B1B0005A1C3B6912785A72FB689A1C3B691278D8
:10B1C0009A723B6903F10B00FB68D91CFB680233E0
:10B1D0001B781A4615F056FC3B6919460D48FEF7D8
:10B1E00009FA0021042001F057FE0023FB7505E059
:10B1F000FB681B78022B01D10023FB75FB7D1846F1
:10B200001837BD4680BD00BF34EA002051AE0108AA
:10B21000BCE20308E4E9002080B58EB000AF78609E
:10B22000002387F837307B6801333B633B6B1B7827
:10B23000FF2B40F0B5803B6B0233FB62FB6A1B883F
:10B240009BB2A3F60143152B00F2A68001A252F88F
:10B2500023F000BFADB2010899B3010891B3010812
:10B2600099B3010899B3010899B3010899B301088A
:10B2700099B3010899B3010899B3010899B301087A
:10B2800099B3010899B3010899B3010899B301086A
:10B2900099B3010899B3010899B3010899B301085A
:10B2A00099B3010899B3010889B30108FB6A023315
:10B2B0003B623B6A1B889BB23B833B6A5B889BB2C9
:10B2C0007B833B6ADB889BB2DBB23B753B6A08330E
:10B2D0003B613B6A5B889BB21A46354B5B88023305
:10B2E0009A4219D1012387F837303B6A1B7A002B29
:10B2F00002D0012B08D046E002233B7307F10C0378
:10B30000184600F09DF93EE001233B7307F10C0362
:10B31000184600F095F936E03B6A5B889BB21A4606
:10B32000234B9B8802339A4219D1012387F8373087
:10B330003B6A1B7A002B02D0012B08D023E00723A5
:10B340003B7307F10C03184600F07AF91BE0062363
:10B350003B7307F10C03184600F072F913E03B6AE7
:10B360005B889BB21A46124B9B8801339A4215D1D7
:10B37000012387F8373004233B7307F10C03184689
:10B3800000F05EF90AE009E0FB6A0233BB6206E006
:10B39000FB6A02337B6202E000BF02E000BF00E014
:10B3A00000BF97F8373018463837BD4680BD00BF1C
:10B3B000A427012080B58CB006AF6948F7F72CFDB3
:10B3C0000723FB751B233B71C5237B71D523BB7101
:10B3D000A523FB7102233B7200237B72B423BB7253
:10B3E0009A23FB72E1233B7311237B730123BB730D
:10B3F0000023FB7300233B7400237B740023BB7486
:10B400000023FB74FB7D391D564A00920122022065
:10B4100000F003FC0346BB75BB7D002B06D0BB7D53
:10B42000514A02210020FCF7C3F906E04D4B1B886E
:10B430004E4A02210020FCF7BBF91B233B71C523B8
:10B440007B71D523BB71A523FB7102233B720023C3
:10B450007B723623BB72AC23FB72E1233B73112357
:10B460007B730123BB730023FB7300233B74002316
:10B470007B74C023BB740023FB743A4B1888A4214F
:10B480003A1D3B4B059300230493102303930123A0
:10B49000029300230193122300930B46022100F034
:10B4A000E2FB0346BB75BB7D002B06D0BB7D314A5A
:10B4B00002210020FCF77CF906E02A4B5B882E4A2B
:10B4C00002210020FCF774F91B233B71C5237B711B
:10B4D000D523BB71A523FB7102233B7200237B7232
:10B4E0003623BB72AC23FB72E1233B7311237B73C6
:10B4F0000123BB730023FB7300233B7400237B7485
:10B50000C123BB740023FB74164B188814213A1D09
:10B510001A4B0593012304931023039301230293F1
:10B52000002301931E2300930B46022100F09BFB96
:10B530000346BB75BB7D002B06D0BB7D104A0221A4
:10B540000020FCF735F907E0064B9B880D4A0221E5
:10B550000020FCF72DF900BF1837BD4680BD00BFA5
:10B5600019B20108A4270120CCE2030814E3030860
:10B57000A62701205CE30308A0E30308A827012015
:10B58000E4E303082CE4030880B586B002AF034669
:10B590003960FB719223FB73FB79002B02D0012BE6
:10B5A0001FD03DE0214B1888204B59883B681A7901
:10B5B0003B681B6800931346002200F088FB03469B
:10B5C000FB73FB7B002B06D0FB7B194A0221032077
:10B5D000FCF7EEF824E0174A02210320FCF7E8F814
:10B5E0001EE0124B1888114B99883B681A793B680A
:10B5F0001B6800931346002200F069FB0346FB73AF
:10B60000FB7B002B06D0FB7B0B4A02210320FCF7BF
:10B61000CFF804E0094A02210320FCF7C9F800BF73
:10B62000FB7B18461037BD4680BD00BFA427012014
:10B6300070E40308BCE40308F4E4030840E50308ED
:10B6400080B584B000AF78607B681B78072B2DD85D
:10B6500001A252F823F000BFADB6010879B6010887
:10B6600087B60108ADB601088FB60108ADB601086E
:10B67000ADB60108ADB60108104B00221A601048A3
:10B6800001F042FD15E00E4801F03EFD11E07B683F
:10B690005B68FB607B681B7A7B817B89002B07D012
:10B6A0007B891946F868E4F7ABFF01E000BF00E0D2
:10B6B00000BF00BF1037BD4680BD00BFBC280120C1
:10B6C000A428012080B483B000AF78607B681B7829
:10B6D000002B02D0012B02D002E000BF00E000BF2F
:10B6E00000BF0C37BD465DF8047B704780B582B063
:10B6F00002AFFFF75FFE002300930B4B01224FF4D4
:10B700007A710A4801F05CFC094A00214FF400708C
:10B7100001F0A0FB074A00214FF4806001F09AFB82
:10B7200000BFBD4680BD00BF8FB70108A42801201F
:10B73000A9B70108F112000880B58AB000AF78609F
:10B7400007F1100300221A605A609A60DA601A61E9
:10B750007868E4F78FFD78627B6A142B01D9142393
:10B760007B6207F110037A6A7968184620F06FFA55
:10B7700007F11003BB6014233B7307F1080319465C
:10B780000120FFF701FF00BF2837BD4680BD80B50F
:10B7900082B000AF786000214FF4007001F07CFBB4
:10B7A00000BF0837BD4680BD80B584B000AF104BE8
:10B7B0007B60104B1B78DBB2002B12D07B68F7212B
:10B7C0001846E6F723F90346FB81FB89002B0AD0D4
:10B7D000FB89DBB23B723B1D19460020FFF7D4FE0C
:10B7E00002E000BF00E000BF1037BD4680BD00BFD3
:10B7F000AC270120D306002080B588B002AFF860E6
:10B80000B9607A603B60EFF305833B613B69002BD5
:10B8100001D000BFFDE73B6A00933B687A68B968D6
:10B82000F86818F088FA0346FB7500F055FCFB7DBC
:10B8300018461837BD4680BD80B584B000AF0346BA
:10B84000FB710B46BB7113467B71EFF30583BB6045
:10B85000BB68002B01D000BFFDE77A79B979FB798D
:10B86000184618F085FA0346FB7300F035FCFB7BA5
:10B8700018461037BD4680BD80B584B000AF034682
:10B880003A60FB710B46BB71EFF30583BB60BB688D
:10B89000002B01D000BFFDE7B979FB793A68184663
:10B8A00017F010FD0346FB7300F016FCFB7B1846F7
:10B8B0001037BD4680BD80B584B000AF03460A4650
:10B8C000FB711346BB71EFF30583BB60BB68002BB4
:10B8D00001D000BFFDE7BA79FB791146184618F090
:10B8E00091FA0346FB7300F0F7FBFB7B1846103719
:10B8F000BD4680BD80B584B000AF0346FB80EFF34A
:10B900000583BB60BB68002B01D000BFFDE7FB884F
:10B91000184618F0BFFA0346FB7300F0DDFBFB7B13
:10B9200018461037BD4680BD80B582B000AFEFF33A
:10B9300005833B603B68002B01D000BFFDE719F099
:10B9400053F90346FB7100F0C7FBFB791846083733
:10B95000BD4680BD90B58DB008AF0446084611467F
:10B960001A462346FB710346BB800B467B80134679
:10B97000BB71EFF30583BB60BB68002B01D000BF38
:10B98000FDE7BC797A88B988F8793B8F0693BB8E3E
:10B9900005933B6B049397F82C300393BB6A029397
:10B9A00097F82430019397F820300093234619F03C
:10B9B0002FF80346FB7300F08FFBFB7B1846143710
:10B9C000BD4690BD80B584B000AF0346FB71EFF378
:10B9D0000583BB60BB68002B01D000BFFDE7FB798E
:10B9E00018461DF015FD0346FB7300F075FBFB7B4D
:10B9F00018461037BD4680BD90B58BB006AF0446E3
:10BA0000084611461A462346FB710346BB710B4696
:10BA10007B7113463B71EFF30583BB60BB68002B62
:10BA200001D000BFFDE73C797A79B979F87997F8C8
:10BA300030300493FB6A039397F82830029397F809
:10BA40002430019397F82030009323461DF0EAFC40
:10BA50000346FB7300F040FBFB7B18461437BD46E2
:10BA600090BD80B584B000AF03463960FB80EFF332
:10BA70000583BB60BB68002B01D000BFFDE7FB88DE
:10BA8000396818461EF084FC0346FB7300F024FB63
:10BA9000FB7B18461037BD4680BD80B586B002AF2F
:10BAA0003B600346FB710B46BB7113467B71EFF3A2
:10BAB0000583BB60BB68002B01D000BFFDE77A792E
:10BAC000B979F879FB690193BB6900933B6818F079
:10BAD0000DFE0346FB7300F0FFFAFB7B18461037A0
:10BAE000BD4680BD80B584B000AF03463960FB71B0
:10BAF000EFF30583BB60BB68002B01D000BFFDE7FF
:10BB0000FB793968184618F0B5FF0346FB7300F05F
:10BB1000E3FAFB7B18461037BD4680BD80B584B084
:10BB200000AF0346FB71EFF30583BB60BB68002BDE
:10BB300001D000BFFDE7FB79184619F015F8034660
:10BB4000FB7300F0C9FAFB7B18461037BD4680BD79
:10BB500080B582B000AFEFF305833B603B68002BFC
:10BB600001D000BFFDE719F0ABF80346FB7100F010
:10BB7000B3FAFB7918460837BD4680BD80B584B05E
:10BB800000AF0346FB80EFF30583BB60BB68002B6F
:10BB900001D000BFFDE7FB8818461EF017FC0346E6
:10BBA000FB7300F099FAFB7B18461037BD4680BD49
:10BBB00080B584B000AF03460A46FB8013467B7114
:10BBC000EFF30583BB60BB68002B01D000BFFDE72E
:10BBD0007A79FB88114618461FF0AAFB0346FB73CF
:10BBE00000F07AFAFB7B18461037BD4680BD80B561
:10BBF00082B000AFEFF305833B603B68002B01D0C0
:10BC000000BFFDE719F06AFD0346FB7100F064FA1E
:10BC1000FB7918460837BD4680BD80B586B002AFB7
:10BC2000396011461A460346FB710B46BB71134639
:10BC30007B71EFF30583BB60BB68002B01D000BFB5
:10BC4000FDE77979BA79F879BB6900930B463968D1
:10BC500019F0A2FD0346FB7300F03EFAFB7B184689
:10BC60001037BD4680BD80B58CB006AFBA601A46AD
:10BC70000346FB810B467B731346FB80EFF3058382
:10BC80003B613B69002B01D000BFFDE7FA88797B5F
:10BC9000F8897B6B059397F83030049397F82C3034
:10BCA000039397F82830029397F82430019397F87C
:10BCB000203000931346BA681AF040F90346FB752A
:10BCC00000F00AFAFB7D18461837BD4680BD90B5D6
:10BCD00087B002AF0446084611461A462346FB8049
:10BCE0000346BB800B46FB701346BB70EFF3058326
:10BCF000BB60BB68002B01D000BFFDE7BC78FA78C1
:10BD0000B988F8883B6A0093234619F069FF034617
:10BD1000FB7300F0E1F9FB7B18461437BD4690BD7C
:10BD200090B587B002AF0446084611461A4623462E
:10BD3000FB800346BB800B467B8013463B80EFF3C2
:10BD40000583BB60BB68002B01D000BFFDE73C88CA
:10BD50007A88B988F8883B8C009323461CF011FB45
:10BD60000346FB7300F0B8F9FB7B18461437BD4659
:10BD700090BD80B500AFF8F7BFFD00F09FF800F070
:10BD8000FDFD00BF80BD80B582B000AF78600B467E
:10BD90007B80FEF79FFA00BF0837BD4680BD80B5A7
:10BDA00082B000AF03463960FB71FB7939681846F1
:10BDB000F8F7DAF900BF0837BD4680BD80B584B01A
:10BDC00000AFF860B9607A6001237A68B968F868F2
:10BDD000F8F798FD00BF1037BD4680BD80B582B032
:10BDE00000AF78607868F8F75DFC00BF0837BD46A3
:10BDF00080BD80B584B000AFF860B9607A607A68C1
:10BE0000B968F868F8F770FC00BF1037BD4680BD10
:10BE100080B582B000AF7860786800F05BF80346C8
:10BE200018460837BD4680BD80B582B000AF786047
:10BE3000786800F06DF800BF0837BD4680BD80B55A
:10BE400082B000AF786039603968786800F070F8C7
:10BE5000034618460837BD4680BD80B582B000AFA6
:10BE60007860786800F094F8034618460837BD46B5
:10BE700080BD80B500AF18F00DFC00F02DF900BFBB
:10BE800080BD80B582B000AF03463960FB80FB887F
:10BE90003968184600F082FD034618460837BD464B
:10BEA00080BD80B582B000AF0346FB80FB8818469A
:10BEB00000F0C6FD00BF0837BD4680BD80B500AFAD
:10BEC000F7F7AAFD024B00221A7000BF80BD00BF29
:10BED000C028012080B582B000AF7860F7F7D0FCB1
:10BEE0000346002B02D16FF001030AE0002200217B
:10BEF0007868F7F733FE054B01221A70E6F749F828
:10BF0000002318460837BD4680BD00BFC028012069
:10BF100080B582B000AF78604022044978681FF095
:10BF200096FE00BF0837BD4680BD00BFC428012073
:10BF300080B582B000AF78603960F7F7A1FC0346A6
:10BF4000002B02D16FF0010316E03868F7F78CFD83
:10BF5000202279680A481FF07AFE0A4B402239688D
:10BF600018461FF074FE084B02221A70074B01227C
:10BF70001A70E6F70EF8002318460837BD4680BD54
:10BF8000C4280120E4280120C0280120C128012064
:10BF900080B582B000AF7860084B1B78002B02D0D0
:10BFA0006FF0020305E02022054978681FF04FFE7C
:10BFB000002318460837BD4680BD00BFC1280120B8
:10BFC000C428012080B500AF354B1B78002B01D170
:10BFD000002362E0F7F7E0FC0346002B02D16FF08C
:10BFE00001035AE02E4B1B78013B042B50D801A2D1
:10BFF00052F823F009C0010815C0010833C0010838
:10C0000055C0010877C00108264B19462648F7F7A6
:10C01000FFFD3DE0F7F746FD0346002B33D0234BF1
:10C020001846F7F721FD1E4B03221A706FF001032B
:10C0300033E0F7F737FD0346002B26D0194B1B4A98
:10C0400011461846F7F73EFD154B04221A706FF0A3
:10C05000010322E0F7F772FD0346002B17D0114BC6
:10C06000124A19461048F7F779FD0D4B05221A7050
:10C070006FF0010311E000210B48F7F7C9FD0C4BED
:10C0800000221A7004E000BF02E000BF00E000BF21
:10C09000FFF7EFFEFFF712FF0023184680BD00BF39
:10C0A000C0280120E4280120C428012004290120FF
:10C0B000C128012080B500AFFFF784FF0346002BA5
:10C0C00001D0E5F766FF00BF80BD80B500AF00F08E
:10C0D00003F800BF80BD000080B500AF074B1B78A0
:10C0E000002B05D0054B00221A70032016F05BFCD4
:10C0F0000021102000F0D0FE00BF80BDB1E600207E
:10C1000080B483B000AF0346FB7197F90730002B72
:10C110000EDB0B4A97F907305B09803352F8232076
:10C12000FB7903F01F0322FA03F303F0010300E09D
:10C13000002318460C37BD465DF8047B704700BFEE
:10C1400000E100E080B483B000AF03463960FB71CA
:10C1500097F90730002B0ADB3B68DAB20C4997F9F4
:10C1600007301201D2B20B4483F800230AE03B6887
:10C17000DAB20849FB7903F00F03043B1201D2B293
:10C180000B441A7600BF0C37BD465DF8047B704740
:10C1900000E100E000ED00E080B400AF044BD3F814
:10C1A000F03003F440231846BD465DF8047B704729
:10C1B000000C024680B400AF074BDB6803F4004379
:10C1C000B3F5004F01D1012300E000231846BD461E
:10C1D0005DF8047B704700BF0008024680B582B05E
:10C1E00000AF00237B60FFF7D7FF7860094BD3F8DF
:10C1F0009830084A43F00103C2F89830054BD3F851
:10C20000983003F001033B603B6800BF0837BD4630
:10C2100080BD00BF000C024680B489B000AF7860DA
:10C22000EFF310837B617B69FB6172B600BF2C4B1F
:10C230001B78002B0ED12B4B00225A602A4BDB6857
:10C24000294A43F08073D360264B1B68254A43F08C
:10C2500001031360224B1B780133DAB2204B1A70B2
:10C26000204B5B68BB61FB693B613B6983F31088D2
:10C2700000BF1E4B1B681E4AA2FB03239A0C7B685F
:10C2800002FB03F37B607A68BB6913447B6000BFE9
:10C29000144B5B687A689A42FAD8EFF31083FB601C
:10C2A000FB68FB6172B600BF0D4B1B78012B05D1FB
:10C2B0000C4B1B680B4A23F001031360084B1B78DF
:10C2C000013BDAB2064B1A70FB69BB60BB6883F3B3
:10C2D000108800BF00BF2437BD465DF8047B70475F
:10C2E0004C290120001000E0F0ED00E09800002053
:10C2F00083DE1B4380B483B000AF0346FB7100BFF5
:10C300000C37BD465DF8047B7047000080B500AF78
:10C31000084B1B78012B0AD1064B00221A7000BF74
:10C320000FF0C2FF0246044B1B689A42F8D000BFD0
:10C3300080BD00BF452901204829012080B582B079
:10C3400000AF0346FB71FB79002B04D0FDF780F8AA
:10C35000EDF70CFA01E0EDF71BFA00BF0837BD4618
:10C3600080BD80B584B000AF786039603B68FB6009
:10C3700011E00023BB6007F1080319460120F7F71D
:10C38000F3FE3A68FB68D31A7A681344BA681A60F5
:10C39000FB68043BFB60FB68032BEAD8FB68002BBF
:10C3A00012D00023BB6007F1080319460120F7F7FC
:10C3B000DBFE3A68FB68D31A7A68134407F1080178
:10C3C000FA6818461FF043FC00BF1037BD4680BD19
:10C3D00080B582B000AF7860074A7B6813600022A6
:10C3E00000214220E9F7E2FE4220E9F7FCFE00BF0F
:10C3F0000837BD4680BD00BF2429012080B582B02A
:10C4000000AF7860074A7B68136000220F213D204F
:10C41000E9F7CCFE3D20E9F7E6FE00BF0837BD4650
:10C4200080BD00BF2829012080B584B000AF03463D
:10C43000FB710523FB733D20FFF762FE0346002BD3
:10C440000BD1FB79002B01D10F23FB73FB7B002267
:10C4500019463D20E9F7AAFE05E0FB79002B02D042
:10C46000044B01221A703D20E9F7FCFE00BF103793
:10C47000BD4680BD4429012080B483B000AF0E4B7F
:10C480001B68002B03DD0C4B1B68013B00E0002305
:10C49000094A1360084B1B68002B06D1074B1B6829
:10C4A0007B607B6883F3108800BF00BF0C37BD46FC
:10C4B0005DF8047B704700BF3C2901202C29012036
:10C4C00080B483B000AF0B4B1B68002B05D1EFF39A
:10C4D00010837B607B68084A136072B600BF054B0F
:10C4E0001B680133034A136000BF0C37BD465DF87B
:10C4F000047B70473C2901202C29012080B584B0A1
:10C5000000AF0346FB71FB7903F00103002B0BD056
:10C510001A4B1B68013B194A1360184B1B68002B10
:10C5200002D14220E9F75FFEFB7903F00203002B02
:10C530000BD0134B1B68013B114A1360104B1B6857
:10C54000002B02D13D20E9F74EFEFB7903F00403F6
:10C55000002B0FD00B4B1B68013B0A4A1360094BA1
:10C560001B68002B06D1084B1B68FB60FB6883F33C
:10C57000118800BF00BF1037BD4680BD30290120A3
:10C5800034290120382901204029012080B584B0B8
:10C5900000AF0346FB71FB7903F00103002B0BD0C6
:10C5A0001D4B1B6801331C4A13601B4B1B68012B7E
:10C5B00002D14220E9F725FEFB7903F00203002BAC
:10C5C0000BD0164B1B680133144A1360134B1B68C6
:10C5D000012B02D13D20E9F714FEFB7903F004039F
:10C5E000002B14D00E4B1B6801330D4A13600C4B0B
:10C5F0001B68012B0BD1EFF31183BB60BB68094AA9
:10C6000013605023FB60FB6883F3128800BF00BFF8
:10C610001037BD4680BD00BF3029012034290120DC
:10C62000382901204029012080B500AF4220E9F7D8
:10C63000DAFD00BF80BD80B500AF4220E9F7E1FD23
:10C6400000BF80BD80B500AF084BD3F8C030074AAB
:10C6500043F00103C2F8C03000214220FFF772FD11
:10C660000120FCF7D3FE00BF80BD00BF000C0246D6
:10C6700080B500AF084BD3F8C030074A23F0010360
:10C68000C2F8C03005214220FFF75CFD0020FCF716
:10C69000BDFE00BF80BD00BF000C024680B500AFEC
:10C6A00002210220FCF76CFD00BFFFF783FD03466B
:10C6B000002BFAD000BF00BF80BD80B500AF0121C4
:10C6C0000220FCF75DFD00BF80BD80B400AF00BF5D
:10C6D000BD465DF8047B704780B400AF00BFBD4627
:10C6E0005DF8047B704780B400AF00BFBD465DF8C5
:10C6F000047B704780B483B000AF786000BF0C3714
:10C70000BD465DF8047B704780B400AF044BD3F89E
:10C71000F03003F440231846BD465DF8047B7047B3
:10C72000000C024680B400AF044B1B681B0C9BB28C
:10C730001846BD465DF8047B704700BF004004E02A
:10C7400080B500AF034A0021022000F083FB00BF48
:10C7500080BD00BF0F31010880B500AF002102206D
:10C7600000F09AFB00BF80BD80B500AF0021022021
:10C7700000F092FB00BF80BD80B500AF0121012019
:10C7800014F0A0FB00F01BF8002014F09FFB00BF8A
:10C7900080BD80B584B000AF0023FB73FFF7C2FFFC
:10C7A000B860FFF7B1FF78607B68B3F5802F01D0E8
:10C7B0000023FB73FB7B18461037BD4680BD80B558
:10C7C00082B000AF00237B8000237B60FFF79CFFDB
:10C7D00078607B68B3F5402F18D07B68B3F5402FA5
:10C7E00018D87B68B3F5002F0DD07B68B3F5002F08
:10C7F00010D87B68002B0CD07B68B3F5802F09D153
:10C8000002237B6006E001237B6003E000237B6062
:10C8100000E000BF7B68DBB2BA1C1146184614F07A
:10C8200053FB00BF0837BD4680BD80B582B000AF66
:10C8300000237B710D23FB711823BB71FFF7BFFF32
:10C84000FFF7A7FF03467B717B79184605F0B0F927
:10C85000FFF75AFF0346B3F5002F06D1FB790933E2
:10C86000FB71BB790333BB7105E0FB790633FB71C8
:10C87000BB790433BB71FB790D2B02D1BB79182B2B
:10C8800005D0BA79FB79114618460FF000FD00BFBC
:10C890000837BD4680BD80B483B000AF0346FB714E
:10C8A00000BF0C37BD465DF8047B704780B483B091
:10C8B00000AF0346FB7100BF0C37BD465DF8047B3B
:10C8C0007047000080B400AF054B1B68044A43F07A
:10C8D0008003136000BFBD465DF8047B704700BF56
:10C8E0000008024680B400AF064B9B6B03F00403C4
:10C8F000042B01D1012300E000231846BD465DF85A
:10C90000047B70470008024680B582B000AF184B28
:10C91000D3F89430164A43F00403C2F89430144B11
:10C92000D3F8943003F004037B607B68FFF7CAFF01
:10C93000104B1B680F4A43F480431360FFF7D2FF8C
:10C940000346012B0AD10A4BD3F8F430002B05D152
:10C9500072B600BF084B01221A6002E0064B0022AB
:10C960001A60054B1B6818460837BD4680BD00BFDE
:10C97000000C0246002002405429012080B500AF7F
:10C980000448FCF7DFFD044A0021802000F062FA31
:10C9900000BF80BD5829012081CA010880B586B03A
:10C9A00002AF03463960FB80FB88184600F048F868
:10C9B0000023FB6007F10C02002309210120FBF793
:10C9C000B7F80346002B01D0642331E0FB68FA88F6
:10C9D0001A81FB6819461848FCF70CFEFB6803F146
:10C9E0000C00FB680093154B0022396800F0E8FA50
:10C9F0000346002B09D0FB681846FCF721FEFB68B4
:10CA00001846FBF7D7F9912312E0FB680C33184660
:10CA100000F00CFB0346002B09D0FB681846FCF71E
:10CA20000FFEFB681846FBF7C5F9912300E00023D1
:10CA300018461037BD4680BD58290120B1CA0108EB
:10CA400080B584B000AF0346FB80FB8819460B48D5
:10CA500000F040F8F860FB68002B0AD0FB680C334C
:10CA6000184600F051FBF868FCF7EAFDF868FBF7A0
:10CA7000A1F900BF1037BD4680BD00BF5829012075
:10CA800080B500AF094B1B681B89184616F080FD66
:10CA9000FFF722FB054B1B681846FCF7D1FD034B43
:10CAA0001B681846FBF786F900BF80BD602901208E
:10CAB00080B582B000AF7860054A7B6813600021C2
:10CAC000802000F0E9F900BF0837BD4680BD00BFF7
:10CAD0006029012080B584B000AF78600B467B8070
:10CAE0007B681B68FB600DE0FB681B897A889A42B3
:10CAF00001D1FB680BE0FB6807F10C0211461846F8
:10CB0000FCF7DEFDFB687A689A42EDD100231846F7
:10CB10001037BD4680BD80B485B000AF78600B464D
:10CB2000FB7013463B807B68FB6004E0FB685A1C8B
:10CB3000FA60FA781A703B885A1E3A80002BF5D1B9
:10CB400000BF00BF1437BD465DF8047B704700008E
:10CB500080B594B000AF7860894B1B68FB62884B4E
:10CB60001A687B681340864A1360864B1B687B6497
:10CB7000854B1B683B64854B1B68FB63844B1B68C0
:10CB8000BB6312E10023FB6402E0FB6C0133FB6436
:10CB9000804AFB6C52F83320FB6B1A40784B1B68C1
:10CBA0001340002BF1D07B4AFB6C52F83320FB6B17
:10CBB0001A40734B1B681340BB64764AFB6CDB0066
:10CBC00013445A68BB6C1340002B06D1714AFB6CAE
:10CBD000DB0013444FF0FF325A606A4B1B68BB62A4
:10CBE0006C4AFB6CDB0013445B68DA436A4B1B68DE
:10CBF0001343694A1360684B1B68DB43BA6A1340EE
:10CC0000BB62BA6ABB6C1340002B03D0BA6CBB6A20
:10CC10001340BB64BB6A002B02D15F4B00221A6039
:10CC20005C4AFB6CDB0013445A68BB6C134018462B
:10CC300000F09DF903461A46584B1A60EFF3108333
:10CC4000FB61FB697B6272B600BF544B1B6801221B
:10CC500002FA03F3DA434B4B1B681340494A136053
:10CC60000223FB6413E0FB6C013B4A4A52F8331089
:10CC70004A4B1B68012202FA03F3DA43FB6C013BC7
:10CC80000A40444941F83320FB6C013BFB64FB6CD8
:10CC9000002BE8D17B6ABB61BB6983F3108800BFBE
:10CCA0003E4B1B68184600F043F93C4B1B681F2B9A
:10CCB00078D83A4B1B683A4A52F82330002B71D08F
:10CCC00000237B631EE0334A7B6BDB0013445A680E
:10CCD000324B1B68012101FA03F3DB431A402D4953
:10CCE0007B6BDB000B445A602A4A7B6BDB001344EE
:10CCF0005A687B6B9B0050333B4443F8482C7B6B5A
:10CD000001337B637B6B012BDDD9244B1B68244AE9
:10CD100052F82330984700233B6313E01D4A3B6BD6
:10CD2000DB0013445A683B6B9B0050333B4453F881
:10CD3000483C1A4017493B6BDB000B445A603B6B85
:10CD400001333B633B6B012BE8D9144B1B6818463E
:10CD500000F0F8F80B4B1B687B640B4B1B683B64C3
:10CD60000A4B1B68FB630A4B1B68BB630B4B1B68BE
:10CD700001229A40084B1B681343074A136014E0D2
:10CD80008001002064290120682901207C01002005
:10CD90006C290120F4290120042A01207029012096
:10CDA00074290120002000F0D7F87A6CFB6B1A4040
:10CDB000224B1B681340002B05D03A6CBB6B134011
:10CDC000002B3FF4DFAE1E4B4FF0FF321A601D4BBD
:10CDD0001A683B6C1340002B29D1E5F7CCF8EFF330
:10CDE00010837B617B693B6272B600BF164B1B6888
:10CDF0007B64164B1B683B64154B1B68FB637A6CAA
:10CE0000FB6B1A400D4B1B681340002B07D10D4BD9
:10CE10001A683B6C1340002B01D1E5F7A5F83B6A7B
:10CE20003B613B6983F3108800BFE5F7ABF8034A29
:10CE3000FB6A136000BF5037BD4680BD80010020F3
:10CE4000702901206C290120642901206829012012
:10CE50007C01002080B588B000AFF860B9607A60CE
:10CE6000EFF310837B617B69FB6172B600BFF868EA
:10CE700000F07DF803461946064A7B6842F82130E7
:10CE8000FB69BB61BB6983F3108800BF00BF20371B
:10CE9000BD4680BD7429012080B487B000AF7860A2
:10CEA0003960EFF31083FB60FB687B6172B600BFF3
:10CEB0000D4B1A687B6813430B4A13600B4A3B689F
:10CEC00052F833207B681A4308493B6841F8332005
:10CED0007B693B613B6983F3108800BF00BF1C374F
:10CEE000BD465DF8047B704764290120F4290120C8
:10CEF00080B487B000AF7860EFF31083FB60FB680D
:10CF00007B6172B600BF094B1A687B681343074AFE
:10CF100013607B693B613B6983F3108800BF00BFEE
:10CF20001C37BD465DF8047B704700BF68290120AF
:10CF300080B483B000AF786000BF0C37BD465DF8A9
:10CF4000047B704780B483B000AF786000BF0C37BB
:10CF5000BD465DF8047B704780B483B000AF0346E4
:10CF6000FB7100BF0C37BD465DF8047B704780B491
:10CF700085B000AF78607B68FB60FB68002B01D157
:10CF8000202303E0FB68B3FA83F3DBB2C3F11F0392
:10CF9000DBB218461437BD465DF8047B70470000CD
:10CFA00080B500AF044B00221A60044B1B68984701
:10CFB0000346184680BD00BF082A0120D0D00408CF
:10CFC00080B584B000AFF860B9603B601346FB7178
:10CFD000FB68002B23D03B68002B20D0FB6800228D
:10CFE0001A60114B5B6AB86898470246FB685A6042
:10CFF000FB6800221A72FB6800225A72FB6800224A
:10D000009A72FB683A68DA60FB68BA691A61FB6871
:10D01000FA79DA72FB6800225A61002300E00123EA
:10D0200018461037BD4680BDD0D0040880B58AB000
:10D0300000AF7860002387F827307B68002B56D03C
:10D04000786800F04FF9034683F00103DBB2002B50
:10D050004DD07B685B7A002B49D1EFF310833B61A5
:10D060003B69FB6172B600BF7B685B683B62244B27
:10D070001B6A9847B8613A6ABB699A4201D2BB6998
:10D080003B627B683A6A1A607B6800221A727B688E
:10D0900001225A727B6800229A721A4B1B68002B7D
:10D0A00006D1174B1B699847786800F093F917E091
:10D0B000134B9B69984778617B681A687B691A44AF
:10D0C0007B681A607B681A680E4B1B681B689A4263
:10D0D00003D2786800F07EF902E0786800F04AF93F
:10D0E000FB69FB60FB6883F3108800BF02E001234B
:10D0F00087F8273097F8273018462837BD4680BD77
:10D10000D0D00408082A012080B588B000AF78602C
:10D110000023FB777B68002B5BD0EFF31083FB6071
:10D12000FB683B6172B600BF2D4B1B68BB612C4B8B
:10D130001B687B617B6801229A72294B1B68002B5C
:10D1400041D07B6800225A72254B1B687A689A424C
:10D1500034D1234B1B6800221A72214B1B685B6978
:10D16000002B0AD01E4B1B685B691D4A13601C4BC9
:10D170001B68184600F0D4F823E01A4BDB68984788
:10D18000174B00221A601CE07A697B689A4210D122
:10D190007B695B69002B06D07B695B697B61BB693E
:10D1A0007A695A610DE000237B61BB697A695A6133
:10D1B00007E07B69BB617B695B697B617B69002BF5
:10D1C000E2D10023FB773B69BB60BB6883F3108827
:10D1D00001E00123FB77FB7F18462037BD4680BD69
:10D1E000082A0120D0D0040880B58AB000AF0023FF
:10D1F0003B620023FB610023BB61EFF310837B6084
:10D200007B687B6172B600BF344B5B6998473861BD
:10D21000324B1B699847F860FA683B69D31ABB60C8
:10D220002F4B1B68002B49D02D4B1B687B627B6A00
:10D230001B68BA689A4206D27B6A1A68BB68D21A1F
:10D240007B6A1A6020E07B6A00221A60FB69002B6F
:10D250001AD1234B1B685B69214A13607B6A002249
:10D260001A727B6A00225A727B6ADB7A012B05D123
:10D270007B6A9B7A002B01D17B6A3B627B6A1B69CC
:10D28000BB617B6ADB68FB617B6A5B697B627B6A93
:10D29000002BCCD13B6A002B02D0386AFFF7C6FEC8
:10D2A0000F4B1B68002B09D00D4B1B681B7A002B02
:10D2B00004D10B4B1B68184600F032F87B693B60C9
:10D2C0003B6883F3108800BFFB69002B02D0FB6929
:10D2D000B869984700BF2837BD4680BDD0D0040844
:10D2E000082A012080B485B000AF78600B4B1B6822
:10D2F000FB6008E0FA687B689A4201D1012306E0EE
:10D30000FB685B69FB60FB68002BF3D100231846C8
:10D310001437BD465DF8047B704700BF082A012022
:10D3200090B585B000AF7860114B1B6A9847F860E4
:10D330007B6801221A727B681C680D4B9B699847B9
:10D340000246FB6813449C4207D2094B9B699847ED
:10D350000246FB681A447B681A60054B9B687A6832
:10D3600012681046984700BF1437BD4690BD00BFF5
:10D37000D0D0040880B485B000AF7860144B1B682F
:10D38000FB60134B1B685B69BB6012E07B681A682B
:10D39000BB681B689A4205D9BB68FB60BB685B69C8
:10D3A000BB6006E0FB687A685A617B68BA685A61BC
:10D3B00009E0FB685B69002BE8D1FB687A685A6179
:10D3C0007B6800225A611437BD465DF8047B7047C4
:10D3D000082A012080B584B000AF78600B4B1B6831
:10D3E000FB60FB68002B02D0FB6800221A727B688E
:10D3F000FA685A61054A7B681360044B1B6818463B
:10D40000FFF78EFF00BF1037BD4680BD082A012000
:10D4100080B500AF182200210748FFF77CFB4FF4CE
:10D42000805200210548FFF776FB054B1B68054835
:10D4300098470346184680BD0C2A0120242A012063
:10D44000E0CF0408EDD5010880B582B000AF786068
:10D45000044B9B6878689847034618460837BD46D2
:10D4600080BD00BFE0CF040880B586B000AF786013
:10D470000B467B8000F0C4F907F10E027B88114651
:10D48000184600F03FF90346B3F1FF3F1ED00023DA
:10D490003B6110E07A683B691344FA891978104BB4
:10D4A0009954FB8901339BB2C3F30B039BB2FB81FD
:10D4B0003B6901333B617B883A699A42EAD300F0C9
:10D4C000BDF900F00FF80346FB7503E000F0B6F974
:10D4D000FD23FB7597F9173018461837BD4680BDF8
:10D4E000242A012080B588B000AF0023FB770023F9
:10D4F000BB61EFF310833B613B697B6172B600BF98
:10D5000000F0BAF90346002B5DD100F079F9344BF5
:10D510001A8A334B5B8A9A424DD0314B9B78012B50
:10D5200017D12F4B1A882E4B1B8AD31A9AB22C4B29
:10D530009A822B4B02229A70294B00221A80284B88
:10D540009B8A002B05D1264B00229A70244B002287
:10D550001A82234B9B78002B15D1214B5A8A204BE2
:10D560001B8A9A4208D91E4B5A8A1D4B1B8AD31A12
:10D570009AB21B4B9A8206E0194B1B8AC3F5805363
:10D580009AB2174B9A82164B1B8A1A46154B1344B4
:10D59000BB617B69FB60FB6883F3108800BFE4F725
:10D5A0005CFD114BDB680E4A928A1146B8699847B8
:10D5B0000346FB770DE000F041F97B69BB60BB6877
:10D5C00083F3108805E07B697B607B6883F31088B8
:10D5D00000BF97F91F3018462037BD4680BD00BFF9
:10D5E0000C2A0120242A0120E0CF040880B588B04D
:10D5F00000AF78600023FB61EFF310837B617B69F0
:10D60000BB6172B600BF3C4B9B78022B06D13A4BF4
:10D6100000229A70384B00221A820AE0364B1A8A8E
:10D62000354B9B8A13449BB2C3F30B039AB2324B24
:10D630001A82314B1A8A304B5B8A9A424DD02E4B5C
:10D64000DB8A012B49D12C4B9B78012B17D12A4B1C
:10D650001A88294B1B8AD31A9AB2274B9A82264BD7
:10D6600002229A70244B00221A80234B9B8A002BA3
:10D6700005D1214B00229A701F4B00221A821E4BAB
:10D680009B78002B15D11C4B5A8A1B4B1B8A9A4244
:10D6900008D9194B5A8A184B1B8AD31A9AB2164BBF
:10D6A0009A8206E0144B1B8AC3F580539AB2124B40
:10D6B0009A82114B1B8A1A46104B1344FB61BB69BB
:10D6C0003B613B6983F3108800BF0D4BDB680A4A5E
:10D6D000928A1146F86998470AE0BB69FB60FB68CB
:10D6E00083F3108800BFE4F7BFFC00F0A7F800BF89
:10D6F00000BF2037BD4680BD0C2A0120242A01200E
:10D70000E0CF040880B487B000AF03463960FB80E7
:10D710004FF6FF73BB82EFF31083FB60FB683B6146
:10D7200072B600BF354B5A8A344B1B8A9A421BD1C2
:10D73000324B5B8AC3F58053FB82FA88FB8A9A429C
:10D740003AD32E4B1B8AFA889A4235D22B4B0122B0
:10D750009A702A4B5A8A294B1A80284B1B8AFB82C3
:10D76000264B00225A8227E0244B5A8A234B1B8ADD
:10D770009A421BD9214B5B8AC3F58053FB82FA88FE
:10D78000FB8A9A4218D31D4B1B8AFA889A4213D2FD
:10D790001A4B01229A70194B5A8A184B1A80174B50
:10D7A0001B8AFB82154B00225A8205E0134B1A8A12
:10D7B000124B5B8AD31AFB82FA8AFB889A420FD9F2
:10D7C0000E4B5A8A3B681A800C4B5A8AFB881344CA
:10D7D0009BB2C3F30B039AB2084B5A820023BB825D
:10D7E0003B69BB60BB6883F3108800BFB7F9143096
:10D7F00018461C37BD465DF8047B70470C2A012093
:10D8000080B485B000AFEFF310837B607B68FB6072
:10D8100072B600BF084BDB8A01339AB2064BDA823C
:10D82000FB68BB60BB6883F3108800BF00BF143780
:10D83000BD465DF8047B70470C2A012080B485B09A
:10D8400000AFEFF310837B607B68FB6072B600BFB4
:10D85000084BDB8A013B9AB2064BDA82FB68BB605D
:10D86000BB6883F3108800BF00BF1437BD465DF866
:10D87000047B70470C2A012080B400AF054BDB8A83
:10D88000002B14BF01230023DBB21846BD465DF810
:10D89000047B70470C2A0120B0B505460B48406A4E
:10D8A0000069804704460020022D38BF012002F0A5
:10D8B000C5FA4CB194F844000DB1012101E018B152
:10D8C000FF21084484F84400B0BD00BF243A012081
:10D8D0002DE9F04F8FB04FF0000A0720CDF81CA0C3
:10D8E000CDE904AACDE902AA0EF0BCFC07200EF097
:10D8F000E3FCDFF88C83D8F8280040B107200EF055
:10D90000D9FC07200EF0B0FC0FB0BDE8F08FDE4D63
:10D91000DF4F07AE0DF1100902F0B9FA002800F050
:10D920003A81834611F090F980B102F08FFA02F04B
:10D93000AEFA0028E2D00446304610F0D7FF50344B
:10D9400002F0A1FAB0F1FF3FE6DC38E19BF8980065
:10D950000028D3D1DBE9241081F48072024303D084
:10D9600081F08001084308D1DBF8742002200121F6
:10D970002B4610F00FFA0128CED09B200EF076FC3B
:10D98000304610F0B3FF0798C04988429CBF584604
:10D9900003F049F8DBE91401DBE92423CDE90401B4
:10D9A00083F020001043B74808BF07F11400016856
:10D9B000052248460FF0F2FFDDE904010522CDE91A
:10D9C0000201796902AC20460FF06EFF02F05BFAAB
:10D9D000012802DB02F03AFA9EE7DDE904010522A4
:10D9E000CDE90201204604210FF0D8FF02F04BFAE6
:10D9F000B0F1FF3F00F3F68002F02DFA18B3D8F82B
:10DA00002400079ECDE90AAAC16800208847D0B14A
:10DA1000044690F84E00B0B9DDE904010522CDE9D5
:10DA20000A01A06B7D2101EB8000B0FBF1F50AA893
:10DA3000291D0FF0B3FF0AA831460FF0D7FFB0F150
:10DA4000FF3F40F3048198F84100079ECDF824A0E1
:10DA50000AACB8B1DDE904010522CDE90A01894823
:10DA6000F969006801EB400000F1100120460FF059
:10DA700095FF204631460FF0B9FFB0F1FF3F0DDDB5
:10DA8000099C64BB484631460FF0B0FFB0F1FF3F40
:10DA90001BDD002002F0D2F9099C20E0D8F8240018
:10DAA000CDE90DAA036C0DA80EA909AA984718B9CB
:10DAB000DDE90D0100F0F2F807280DD04FF6FF71F7
:10DAC000884265D00028DBD118E7049831460FF072
:10DAD000B1FF0446099002E04FF4A07409946D4828
:10DAE000807818B14D464FF000093BE0D8F824008B
:10DAF00001964D460069804788B306460EF016FC35
:10DB0000D6E9142106F13403CDE90A2196F84C1028
:10DB1000401A0ECBC0B201FB00207D21184401EB5E
:10DB20008000B0FBF1F95C48007D012808BF09F1D5
:10DB30000A090AA8494605220FF0B6FEA1450ED2F1
:10DB400028460AA90FF022FE012808DB05200EF066
:10DB50008DFB96F84400013086F8440001E04FF058
:10DB60000009019E0998A0EB0900099008A810F08F
:10DB7000BDFE089831460FF05DFF0999814231D909
:10DB8000081A0899A946099002F0C2F900283CD465
:10DB90003D4D07AEC0E6D8F8240000698047044632
:10DBA000012002210022012512F050FC00200EF07D
:10DBB000CBFB002C3FF4A2AE84F84D509EE62068CB
:10DBC00007990FF037FF2F490968411A98BF01469E
:10DBD000D8F82C0010F052FD02F065F904200EF088
:10DBE00045FB8BE602F037F948B1D8F82400C1684C
:10DBF0000120884718B1044690F84E00D0B102F0D9
:10DC000046F9002100F04AF878E6D8F82C00099986
:10DC100010F034FD044604200EF028FBB4FA84F022
:10DC2000012140090EF0D6FA01200221012212F052
:10DC30000DFC63E6DBE92401256C81F0200108433B
:10DC400004BF01208BF84F0002F000F908E094F8BF
:10DC50004600012804D1049831460FF0EBFE051F61
:10DC60002046294600F01AF8D4E9240102F038F9D8
:10DC70007FF444AE94F8460001287FF43FAE40E6BE
:10DC8000243A012084010020BD110308FF47E80168
:10DC9000B03A0120E8410120084201202DE9F04F6F
:10DCA0008FB0824600208846CDE9040011200EF096
:10DCB000D9FA10200EF0D6FADFF86C99D9F82800BE
:10DCC000D8B10226012511200EF0CEFABAF1000FCC
:10DCD00009D002F0F9F806D30EF0C6FC012802D1F3
:10DCE0000EF0C8FCF8E70DB911F01CFC10200EF086
:10DCF000BBFA30460FB0BDE8F08FBAF1000FE0D0AC
:10DD0000DAE9240102F0ECF807D19AF84E00012874
:10DD1000D7D09AF84600012806D00020022101221F
:10DD200012F094FB12F06CFC99F8390078B1D9F834
:10DD30003000ADF81400DAE9241004224B4282418D
:10DD400027D381F40001084319D104201FE002F019
:10DD5000BBF81ED3B8F1000F00F0A28204AC20463D
:10DD600010F0C4FDDFF8C4582046052229680FF0E2
:10DD70009BFD2868A8EB0000A0F10A0895E2504638
:10DD800002F084FE01460220012908BF042010F0A1
:10DD900031FF504608F042FBDAE924B5BBF101003F
:10DDA00065F100010022D0F11F0372EB0101C0F008
:10DDB000DB80012101FA00F010F08B0F77D0DAF848
:10DDC0007460DFF87078CDF80C80BAF80840242130
:10DDD00096F8350096F8188096F819903E600190F4
:10DDE000381D02901DF030FF07F133000D21C7E907
:10DDF0000AB5CB4687F832803C861DF025FF019896
:10DE0000072187F8400007F141001DF01DFFB9F11F
:10DE1000040F0DD8012000FA0BF010F0150F07D0F9
:10DE200006F14C0007F108010DF11E0202F0E2F8C4
:10DE300006F138000DF11E02029902F0DBF8012014
:10DE4000DFF8E497DDF80C8087F83400DAE9240184
:10DE500080F0040008430CD197F8320002F0DCFC9B
:10DE600079680222531E834203D247F822100132FE
:10DE7000F8E7347E0023727E650104F0020004F0AE
:10DE800001010A9308936DB2012A8DF826008DF8DE
:10DE90002510C5F3C1158DF8275040F0A780620703
:10DEA000032303EAE272120142EA8000D2E110F099
:10DEB000802F59D0012001F0C1FF0021DAF8745001
:10DEC00040F27123DFF86C07CDE90C11CDE90A119E
:10DED0006A890160C0E90215C0E90411C0E90611B0
:10DEE0005A43B8F1000F426004D0C8EB481101EB6F
:10DEF000980141600EF0B8FB012808BF0EF0BAFB94
:10DF0000DFF8304705F1100000220026214602F01C
:10DF100071F805F15101504601F03AFFBAF8880056
:10DF20008AF89960AAF80E00DAF8900010F0300F25
:10DF300005D0DAF89410CAE9060101206076DAE922
:10DF40000601C4E904019AF80C00207604F10900E6
:10DF500014F0B2FB12F038FF05F10E000AA92246B8
:10DF6000002307F0A3FB8AE28BF04000284300F077
:10DF7000C9808BF08000284370D08BF480702843D8
:10DF80006CD085F0080050EA0B0000F0338185F07A
:10DF9000200050EA0B0040F04781DAE90501814298
:10DFA00040F2B482091ADAF87800002800F097826B
:10DFB000026DD0E9240383F020031843DFF86C36A8
:10DFC000DFF86C0608BF00F114031868DAF8503067
:10DFD000121ADAF8600003445C18A24200F281824F
:10DFE0009A4240F281821044C01A7BE2CDF808B018
:10DFF0000AA80121C34607F018F810B1002001F06B
:10E000001DFF0A980DF1250800F00300C11E18BF7E
:10E0100001460A9118F8015008A8012107F005F8F7
:10E0200010B1002001F00AFF9DF8201005F0030058
:10E03000C9070A9940F0FA804A1E002908BF022247
:10E04000511E002A08BF022118F8022018F80110FA
:10E05000302303EA011162F38301F8E0DFF8D4050D
:10E06000CDF80C80DFF8C8850024DAF874700462FB
:10E070008477848304750470C0F808B00646C0E94C
:10E08000035408F130000290B06197F83301012881
:10E0900007D197F83B01DAF80040012111F0DCFBD1
:10E0A0000444D7F858010AF158010A900AF15000C7
:10E0B0000FF0BEFB20440B90788B0C90DAF8000038
:10E0C0000D90F88A0E900EF0CFFA012808BF0EF0DE
:10E0D000D1FA06F1200007F59D71042212F0D2FC5E
:10E0E00097F83801002800F0F680B7F8E610DFF85E
:10E0F000442507F1280006F087FD0646002840F079
:10E100003C82EBE0DAF87460012001F097FE002E0B
:10E11000304618BF012001F091FE0EF0A5FA01284B
:10E1200008BF0EF0A7FA06F14201504601F030FE9A
:10E13000BAF88800DFF8FC749AF80C20AAF80E00F0
:10E1400000208AF89900C7E900607189B873787374
:10E1500040F271203A734843B8F1000FB86004D020
:10E16000C8EB481000EB9800B860308D06F1180538
:10E17000C34607289ABFDFF8C41451F82040002492
:10E180002846391D002201F035FF012001214FF002
:10E1900001080EF01FF8002C204618BF012001F0E6
:10E1A0004DFE318FF08E04F11602202309F0AEF9F6
:10E1B000F18F04F13800224609F0E4FBB38F728F2F
:10E1C000E18A2846CDF800800CF0A8FBDAE92401AA
:10E1D00080F04000084308BF87F80D8012F002FE6F
:10E1E000DFF8501406F10D00002207F0B1FB0646DF
:10E1F000D846C9E1C9F828A0C8EB48100026012577
:10E20000DAE909238AF899608AF88D5000EB9801C1
:10E210005046984700283FF456AD0446504601F05A
:10E220001DFC012526464EE51F26AEE101310229DF
:10E2300088BF002108EB010212F8013B012988BFC9
:10E2400042461178302202EA011163F38301D84675
:10E25000DDF808B0084487F8334087F832000EF044
:10E2600003FA012808BF0EF005FADAE9241081F05C
:10E270000402024312D081F08052024300F0E18098
:10E2800081F40052024300F0DE8081F0006202431C
:10E2900000F0DB8001F024FE40F0D9800120D7E0BF
:10E2A000DAF850004FF000080490BAF85400ADF8C6
:10E2B000140000208DF81600012011F029F904A99E
:10E2C000002010F0C1FE08B106465EE101200021E9
:10E2D00011F0FAFD2FE597F82500307097F83B0113
:10E2E000DAF8004097F82050012107F0CDF99AF8AC
:10E2F0001810D04A117740F2E241694301EB440122
:10E30000084408301061D9F82400816B50468847D2
:10E310000028044618BF012001F090FD00204FF0B6
:10E32000FF318AF81800C44800680DF0CBFFDAE925
:10E33000240180F08000084312D1DAF8740090F8CC
:10E34000610101280CD19AF81400012808D10AF1C2
:10E350000C0001F027FEDAF87400002180F861114A
:10E360000AF10C0B584602F0A9FA0646DAE9240134
:10E37000019780F48070084310D1AC480430864285
:10E380000BD0B07B800708D5708931680844B1890B
:10E39000084400790B2808BF01240134A34808F180
:10E3A00050055FFA84F84FF00009029F041DAEB1DA
:10E3B000C14513D2304639462A4601F01BFE9AF871
:10E3C000180009F1010901308AF81800A6425846E0
:10E3D00018BF301D066804370235E8E7954EC14581
:10E3E00009D2204639462A4601F004FE0437023598
:10E3F00009F10109F3E78E4F00204946019D029B78
:10E40000072906D803EB410243F8210001311084AB
:10E41000F6E7894800680DF05BFF86F814900EF06F
:10E4200023F9012808BF0EF025F9D5F8C8000DF032
:10E430007FFEDFF8F491052823D0062823D101249C
:10E4400026E0022004E0032002E0042000E0002097
:10E45000BBF1010118BF0121BBF1040218BF012269
:10E460001140002212F09AFC707E7249033818BFE6
:10E47000012086F8250006F11B0006F063FF064622
:10E4800082E0002404E00020012100240DF0A2FE1F
:10E490000AA82146002212F019FC0EF0E5F8012826
:10E4A00008BF0EF0E7F8634C05F1280005F59671FA
:10E4B000224607F097FB064600285ED195F82E010C
:10E4C0000138012858D895F83311607F00293ED0D3
:10E4D00000F07F006077A07F60F07F003DE0DAF819
:10E4E00060000844CAF86000DAF81C1071B14F4AA5
:10E4F0004F4B1268DB691A44DAF850301844801A1E
:10E50000884282BFC81A1044CAF8600001F0B4FC07
:10E5100047484649DAE90923C06909680844DAF836
:10E520006010081AC0EB401101EB9001504698476B
:10E53000002871D00646DAF84840504601F08EFABD
:10E54000002C3FF4BFAB3046A047FFF7BBBB40F009
:10E5500080006077A07F00F07F003449A077486892
:10E56000396B814203D1207F08B1013820773149CE
:10E5700005F1EC0007F016FE00269AF89F00DDF882
:10E580000C8001308AF89F005EB307F04DFF002039
:10E59000002410F0BDFF012010F02CFB12208AF89F
:10E5A00098400DF063FE0020002111F08DFC9AF8D8
:10E5B000990010B101388AF89900D9F824008169CE
:10E5C00050468847B8F1000F7FF47CAB01E00EF0B5
:10E5D00051F80EF049F80128F9D0FFF779F9FFF763
:10E5E00071BBDAE924010422434272EB01010ED32C
:10E5F00010F4C07F1ABFDAF8740090F8350107F004
:10E6000037FF0138B0FA80F0400907F013FF01F03E
:10E6100033FC99F8390010B10026FFF753BB0025F1
:10E620000026FFF750BB00BF243A012084010020E0
:10E63000B03A0120683A012058500120EC6E0120C8
:10E6400010B594B009480C4900240E941190084864
:10E650000F9008480EF0F6FC0294009404AA0020E3
:10E660001021002300F044F914B010BD4DE701085B
:10E670007DE601085DE7010845E801087FB504462D
:10E680000020CDE902000190312021640DF0EAFD67
:10E6900001200DF059FE012011F046FF94F84400CE
:10E6A00000B394F84D0001281CD1002084F84400E8
:10E6B00001200FF0E1FA18B9012021460FF038FAD5
:10E6C00094F84500D0B11F4D0121A86A001B01F04C
:10E6D000B8FBA86A002180F88D100720A9620DF010
:10E6E000E9FD05E007200DF0E5FD204601F01EFBE9
:10E6F00031200DF0B9FD002004B070BD114E706ADC
:10E70000806880470028DED001F0B0FB0E48016829
:10E7100002AD28460FF042F901A810F0E7F8019980
:10E7200001F0F6FBB0F1FF3FCDDCDDE90110F56A49
:10E730000FF080F9014628460FF0A0FF01F0B3FB6F
:10E74000C1E700BF243A01208401002080B50020E9
:10E7500000210DF03FFD002080BD0000FEB5364FCA
:10E7600006460D46786A0069804704460020CDE9D8
:10E770000000002C204618BF012001F05FFBB86AA2
:10E780000121201A01F05DFB012010F033FA012E67
:10E7900008BFFF2D20D026B301200FF0B1F90020D3
:10E7A00000260DF0D1FD4FF4807084F84560A4F888
:10E7B0004C0022488178012916D1C178052201F048
:10E7C000FC010231C1701E4864218068414304F19C
:10E7D00050000FF069F824E00020B86284F88D0042
:10E7E00025E084F84C501FE0786B2546052245F85B
:10E7F000500FAE71AE80124E2846B1680FF054F83B
:10E80000684610F073F8009901F082FBC00F01F028
:10E8100015FBF06828B130690138306108BF07F096
:10E82000EBFD002011F080FE204601F017F93220A8
:10E830000DF01AFDFEBD00BF243A0120E841012081
:10E84000B03A0120F8B504462848406A80688047FD
:10E85000002842D0D0E92421531E61F10005002692
:10E86000D3F11F0776EB050515D3012505FA03F350
:10E8700013F08B0F0CD0406F007EC10701D02178C0
:10E8800069B3810701D5217B59B3400722D424E025
:10E8900013F0802F1AD182F040030B4316D082F080
:10E8A00080030B4303D082F48072114315D1012100
:10E8B000406F8DF8031090F8381171B1B0F8E61080
:10E8C00028300DF1030206F09FF906E0207830B100
:10E8D000207B30B194F8270028B1FF20F8BD00203C
:10E8E000F8BD0C20F8BD2720F8BD00BF243A012058
:10E8F0002DE9F84F83460C201D46174689460DF03A
:10E90000B1FC01F00DFB00288046044618BF4FF013
:10E9100001084046012101260DF05CFC89F0100041
:10E92000DDF828A050EA0B0002BF84F846604FF0E3
:10E9300008094FF0000BC4E924B900210C98C4E980
:10E940001CA784F89810C4E91A5067B18BF0804076
:10E9500050EA090007D197F8500084F82000002001
:10E9600087F8500038E019F0280F2CD0386A7D2540
:10E97000F9688B4E8000B0FBF5F0A060B868B04736
:10E98000E060D7E90401B0472061B8698000B0FBBE
:10E99000F5F06061F86979688000B0FBF5F0A0617E
:10E9A0003868B047E061386BE06297F8250084F87A
:10E9B0002100B86A606297F8240084F82000F86AA1
:10E9C000A062786B20631BF4C07F05D00120207506
:10E9D0000020C4E903006076012084F88400002050
:10E9E000C4E91F00D4E9240180F00200084306D1E5
:10E9F000606F407E012802BF6A4800210160694FB4
:10EA0000786AC1692046884730B189F0200050EA11
:10EA10000B003BD10024AEE001F022FB786A806A53
:10EA200080470546786AC06A80472844012804BFA9
:10EA3000F86A00280ED15C48002100220FF07EFC0D
:10EA40000028F86218BF012001F0F8F9F86A0121E6
:10EA50000FF0B8FC786A806A8047012804BF012063
:10EA600011F0A6FAD4E9240100F0404301F00502B8
:10EA7000D2186FD180F400220A430CD001F030FA92
:10EA80000ED194F8460001280AD163E0204601F037
:10EA900057FA00257EE0786A806A8047012857D0BF
:10EAA0004046002100250DF095FBD4E92401421ECB
:10EAB00061F10003D2F11F0675EB030333D280F03E
:10EAC00040020A4342D080F080020A433AD080F4E8
:10EAD00080720A4336D080F400120A4338D080F4A2
:10EAE00000020A4334D080F080420A4330D080F0E4
:10EAF00000420A432CD081F00102024328D081F069
:10EB00000402024324D081F00802024320D081F0A5
:10EB1000100202431CD081F02001084318D00020CD
:10EB200001F08CF914E0012303FA02F212F08B0FCA
:10EB300002D0606FC4620BE012F0802FBFD0606F14
:10EB4000446205E0606FC0F8CC4001E0606F046390
:10EB5000FEF7BEFE154809F0020100EA0B0040185E
:10EB600004D097F84100013087F8410089F0200077
:10EB700050EA0B0003D1204608F0F2FE0446BAF139
:10EB8000000F18BF002C01D1254603E0256F002D92
:10EB900018BF25460C200DF067FB2846BDE8F88F0E
:10EBA00091FF0208243A012019F4010870000020A6
:10EBB000F8B51F4C002144220027204611F0A8FF81
:10EBC0001C4D27201D4E14210C220D2328601A48AD
:10EBD00080F82C70C0E90532C0E90713C0E90921AB
:10EBE00030684FF0FF310DF06DFB09F00FF9002890
:10EBF000606218BF012001F021F9606A0068804757
:10EC00000F4A0020052127600EF06EFF0D4A0120FB
:10EC100001210EF069FF0C4868600C4806F0BEFA4E
:10EC20000B4811F0FBFC3068BDE8F8400DF050BB1C
:10EC3000243A012084010020B03A012058500120DC
:10EC400055EC010821F1010800820248C5F10108D4
:10EC5000F1F201082DE9F04F85B0054690200DF046
:10EC600001FBDDB3DFF8A874B86A18B3DFF8A46459
:10EC70004FF0FF3130680DF025FBAC6994F8980037
:10EC800004284FD1D4E92401AE4A104001F001011B
:10EC9000401803D095F82400012812D10020B86252
:10ECA00084F88D0097F83800013887F8380008E0BC
:10ECB00001F0F5F8A8680028FAD10024D1E101F0AC
:10ECC000EEF8A8680028FAD197F8390010B1013899
:10ECD00087F8390030680DF0FBFAC2E1C4200DF06E
:10ECE000C5FADFF82C04846A002C00F0C2810025EC
:10ECF000002100228562022084F88D5084F898005B
:10ED0000D4E91B309847D4E9241081F080420243B3
:10ED100003D081F00051084300D12567204600F060
:10ED2000FFFDA2E105F1220013F0D4FC05F1230060
:10ED300013F0D0FC95F82400012803D001F0D4F89A
:10ED400000F09D8197F83920002184F88D1002B9D8
:10ED5000B96201F0C9F818D0D4F8942081F080018C
:10ED600011430BD195F8201011B995F8211029B154
:10ED700094F88C1011B9012184F88C1095F8252095
:10ED8000616F81F82C0181F82D2130680DF0A0FA17
:10ED900001F0AAF800F0CF8095F82000B0B995F8FE
:10EDA000210098B9B4F89C00411C606F028BA4F854
:10EDB0009C1012B189B2B1FBF2F1090406D090F8AF
:10EDC000601113299CBF013180F8601194F89900FB
:10EDD00010B1013884F8990095F81D90012001F0D8
:10EDE0002DF800210020B9F1000F01906977CDF8CE
:10EDF000009000F0A980DFF82413DFF81C6304F111
:10EE00000C0A4FF0000B4FF000080431306B0491F6
:10EE100000210391002800F09B80504601F0C2F8C9
:10EE200007460498874200F06C80B87B800740F169
:10EE30005E8078893968CDF80880D0460844B98961
:10EE4000084490F804A0BAF13C0F00F27080DFE8AB
:10EE50000AF01F1F1F271F1F1F272727271F2727CE
:10EE6000272727272727272727271F1F27276E27FB
:10EE70002727276E6E27276E276E1F1F6E6E6E6EFA
:10EE80006E6E6E6E6E6E6E6E6E6E6E6E6E2727009E
:10EE9000039A616FD0B201320844039280F85CA1FA
:10EEA0000398C0B203284FF0000038BF012000F0E3
:10EEB000C5FF607E0138607695F827000130BAF111
:10EEC000020F85F827000FD1606F90F82F110529E8
:10EED0000AD00D21806580F85C1000F158010220F5
:10EEE0000EF026FE01200190C246DDF8088038466B
:10EEF0000CF0EEF9697F01316977002818BF08F13D
:10EF00000108207E85490138207606EB8B00496890
:10EF1000406B88421CD0BBF1060F19D8A9F101093A
:10EF20000BF1010B5FEA09617FF474AF10E0002080
:10EF300000F084FFACE7D4F89400002684F89960D0
:10EF400031E000BF3000A0E000204FF00008039047
:10EF50007148009904F10C0900EB810748463E6BAB
:10EF600001F0ACFC0068864207D06C49386B4968F8
:10EF7000884204BF484601F093FC03983D21019E5E
:10EF8000C0B2012805D8626F0244013082F85C11DA
:10EF9000F7E795F82F30626FD4E924105C4F85F8BD
:10EFA0001C8082F8613181F4807202430CD195F8A3
:10EFB000200018B995F8210000287CD000F0ABFFA4
:10EFC00000F089FF00F075FF81F00202024313D1C7
:10EFD000606F417E01290CD1396840F25512013130
:10EFE0009142396005D190F8360010B9012085F8BA
:10EFF00021000020022108E011F4C07F05D0A268A2
:10F000001AB1A968206F90472BE095F820201AB913
:10F0100095F82120002A3FD081F08001084305D1D6
:10F0200004F1580004F150010EF020FC0020A4F877
:10F030009C000220A4F8980026B1A86838B100F01E
:10F040002EFFFAE7A36E206F294622469847D4E99F
:10F05000240180F08000084303D1206F294612F07C
:10F0600001F828460EF02CFF1CB1D4E9240100F071
:10F07000F3FD902005B0BDE8F04F0DF0F5B8D4F8E1
:10F08000942081F4802313433FF45CAE81F400317B
:10F0900011433FF457AE78E6E36E83B195F82C2028
:10F0A00092071AD411F4C07F09D00220002E84F8F0
:10F0B0009800CCD1C7E700204FF480719FE7002073
:10F0C00084F89800786A016B2046884797F83900E1
:10F0D000D8B1013887F83900B9E781F4807202436A
:10F0E00005D100F018FF00F0F6FE00F0E2FE81F01E
:10F0F0008001084304BF012084F88C000220002E08
:10F1000084F89800A3D1E36E9DE7FEF7E1FB9EE74C
:10F11000243A012058500120B03A012084010020F7
:10F120007FB504460020CDE90200002C204618BF20
:10F13000012000F083FE0DF0C1F8204EB06A10B13E
:10F140000DF0BEF87FBD94F8450001280BD10020DA
:10F150000121B462206484F88D100DF0B1F82046CE
:10F1600000F0E4FD7FBD706A8068804710B300F056
:10F170007DFE1348016802AD28460EF00FFC01A881
:10F180000FF0B4FB019900F0C3FEB0F1FF3FD7DCF4
:10F19000DDE901100EF04EFCC0EB4011A26B01EB5B
:10F1A000900094F84D105143884224BF616B88420F
:10F1B000C6D3CDE7002011F0B7F9C1E7243A01200A
:10F1C000840100207FB5464D00200390CDE900006A
:10F1D000D5E909068068804704460B200DF042F807
:10F1E000ECB1D6E9241081F48072024307D081F09B
:10F1F0000041084313D100204FF4801102E00020A9
:10F200004FF48021D4E9242351405840084306D1CB
:10F2100008200DF02BF894F89800042805D107F089
:10F22000C3F80B200DF020F87FBD0A200DF01EF86A
:10F23000D4E91401CDE9000103A80FF057FB0399AD
:10F2400068460EF0D3FBB0F1FF3F01DD002007E080
:10F25000039900980EF0EEFBC0EB401101EB90001B
:10F260003F28DCD31F49204AC96912681144053977
:10F27000C1EB411202EB91018842D0D2A86A00286A
:10F2800018BF012000F0DAFD0020A86295F83900CF
:10F29000013085F8390009200CF0E8FF06F1500133
:10F2A00068460EF0C5FA2863104E0021706940F0E0
:10F2B00002007061706820F010007060306840F0EB
:10F2C00002003060306820F0020030602046FEF717
:10F2D000E5FC286BB061706920F002007061A0E766
:10F2E000243A0120B03A012084010020440402485D
:10F2F00070B503200CF0E0FF174EB06A50B190F8E3
:10F300008D000024012822D0144890F82C000128F8
:10F3100005D01CE0114890F82C00012816D10F48A8
:10F32000002400F1200580F82C4028460CF0ADFFA9
:10F33000706A416A28468847FEF7CAFAB06A30B157
:10F3400090F88D00012808BF3A2400E0002400F066
:10F35000B8FD204670BD00BF243A0120B03A01201C
:10F36000F8B5274E254D00244FF0FF31306885F861
:10F3700041400CF0A7FF234FE86A7C8020B10FF0DA
:10F38000FBF808B11F2427E0686A4068804785F8C9
:10F3900038402C6000200EF06FFC60B100200EF0B1
:10F3A0001BFC0028044618BF012000F047FD204642
:10F3B0000EF086FDEEE71448272100240D22AC62F2
:10F3C00087F82C403C80016014200C21C7E90521FE
:10F3D000C7E90702C7E9091030680CF079FF686ACD
:10F3E000806A804718B9686AC06A804718B1FEF71A
:10F3F0006FFA2046F8BD00F07CFDFAE7243A0120C0
:10F4000058500120B03A01208401002001490880B1
:10F41000704700BFB03A012080B55F200CF022FF9A
:10F420000120FEF739FAFEF753FA0020FEF734FA0E
:10F430005F20BDE880400CF017BF00002DE9FC47BD
:10F4400004460F200CF00EFF002C204618BF0120B0
:10F4500000F0F4FCDFF85C81042084F89800D8F810
:10F460002C0020B10FF088F808B11F257AE0D4E90C
:10F4700024A919F0280F08D0D8F82800A04204D1F8
:10F48000002084F88D00C8F8280003200CF014FF39
:10F49000D8F82800A04231D194F88D0001282DD150
:10F4A000042084F8980098F8380001301AF0700FA2
:10F4B00088F8380018BF05F013F800F002FD204668
:10F4C00000F07EF80FF0EAF9074601900FF0F8F926
:10F4D000009001AD6E4694F88D00012862D1002F96
:10F4E00060D000200EF0C8FB10B100200EF012FC1E
:10F4F0002846314600F01DF9019FECE700F0E1FCE1
:10F5000003200CF0D9FED8F82400016A2046884771
:10F51000054638BB204600F013FD00F0D2FC00F099
:10F52000BAFC40B900F097FC28B908F12C000FF0A4
:10F5300098F80546B0B900F0AEFC10B9002010F004
:10F5400037FD1D4809F0020100EA0A00401808D002
:10F5500098F8410000F072FC98F84100013888F8F2
:10F560004100002500F097FC10B900F074FCB0B128
:10F57000FEF7AEF9D8F8240058B1806A804740B948
:10F580000E4842682AB10078C00702D0002000214E
:10F5900090470F200CF068FE2846BDE8FC8700F07D
:10F5A000A8FCE7E7002F18BF0127384600F046FC0B
:10F5B000A6E700BF243A012070000020B03A0120E5
:10F5C0002DE9F041026E0446D0E92410C2EB42134B
:10F5D00003EB92054A1E60F100030026D2F11F07DB
:10F5E00076EB03030CD30123934013F08B0F40F011
:10F5F00097800F2A23D01F2A02D105F5BC758FE012
:10F6000081F0400202431DD081F08002024303D00A
:10F6100081F48071084318D1656F95F83A0195F827
:10F620002E8104281FD0022815D0012827D140F6AA
:10F630004806B8F1000F08BF40F628062CE005F593
:10F640009A656DE005F55C756AE0002001210025F2
:10F650000CF0C0FD64E04FF48566B8F1000F08BF00
:10F660004FF4836618E0B5F83C0101280DD141F252
:10F67000BE16B8F1000F08BF41F27E160CE0002064
:10F68000012100260CF0A6FD06E044F29026B8F118
:10F69000000F08BF44F2901695F83B01042813D0E0
:10F6A000022809D001281BD140F64807B8F1000F05
:10F6B00008BF40F6280720E04FF48567B8F1000F37
:10F6C00008BF4FF4836718E0B5F83C0101280DD15D
:10F6D00041F2BE17B8F1000F08BF41F27E170CE0EF
:10F6E0000020012100270CF075FD06E044F2902770
:10F6F000B8F1000F08BF44F29017D4E9240180F458
:10F700008070084307EB0600C0EBC00000F29E705B
:10F7100004BF216800EB4100ED8AA84238BF0546CE
:10F7200005F58C60B0F5E03F98BF4FF4E030BDE8E0
:10F73000F081B0B50C4605460FF0C2F821684A4288
:10F74000884238BFCA4311182A68511A38BF0021AD
:10F7500029602060B0BD0000F8B5002804460D46C1
:10F7600018BF012000F06AFB002D284618BF0120B9
:10F7700000F064FBB4F8900010F4C07F04BF1120C7
:10F78000F8BD1A4F00F0BFFB606F90F82F110729EA
:10F7900004D090F830010738012802D804F17C0623
:10F7A00001E004F10C06A87B2946800742BF607E79
:10F7B00001306076304601F05DF8D4E9240180F034
:10F7C000800008430DD1606F90F86101012808D1D5
:10F7D000307A30B1304600F0E5FB606F002180F8F0
:10F7E000611138680CF074FD0020F8BD58500120FC
:10F7F000B0B50028044618BF012000F01FFB0E4DD5
:10F8000000F07CFBE16F91B1204650F80C2F12B94B
:10F8100094F88420227501F02DF80120D4F880108E
:10F8200084F884000020E067C4F880002161286823
:10F830000CF04EFD0020B0BD58500120F8B5002856
:10F8400005460C4618BF0120164600F0F7FA002CBA
:10F85000204618BF012000F0F1FAB5F8900010F42E
:10F86000C07F04BF1120F8BD686F90F830110739D0
:10F87000022903D390F82F01072806D1112E19D899
:10F8800001200E49B040084214D005F10C060C4F7F
:10F8900000F039FBA07B214640F00200A073687E97
:10F8A00001306876304600F0E5FF38680CF010FD56
:10F8B0000020F8BD05F17C06E9E700BF7C2C0200C2
:10F8C0005850012070B5002804460D4618BF01208D
:10F8D00000F0B4FA666F280705D504F1580006F168
:10F8E00038010DF0C3FF68070AD596F8200038B13B
:10F8F000318A04F1500003220DF0D6FFFDF7E8FF36
:10F90000002070BDD0E9241281F08001114318BF9E
:10F9100070470249496A496B084700BF243A0120F1
:10F92000B0B5044603200CF09DFC002C204618BF07
:10F93000012000F083FA114D002084F89800A86A95
:10F94000A04209D1D4E9240100F0CAFA04D1002070
:10F9500084F88D00A86203E0686A016B204688473E
:10F9600095F8390018B1013885F8390001E0FDF744
:10F97000AFFF03200CF078FC0020B0BD243A01203A
:10F98000B0B50546002908460C4618BF012000F016
:10F9900055FAA560B0BDB0B50546002908460C462D
:10F9A00018BF012000F04AFAE566B0BD7FB5002817
:10F9B000044618BF012000F041FAD4E902210520D5
:10F9C00084F8250052EA01001CBFD4E9043053EA50
:10F9D000000533D1A069A0B3E3690BB1984230D8D8
:10F9E000D4E9005355EA030606D0121841F100018C
:10F9F000AA1A73EB010124D3216A59B1154A164B97
:10FA00001268DB691A4400EB9200C2EB4212104408
:10FA1000814216D3E06AA0B103A80EF067FFD4E9D3
:10FA2000040150EA01020FD010F0B2FA0399053137
:10FA3000884209D2032084F8250002E09B1A8841FD
:10FA4000C8D2002004B070BD0020202100F007FAC9
:10FA5000F8E700BF84010020B03A012010B500286B
:10FA6000044618BF012000F0E9F9D4E9240181F02F
:10FA7000080281F02001024308430121B2FA82F218
:10FA8000B0FA80F05209400910430CF0A3FBD4E90E
:10FA9000240181F02001084304BFA068002804D09D
:10FAA0002046FFF73DFF002010BD2046BDE8104076
:10FAB000FFF7C4BC4FF4FA43044A5843C2E90201B9
:10FAC000116108B106F08ABC06F096BCB03A01207C
:10FAD00080B50849896A41B191F88D10012904D196
:10FAE00043200CF0C3FB0C2080BDBDE880400FF02C
:10FAF00053B800BF243A012070B586B004460020F8
:10FB00000590CDE902000CF0D9FB0EF0D1FA0546C4
:10FB10000DF1070006F0B2FC1D4EB06A18B190F866
:10FB20008D0001281DD09DF807000938022818D340
:10FB300010F086FC012814D0706A80688047D0B12C
:10FB400000F094F91348016802AE30460DF026FF2C
:10FB500005A80EF0CBFE059930460DF047FF0028B2
:10FB60000CDD0020A84238BF054625600CF0A8FB3C
:10FB7000002006B070BD4FF0FF30F3E70599029802
:10FB80000DF058FFC0EB401101EB9000EAE700BF19
:10FB9000243A01208401002010B5074C606A806A75
:10FBA000804794F83810884204BF002010BD4320DD
:10FBB0000CF05CFB0C2010BD243A0120014981F8B7
:10FBC00040007047243A012001494860704700BF57
:10FBD000B03A0120F0B51F4B1C884FF6FF738CB371
:10FBE000461E4FF0000C61F10005D6F11F077CEBBB
:10FBF000050513D3012505FA06F616F08B0F06D07E
:10FC0000A00748BF2B46002A08BF2B461AE016F073
:10FC1000802F03D020074FF003000EE080F0800516
:10FC20000D4307D080F4807008430DD160074FF07A
:10FC3000020002E0A0064FF0050048BF0346002A7C
:10FC400008BF034698B2F0BD002A18BF4FF0FF323C
:10FC50001346F7E7B03A01202DE9F041DFF858806C
:10FC60000546D8F8040028B30C461449886A10B138
:10FC7000D0E9247608E0486A18B1806880470028F7
:10FC8000F6D100264FF0FF37284621460122FFF724
:10FC9000A1FF04464FF6FF7084420BD03846314630
:10FCA0000022FFF797FFD8F8042001462046BDE860
:10FCB000F0411047BDE8F081B03A0120243A01201C
:10FCC00001494880704700BFB03A01200148408890
:10FCD000704700BFB03A01207CB51248806AF8B185
:10FCE000FFF76EFC0EF0DAFD01900EF0E9FD0090DA
:10FCF0000D4E01AC6D46306800070BD406F0CCFB0E
:10FD000040B920462946FFF714FD01980028F2D19A
:10FD1000002000E001200121BDE87C400CF05ABA2F
:10FD20007CBD00BF243A012074080248F8B5174F83
:10FD30000546002000902E6C05F14D04F86A08B1CC
:10FD40000EF01AFC32200CF08DFA00200121012265
:10FD500010F07CFB02200EF04DFF68460EF0C6FD51
:10FD600021780098012908BF78637D2101EB860284
:10FD7000B2FBF1F10144286C0028204608BF4FF087
:10FD8000FF31009106F022FBF8BD00BF243A0120AC
:10FD900070B50D460446C0891821B0FBF1F2B4F8E5
:10FDA0008800B0FBF1F15140090603D194F88C10A2
:10FDB00001290CD12846082105F037F910B100209F
:10FDC00000F03CF8002084F88C00B4F8880003218F
:10FDD000B0FBF1F000F00702A85C00F0030103297A
:10FDE00010D1217C0C2300F0F30603EB810303F018
:10FDF0000C033344AB54227C272A14BF0132252242
:10FE0000227400E02531B4F888200323B2FBF3F319
:10FE100003EB4303D21A0CD0013A074B18BF01225F
:10FE200082EA900003EB410100F00100084410F861
:10FE30004A1C217370BD00BF04D2040801210CF0DC
:10FE4000C9B9B0FA80F040090CF0C4B9D8F8240060
:10FE5000816958460847D8F82400C06A00472246FE
:10FE60000023029000900020FEF742BDD0E914016B
:10FE70000522CDE902017047D9F82400C9F828A06D
:10FE8000416950460847079920460DF0AFBDD8F8A4
:10FE9000240080680047D8F82400806A0047416841
:10FEA000A9600BF015BAB0FA80F0012140090CF0FE
:10FEB00091B900202060012084F88C00D4E924103E
:10FEC000704703200CF0F6B9DAE92401042240421D
:10FED00072EB0100704704F1500029460DF0C6BCDA
:10FEE00081F0080108437047D4F8901011F4C07FE6
:10FEF000704701200221002210F0A8BA4FF0FF3114
:10FF000028680CF0DFB94FF0FF3138680CF0DAB92F
:10FF100028460DF06BBD04F1580029460DF0A6BC33
:10FF200010B506480DF0CAFF044620B12046002156
:10FF3000A82210F0EDFD204610BD00BF0C6E012080
:10FF400070B538B30446D0F8900010F4C07F1BD0D1
:10FF5000134E04F10C05286838B1284600F022F849
:10FF6000B042F8D00BF0B4F9F5E704F17C0528684D
:10FF700038B1284600F016F8B042F8D00BF0A8F9D6
:10FF8000F5E7D4E9240101E0D4F8941080F400509E
:10FF9000084300D170BD2046BDE870400DF090BF11
:10FFA0008801002070B5114E044600F091FD217AC1
:10FFB000206821B10E4DA0B10020207211E038B1AF
:10FFC0006168884207D0416821600021416007E0F4
:10FFD00000F079FD05E0012121720021C4E9001142
:10FFE000054630680CF074F9284670BD5850012061
:10FFF0008801002070B5002805460E4618BF012074
:020000040802F0
:10000000144600F058FD1EB1688929680844306024
:100010000CB1A8892080002070BDB0B5D0E9244380
:1000200084F480751D4303D084F0800423430CD1F5
:10003000002A08BF6422006F408B504342F21072C6
:1000400050436422B0FBF2F201E04FF0FF32C1EB0B
:10005000411000EB910100208A4298BF0120B0BD01
:10006000BCB503200CF028F9124DA86AE8B1D0F80D
:1000700090001149084218D0686A80688047A0B192
:100080000446A86A6D46D0E91423016E2846CDE9DE
:10009000002305220DF008FC04F1500128460DF064
:1000A00075FB002801D404F01BFA03200CF002F9C0
:1000B000BCBD00BF243A0120300000200138C1B28D
:1000C00006298FBF4FF4FA7040B2024931F8100090
:1000D000704700BF1AD20408B0B50C460546184652
:1000E00011460DF0A5FB62190E4C0D4B0499A04270
:1000F00005D318440C4BB0FBF3F0504304E000FB75
:100100000230094AB0FBF2F000EB0111074A127D00
:1001100001F11200002A08BF01F11000B0BD00BFBC
:1001200020A1070001093D0040420F0008420120C4
:100130002DE9F84F0028064618BF01204FF0010AAC
:1001400000F0B9FC756F95F83401FFF7B7FF8046F2
:1001500095F82100FFF7B2FF8146D5E90E01374639
:10016000B5F816B03446032247F8500F44F8580F3C
:100170007165F1653846298A0DF096FB95F83A01CC
:1001800040F2EE31022808BFB421012808BF4FF425
:10019000B071204601220DF001FC4046494622463E
:1001A0003B46CDF800A0FFF797FF0446306040F2D1
:1001B00071200BFB00F09638844205D9032086F8A5
:1001C00098001F20BDE8F88F00F078FC0119384630
:1001D00001220DF0E3FB2846012100F02FF805492C
:1001E0000968084404498968084430660020BDE86D
:1001F000F88F00BF84010020C43A01200230022998
:1002000006D0012909D180B2402101EBC00070471E
:1002100080B2242101EB80007047022A08D0012A15
:1002200011BF002080B24FF4D77101EB001070476E
:1002300080B24FF4147101EB8010704770B50D4619
:10024000B0F8B620B0F8BA100446868B00F06CFA0D
:1002500000F19601012D0BD17D2000EB8101B1FB56
:10026000F0F094F8201001EB810100EBC10070BDAB
:10027000C0EBC00040F27122724300F29E708242D5
:1002800038BF10468A4238BF0846E18A40F2E2424F
:100290004A43904209D90848084A01EB8101806825
:1002A00012681044C0EBC10070BD7D2101EB8000DD
:1002B000B0FBF1F070BD00BFC43A01208401002002
:1002C0002DE9F8430028044618BF012000F0F3FB95
:1002D000DFF89080DFF890904FF4747340F2E246BC
:1002E000D8F80000D9F808100844C0EB401101EB21
:1002F0009001606FB0F8B62003EB8217B0F8C4200D
:10030000974228BF1746B0F8BA5003EB8515B0F8EE
:10031000C0309D4238BF2B46DD19B0F896700D44B1
:1003200096357743AF420ED2B2F5296F0BD91944F7
:10033000791A9639A0F8C210A0F8C410A0F8B81025
:1003400090F8331109B1BDE8F8830021FFF776FF7B
:10035000D8F800100844D9F8081008442066BDE811
:10036000F88300BF84010020C43A01202DE9F04346
:1003700085B00028064618BF012000F09CFB746F72
:100380000DF10C0806F15001B4F81690B4F8E650DF
:100390004046A76F0DF06AFA781B4FF6FF710322F3
:1003A0000844B0FBF1F1C1EB0141401A00FB09F731
:1003B000404639460DF078FA06F1580101AE304654
:1003C0000DF054FA608B042200EB800041003046AF
:1003D0000DF06AFA304641460DF0D8F901280BDBE2
:1003E000B4F88A1007EB870001EB8101490001EBAB
:1003F0009001204610F000FE05B0BDE8F08300003B
:100400002DE9FE4F002804460F4618BF012000F0DA
:1004100052FB2668656FE88A02903EB100F04EFB01
:10042000811904F1500001220DF03EFA04F1500A46
:1004300004F15808504641460DF0FAF921684FF68C
:10044000FF723E4600EB510BE88A40F2E24100FBAE
:1004500001F9B5F8E810914218BF0E44012F18BFFA
:100460003E46D94598BF3E46A96F4B1C13D021EAA2
:100470000203B5F8E620B3F5803F05D147F6FE73D9
:100480009A4206D889B2A967914202D9B318994213
:1004900003D9002703E0002709E08E1A012795F809
:1004A0005C10022903D12046FFF760FFE88AB5F807
:1004B000E6100322BBFBF9F93144A5F8E61006FB70
:1004C00000F150460DF0F0F9FFB195F85C000328FB
:1004D00011D0022816D12046FFF7F2FEB5F896009B
:1004E000E98A0322A5F89610B5F89010E8825046E4
:1004F0000DF0DAF906E005F1300005F17E01052284
:1005000010F0C0FA4FF0FF30A86795F8380190B9A5
:1005100095F82670252106FB07F0B0FBF1F202FBEF
:10052000110005F1280185F8260005F1240004F0EA
:1005300013FB85F8267095F83401FFF7BFFD0746D9
:1005400095F82100FFF7BAFD01463846424653466A
:10055000CDF80090FFF7C0FD0746206040F2712003
:1005600002994843963887420ED90F2005F1500171
:100570002D6585F85400032084F8980002200DF0C2
:10058000D7FA1F20BDE8FE8F00F098FAC119504637
:1005900001220DF003FA94F88C00B0FA80F04109C2
:1005A0002846FFF74BFE0849084A0968926811443B
:1005B0000144216694F8A010012904BF0730206689
:1005C0000020BDE8FE8F00BF84010020C43A012056
:1005D0002DE9F04100280546884618BF012000F0AB
:1005E0006AFA6F6FB86F411C16D04FF6FF7120EAA0
:1005F0000102B7F8E610B2F5803F05D147F6FE726A
:1006000091420BD880B2B8670024884207D9414490
:10061000884298BF012402E0002407E0002497F8F4
:100620005C00022804BF2846FFF7A0FEB7F8E600EA
:1006300005F1500603224044A7F8E600F88A00FBC3
:1006400008F130460DF030F9CCB397F85C00032880
:100650002BD0022830D12846FFF732FEB7F896009B
:10066000F98AA7F8961007F13801F88205F15800C9
:100670000DF0FCF897F8980028B1B7F890103046C4
:1006800003220DF011F91B48F98A406A426C284692
:100690009047194C2078022804BF284600F02EF815
:1006A0000020A5F89E00207006E007F1300007F159
:1006B0007E01052210F0E6F94FF0FF30B86797F899
:1006C000380108B1BDE8F08197F82640252104FBE8
:1006D00008F0B0FBF1F202FB110007F1280187F8E6
:1006E000260007F1240004F037FA87F82640BDE819
:1006F000F08100BF243A0120103C012090F8A010A6
:1007000001B170470121074A80F8A010044912681E
:1007100089681144026E511A07310166704700BFA3
:10072000C43A0120840100202DE9F047054690F8E5
:100730002E6190F83A0114464FF6C079B5F8B880AA
:10074000B5F8BC70042817D002280BD001281FD19F
:1007500009EBC100C900002E08BF00F1200101F122
:10076000700A25E009EB81008900002E08BF00F126
:10077000300101F13C0A1BE0B5F83C0101280ED123
:100780000801002E08BF09EB011000F20E2A0FE04D
:10079000002001214FF0000A0BF01CFD08E08A0147
:1007A0006FF0FF00002E08BF00EB811202F5747A93
:1007B00095F83B01042817D002280BD001281DD141
:1007C000E10009EBC400002E08BF00F1200101F197
:1007D000700415E0A10009EB8400002E08BF00F1B1
:1007E000300101F13C040BE0A1016FF0FF00002E8D
:1007F00008BF00EB841101F5747401E000F073F997
:100800001FFA8AF0A1B2874238BF3846884538BF00
:1008100041460844BDE8F087024900F00F00085C3B
:10082000704700BF0AD2040810B5052804D2044955
:1008300040B231F8104001E000F055F9204610BDFB
:1008400028D20408F8B5466F0446377E0CF018FE2F
:100850000546707EFFF7E8FF4119054A218107F040
:100860000F01515C4A1E6A4300FB0120F8BD00BF26
:100870000AD2040870B5094E0C46054600F028F966
:10088000286818B155F8040F446000E010C52C60CA
:100890003068BDE870400BF01BBD00BF5850012010
:1008A000B0B5054D00F019F9012020722868BDE8A7
:1008B000B0400BF00DBD00BF58500120B0B5064D43
:1008C00000F00BF9207A08B1044C00E02468286895
:1008D0000BF0FEFC2046B0BD5850012088010020DE
:1008E00070B504463A48806A00285AD00B46002961
:1008F00057D0D0E9241581F01001294351D1456F1B
:10090000D5E9100180F010060E4314D080F02003CA
:100910000B4358D11CB1062C18BF012A54D195F8AD
:1009200048000021013885F8480000064DD110200C
:10093000C5E9100170BD2CB1062C1FBF012A002192
:10094000102070BD012B12D0022B24D12148002190
:1009500002784170531C0370EAB9017095F84900A0
:100960000121012888BF410885F8491013E00020C3
:100970002021C5E9101017494A780870531C4B70A4
:100980004AB9487095F849004000C0B2102828BF05
:10099000102085F8490005F14800012104F045FBCD
:1009A00010B14021002070BD95F8491095F848001D
:1009B000013908400130C1B2814218BF012185F8D8
:1009C0004810D5E9100170BD0021202070BD00BF86
:1009D000243A0120143B0120024A89B2526A926CE7
:1009E000104700BF243A01200149496AC96C0847F1
:1009F000243A0120014A526A126D1047243A01201C
:100A000010B50028044618BF012000F054F894F8EF
:100A10008C0010BD10B5044611F0A2FE2046BDE8C2
:100A2000104011F0B7BA10B50028044618BF0120D5
:100A300000F041F800201CB184F85600A46FFAE7DA
:100A400010BDB0B5D0F8CC30028BDC6834B11D6974
:100A50000120AC4203D064680130FAE70120DC6F6A
:100A600034B1D3F880309C4202D064680130FAE798
:100A7000002980B208BF01214000B0FBF1F002EB79
:100A8000820100EB41000A3080B2B0BDD0E92432CF
:100A9000014683F4807010434FF0000003D083F0D0
:100AA00080031A4306D1496F91F82E1101390229AA
:100AB00038BF0120704701210BF08CBB95F83B013A
:100AC00001210EF0C9BE0020012100250BF082BBE0
:100AD0004FF0FF3130680BF0F5BB04464FF0FF31AB
:100AE00028680BF0EFBB0020012100240BF072BB43
:100AF000002001210BF06EBB10B508B10949486018
:100B0000084C00211C2204F1080010F001F81F20FD
:100B100041F6FF71A0614FF0FF30C4E902100020E0
:100B200010BD00BF1C3B012001490160704700BFA0
:100B300034D20408F8B5124DADF80200ADF800103B
:100B40002878C0061AD5FF200521FF26052700F0CA
:100B500019F898B1044687704770067003300DF19C
:100B6000020102220FF08EFF601D694602220FF083
:100B700089FF60786D6800F0DCFDA847F8BD00BF14
:100B80001C3B012070B5FF2808BF052904D012487E
:100B9000BDE870400DF092B909200DF06DF8012804
:100BA000F5DB09200DF0DAF80446002584B126684B
:100BB000012130688078053800F0EFFD21680920B8
:100BC0000DF0D4F8304635680DF07AF96468EDE739
:100BD000002DDCD0284670BDCC4F012070B50546F5
:100BE0000A480C460DF06AF90028064618BF012095
:100BF00000F0D0FD01200121B48135600BF0EAFA4C
:100C00000820B07300207081304670BD1C6E01203A
:100C1000F8B50768054646890C46002F384618BFC8
:100C2000012000F0B7FD0CB104202070A87B08283B
:100C300005D010280DD107208CB127220EE0B8195D
:100C40000178FF290ED03E2903D106203CB10522B0
:100C500004E0062124B12078421C08462270F8BD29
:100C60000846F8BD827809200921052A18BF062107
:100C7000002CEFD0052AEDD10222EFE7BCB5002809
:100C8000044618BF012000F085FD0DF10701204644
:100C9000FFF7BEFF05460CF0EFFF072D0CD09DF8C7
:100CA00007100139884207D1064801682046884765
:100CB000204600F01DFF03E0284621460CF038FFD7
:100CC0000120BCBD98010020B0B50A4C0A4D062099
:100CD00005212246A847082011212246A8470720BF
:100CE00027212246A8470920022122462B46BDE89B
:100CF000B0401847FD0C0208E9DA020870B500217F
:100D00000546FFF785FF0D4E04463068002818BFE2
:100D1000012000F03FFD31682846884700B170BDD2
:100D2000204629460CF02EFF0BF0C8FA2046012180
:100D30000CF0ACFFBDE870400BF0C2BA183B0120CC
:100D400001490860704700BF183B01200149086055
:100D5000704700BF9801002010B500F00FFD044A55
:100D600000F013FD916100F0E8FCD06110BD00BF00
:100D70001C3B0120B0B5017842788378C4784FF0ED
:100D8000005541EA0221094A00F0FFFCD1600179D7
:100D900043798479C07941EA032105EA006541EA93
:100DA0000441156241EA00609060B0BD1C3B012027
:100DB00010B500F0E3FC044A00F0E7FC516100F0DC
:100DC000BCFC106110BD00BF1C3B01200149087034
:100DD000704700BF1C3B012070B5094D0446687B7D
:100DE00000060BD5102000211026FFF7CBFE28B1FE
:100DF00000F0AEFC2146BDE87040084770BD00BF62
:100E00001C3B01202DE9F843134F0546386A00B317
:100E1000F87E40061DD50C463E201F2116464FF099
:100E20003E084FF01F09FFF7ADFE90B10521867116
:100E30000471C57080F8029080F800804170210A2A
:100E4000417107217C68FFF7C9FE2146BDE8F843E0
:100E50000847BDE8F88300BF1C3B01202DE9F041A5
:100E60000A4F0546387BC0060ED50C4605200021EA
:100E700016464FF00508FFF785FE28B100F04CFC40
:100E80002146BDE8F0410847BDE8F0811C3B012048
:100E90002DE9FE4F4B4E0446306A002853D0B0690E
:100EA00081052DD4C0074ED0E07EB4F818B094F878
:100EB0001A9094F81080D4E900A50121678A009067
:100EC000E08A0190A08A02903E20FFF75BFED0B33B
:100ED000044680F8079080F80680077180F803A028
:100EE0000120A070132060703E202070380A6071CD
:100EF00004F10800002D4AD0294600F03CFC48E0EF
:100F00003E200A214FF03E080A27FFF73BFED0B1F2
:100F1000877080F8008005462068E870A07C287102
:100F2000E07C6871207CA871A07EE871616819B1CD
:100F300005F1080000F01FFCA16805F10E0021B1C9
:100F400000F019FC03E0BDE8FE8F00F010FCE16842
:100F500005F1140011B100F00EFC01E000F007FCF7
:100F6000207D1F21A876607DE876A07D2877E07D32
:100F70006877207EA877607EE877E07E697021211F
:100F800085F82000284600F0EFFB214615E000F030
:100F9000EEFB0098019A029984F812B075682075EA
:100FA0004FEA1B20A1732274E074100A6074080ACF
:100FB000E073607800F0BDFB294603B0BDE8F04F58
:100FC000084700BF1C3B0120FEB51A4E029008984E
:100FD0008DF80720ADF80430ADF80200707B0007F3
:100FE00026D50D460C2000210C27FFF7CBFDF8B1CC
:100FF00004460820012227700F4F6070A01C02A930
:10100000B847280A0DF107010122E5702071601D23
:10101000B847A01D01A90222B84704F108000DF14C
:1010200002010222B8476078756800F082FBA84789
:10103000FEBD00BF1C3B0120850A03082DE9FC41D1
:10104000194F019004208DF80300386A48B3387EA8
:10105000000726D50D463E20042114464FF03E08D9
:10106000FFF790FDE8B106460C200DF103010122C7
:1010700086F80080DFF834807070B01CC047F01C28
:1010800001A90122C047280A214608223571707142
:10109000B01DC04770787C68811C3046FFF79EFD0C
:1010A000A047BDE8FC8100BF1C3B0120850A030866
:1010B00070B5094D0446E87B80070BD51A20002146
:1010C0001A26FFF75FFD28B100F042FB2146BDE87C
:1010D0007040084770BD00BF1C3B012070B505463D
:1010E00048890C468E7B012100F057FB60892168FE
:1010F00005F470620D54608921680844F1074FF4CB
:10110000005108BF4FF480511144090A41706089B1
:1011100021680844217B0439817060892168084472
:10112000A1890439090AC1701020A07302484168DE
:101130002046BDE8704008471C3B0120F8B50D462D
:1011400006461320002114461327FFF71BFD38B372
:10115000B1007200002386700770013141700221D6
:1011600001EB4601C9B201449A420FD0EE5CC718A8
:10117000FE70EE18767806F00F063E71CE18E75C2A
:101180007770E71802337F78B770EDE705494C6850
:1011900041780231FFF722FD2146BDE8F8400847BB
:1011A000F8BD00BF1C3B01202DE9F84FDFF8E080BF
:1011B0000446D8F82000002867D098F81800800767
:1011C00063D50E463E2002214FF0020BFFF7DAFCFA
:1011D00000285AD0B4F8149005463E20678AD4F807
:1011E00008A0214606222870EE7085F802B009F1A9
:1011F0000C006870607E2871A07E6871A81D0FF0D9
:1012000041FC0AEB07015FFA89F705F10D0085F84B
:101210000C903A460FF036FC7819217E022E41736D
:101220002AD1B4F830A0E78DD4F824B0062209EB17
:101230000A011631697094F83510817394F83610EC
:10124000C17309F1100004F11C01C0B22E18304620
:101250000FF018FC94F830000BEB0701B07109F1A6
:1012600017005FFA8AF6C7B23246E8190FF00AFC97
:1012700094F83410F01929546878D8F8044000F034
:101280006FFA2146BDE8F84F0847BDE8F88F00BF68
:101290001C3B01202DE9F0411A4E0446306A70B320
:1012A000707E40072BD53E200B214FF03E080B27C8
:1012B000FFF768FC18B30546012021460622E870B6
:1012C0001220AF7085F800806870607C2871A07C67
:1012D0006871A81D0FF0D6FBE07C04F1080106221E
:1012E000287305F10D000FF0CDFB207C7468E874C5
:1012F000687800F035FA2146BDE8F0410847BDE8BE
:10130000F08100BF1C3B01207FB5039008980D467B
:101310000321ADF80A20ADF808303E26ADF80600EE
:1013200003208DF805003E20FFF72CFC30B3044667
:101330000A200DF1050101222670114E6070A01CDB
:10134000B047E01C03A90122B047280A0DF10A01A9
:10135000022225716071A01DB04704F1080002A9A6
:101360000222B04704F10A000DF106010222B04743
:1013700004484568607800F0DCF9A8477FBD00BFED
:10138000850A03081C3B01202DE9F0471D4C064649
:10139000206A10B1207E800602D41A20BDE8F087B2
:1013A0000F463E2006211D4690464FF03E094FF065
:1013B000060AFFF7E7FBF8B108990B2280F80780CF
:1013C0004771C67080F802A080F800904572C17223
:1013D000090A42703A0A0173290A8271320A81723B
:1013E0004FEA1821027101720D216468FFF7F6FBC4
:1013F000A0470020BDE8F08742200AF037FF072011
:10140000BDE8F0871C3B01202DE9F84F1E4D064634
:1014100007208DF80300286AA0B3A86910F04000E7
:1014200030D00F463E200721994690464FF03E0AA5
:10143000FFF7A8FB30B304460B20DDF828B00DF110
:10144000030101226070A01C84F800A00FF01AFBB9
:10145000380A84F807806771E67084F80BB084F866
:101460000990A071300A20714FEA1B2020734FEAC7
:1014700019206D68A0724FEA18202072607800F081
:1014800058F9A847BDE8F88F1C3B0120FEB51B4E5C
:1014900002900C208DF807208DF806308DF805009D
:1014A000306A50B3B06910F4006026D00C463E207C
:1014B0000C213E27FFF766FBF8B1054606200DF12B
:1014C000050101222F700E4F6870A81CB847E81C58
:1014D00002A90122B847200A0DF1070101222C714F
:1014E0006871A81DB847E81D0DF106010122B84733
:1014F0006878746800F034F9A047FEBD1C3B0120F9
:10150000850A03082DE9F0410A4F0546387B00069D
:101510000ED50C460820002116464FF00808FFF7AC
:1015200031FB28B100F0F8F82146BDE8F04108474A
:10153000BDE8F0811C3B0120F8B50D4E0546707BDF
:10154000000614D50C46302000213027FFF71AFB87
:1015500068B10321C470857007704170210A017160
:10156000052100F001F92146BDE8F8400847F8BD23
:101570001C3B012070B50D4D0446A87D000613D517
:10158000572000215726FFF7FDFA68B10221847029
:1015900006704170210AC17004216C68FFF71EFBC0
:1015A0002146BDE87040084770BD00BF1C3B0120CC
:1015B0002DE9F0471B4D0646286A48B3287EC00631
:1015C0005CBF1A20BDE8F08788463E2005211446FE
:1015D0004FF03E094FF0050AFFF7D4FAD8B107469D
:1015E000C67080F802A00D20414608227870300AAB
:1015F00087F800903871781D0FF044FA200A7C7348
:101600006C68B8737878811C3846FFF7E7FAA04712
:101610000020BDE8F08742200AF028FE0720BDE840
:10162000F08700BF1C3B01202DE9F041104E04461D
:10163000306AD8B1B07E000718D50D463E2014217F
:101640004FF03E081427FFF79DFA78B10421457149
:10165000C470877080F800804170210A01710621F2
:1016600000F082F82146BDE8F0410847BDE8F0816E
:101670001C3B01202DE9F0410E4E044630788007D6
:1016800016D50D46FF2002214FF0FF080227FFF775
:1016900079FA68B103210571C470877080F8008001
:1016A0004170052100F060F82146BDE8F04108478F
:1016B000BDE8F0811C3B01202DE9F041154E0546A7
:1016C000307800071DD50C46FF2004214FF0FF089D
:1016D0000427FFF757FAA0B161000022877080F855
:1016E000008001314170C9B294420CD015F812301B
:1016F00000EB4207FB7005EB420301325B783B7164
:10170000F2E7BDE8F081023100F02EF82146BDE895
:10171000F04108471C3B012004214671C4708570CC
:1017200080F800804170210A017106217C68FFF772
:1017300055BA811C2046FFF751BA01794379847963
:10174000C07941EA032141EA044141EA006070475F
:10175000012184700670417003216C68FFF73EBA66
:10176000811C2846FFF73ABA7468FFF737BA0021A0
:1017700006220FF0CDB906220FF084B90178427825
:101780008378C47841EA0221704741EA034141EA83
:101790000461704701210AF01DBDB0FA80F04009D4
:1017A0000AF018BDB0B504462A200AF05FFD0FF01C
:1017B00073FBFFF789FA1348FFF79EF9FCB1124D4E
:1017C0002C600FF087FB0FF0BFFB10F0E5FE07F079
:1017D0007BFF09F09DFD00F0D8FA03F065FC04469C
:1017E00000F0D3FA0FF0F4FCFDF7E2F92868806D01
:1017F000FEF7EAF90A200021FEF75CF900E01E245A
:101800002046B0BD7D0C0208403B01202DE9FC4183
:1018100038B315462AB31C461BB3DDF82080B8F157
:10182000000F1ED0074668460E4610F0ADFF9DF82B
:1018300006109DF80720C0B23970BDF800100B0AE1
:101840003170BDF8021073702A700A0A2170BDF859
:101850000410627088F80010090A88F80110BDE8C9
:10186000FC811220BDE8FC8120B180B510F0CCFFD6
:10187000C0B280BD12207047012884BF122070477B
:10188000B0FA80F0400908F005BC1F2805D821B146
:1018900002460846114608F0A9BB12207047000016
:1018A000F0B589B001790446012901D1012220E077
:1018B000628843F6E1750020A2F12003AB424FF0AD
:1018C000000338BF01232688A6F12007AF424FF05E
:1018D000000538BF01252B4096424FF0000298BF0B
:1018E00001221A40042904D0A37B042B38BF012015
:1018F00002401220042928D83AB36279032A24D856
:10190000A379012B21D8657B6E1E062E1DD8208859
:101910008DF81F208DF815108DF816308DF81450A5
:10192000E11D062203906088049001A813300FF097
:10193000A9F8A07B032805D8C000054921FA00F0CA
:101940008DF8200001A808F019FB09B0F0BD00BF18
:1019500000020301F8B50020ADF802000DF074F9A3
:1019600010B100200DF018F90FF012FE10F014FE67
:1019700007F0AAFE00200021FEF79CF803F030FCDF
:1019800018B10DF1020003F035FCFDF7E9FC0AF097
:101990002DFB09F0BDFC002602F0B6FF044611A79E
:1019A000042E0ED0BD5D28460CF066F938B12846ED
:1019B0000CF012F90028F6D000F09AF8F3E701369F
:1019C000EEE70FF0C1FA02200EF0F2FA04F050FD3B
:1019D000012808BF04F044FD0A200021FEF76AF840
:1019E0002046F8BD06070809020A0E2A98BF02F031
:1019F0004BBA1220704710B5040A0E2C05D821B13D
:101A00001BB1BDE8104000F081BC122010BD0128C0
:101A100098BF0AF0A5B912207047B0B560B105466D
:101A200010F030FE044600F0BCF995F900001528CE
:101A3000A4BF1420287000E012242046B0BD012865
:101A400005D830B101299CBF002007F0B7BF122094
:101A50007047012007F0B2BF0246FF2802D0012ADA
:101A600005D821B108461146002207F087BE122092
:101A70007047E0B5002000210222ADF8040000907C
:101A8000684607F07BFE8CBD08B108F0F3BD12205C
:101A9000704710B542EA01041223072C88BF1123B6
:101AA000032898BF072C08D818B110F0E9FEC3B27C
:101AB00003E009B1002AF8D11123184610BDB0B5D2
:101AC00005462B200C460AF0CDFB7CB1B5F5706FB6
:101AD00009D2284621460FF073FF04462B200AF056
:101AE000C3FBE0B2B0BD204600F002F81220B0BD4A
:101AF00010B504462C200AF0B5FB20680AF070FBF4
:101B00002168002818BF043908460CF0D9F920468E
:101B10000CF0D6F92C20BDE810400AF0A5BBB0B5FA
:101B2000054600880C46010A0E2984BF3020B0BD4E
:101B3000072884BF0220B0BD94F90000214610F0B0
:101B4000F9FD2846214610F055FA00F024F9284600
:101B5000B0BD0000E0B500218DF807008DF806103B
:101B60008DF805100DF1070110F0E4FD0DF10600F0
:101B70000DF105010CF0F4FD9DF907009DF906102B
:101B8000884203DB9DF90510884201DD11208CBDE0
:101B9000012101220CF0F4FD0449096801EB8000E9
:101BA00090F9030010F090FD8CBD00BF344101207E
:101BB0001CB5044610F06EF828B10DF1070010F0C6
:101BC000D5FD28B11CBD2046FEF724FF00201CBD1A
:101BD0009DF80710A14204D22046FEF71BFF9DF896
:101BE0000710204610F08CF91CBDFDF785BF10B51D
:101BF0000446CE200AF036FB012C01D9122403E062
:101C00002046FDF765FF0446CE200AF02DFB204656
:101C100010BD10B50446FDF7BFFF010605D12046F3
:101C20000CF05EFD002818BF1220C0B210BD0000ED
:101C300001480CF047B900BF2C6E012080B5FDF7BC
:101C4000E5FB002080BD7CB5044600200D46002148
:101C50000A228DF8070020460EF05AFF2846FF2181
:101C600014220EF055FF0DF1060004F007FC9DF85C
:101C70000600A0F10901012905D80721092808BF9C
:101C8000062121700BE00DF1070620462946324659
:101C900010F0FCF920462946324608F007FD0020E6
:101CA0007CBD10B50028044618BF012000F07EF866
:101CB0002046BDE81040FFF743B810B500280446A1
:101CC00018BF012000F072F82046BDE81040FFF771
:101CD0003DB810B50446800703D5072000210BF05E
:101CE000D5FF200703D5082000210BF0CFFFE00728
:101CF00003D0062000210BF0C9FFA00658BF10BD7D
:101D000009200021BDE810400BF0C0BFFFF732B83A
:101D1000FFF74EB8FFF720B8E0B50021ADF8060098
:101D200007288DF8041084BF02208CBD034B01AA44
:101D3000072000210CF05EF88CBD00BFF59E020864
:101D4000FFF744B8B0B5D0E900230225074C8068FE
:101D50000E2B88BFA3F10C056061C4E903250D605B
:101D600001202076BDE8B040FDF7C2BAC43A012098
:101D7000FB2998BF1F2801D91220704780B540EA7F
:101D80000120FDF79DFF002080BDB0FA80F0012109
:101D900040090AF01FBA054694F90000214610F0E8
:101DA000B3BC95F90000294610F0AEBC01210AF041
:101DB00011BA0000F8B50028054618BF01200C46EE
:101DC000012101260AF006FA204602F012FB95F8DE
:101DD0004411814235D9091A4FF0000E0FF2700CF0
:101DE0000A062ED0BEF1090F14D30025022DF7D01C
:101DF000675D0023082B0BD006FA03F23A4205D1A7
:101E0000D2B2013917430A0667551AD00133F1E7F8
:101E10000135EBE71CF80E200425BEF1050F38BF95
:101E20000225BEF1020F0EF1010E38BF012506FAA0
:101E300002F3675D3B4202BF47EA03026255013984
:101E4000CEE70021022838BF1E210846F8BD00BF9A
:101E500001020506070102030400000070B58CB002
:101E6000072819D8344C54F82040ACB110980228F7
:101E700018BF0120A4F83C0102F086FA0AD194F8B8
:101E800030010C280CD8012505FA00F041F2064576
:101E9000284205D03A2500E0022528460CB070BD46
:101EA0000120032984F8AC0008D10920002502F0A4
:101EB00094FAA4F83E510BF03BFEEEE794F83A6139
:101EC00094F83B01CD0784F8A86084F8A90008D1F4
:101ED00084F83E2196420EBF002584F8A8200125F3
:101EE00003E00025324684F83E51890707D4984222
:101EF00084F83F3106D084F8A930184603E0002169
:101F000084F83F118DB10C218DF804208DF8050067
:101F10001622012384F82F1101A8214600F00EF8A3
:101F20000546022084F84201B7E7092002F055FA7D
:101F30000BF0FEFD0025B0E7EC6E01202DE9F04727
:101F40000C462C49804600201F461546002609F005
:101F500091F900284AD08146022D05D1608B00EB13
:101F600080004FEA801A07E023488246FFB1D4F888
:101F7000D400012102F0BAF92220246684F8360147
:101F8000012084F86400D4F8D40008B100270FE0E1
:101F90001A4804F16002002100270CF0CFF9002854
:101FA000C4F8D40018BF012002F0B7F900E00127FF
:101FB000284641464A4608F0FDFD112D18BF0D2D5B
:101FC00005D1204602F0E4F901D00CF04AFBD4F828
:101FD000CC0049462A46FDF731FC064602F0E2F9FC
:101FE00027B9D4F8D40051460CF026FA3046BDE8A3
:101FF000F08700BF446E01200088130035410208BD
:1020000070B507280FD81C46264B53F8205055B101
:1020100095F8460080065CBF1A2070BD95F82F0128
:1020200018B13A2070BD022070BD092085F82F013B
:102030004CBB95F84E30FB20A5F8AE001BB195F8CF
:1020400047301B0704D440F6480340F6480605E035
:102050004FF4747303EB811644F29023A5F8B0306B
:10206000964238BF3246A5F8B4206FF00E0392B204
:1020700003EB920292B28A4238BF1146FB2938BF65
:102080000846A5F8B20028461421012200F00CF8F9
:1020900004B170BD95F85F1141F0010185F85F1141
:1020A00070BD00BFEC6E012080B58CB013460A46AF
:1020B0000146B0F8AE00ADF80400B1F8B000ADF8DC
:1020C0000600B1F8B200ADF80800B1F8B400ADF800
:1020D0000A0001A8FFF732FF0CB080BD2DE9F04FD8
:1020E00085B0044600F1B60A90F84E009346CB88BE
:1020F0008A884E880D8840B194F84700000744F262
:10210000902058BF40F6480001E040F64800B04239
:10211000314638BF0146B6F5A47F38BF4FF4A471ED
:10212000984228BF1846B3F5A47F38BF4FF4A47077
:10213000FB26FB2D28BF35461B231B2D98BF1D46B4
:10214000FB2A38BF16461B2E98BF1E4694F82F2137
:10215000092A04D094F83221002A00F0928094F8E1
:1021600031210F468046012A04BF002284F8312124
:102170000DF10C095146082248460EF083FCB4F8D4
:10218000B4004FF42961B84238BF0746B4F8B00034
:10219000A4F8BE70404538BF8046B4F8AE00A4F83D
:1021A000C280B04238BF0646B4F8B200A4F8B660A8
:1021B000A84238BF0546A4F8BA504FF42960B8F5D4
:1021C000296F88BF414694F83B31A4F8C41094F8B5
:1021D0003A2140F2E245042B4FF4747318BF414694
:1021E000A4F8B81003EB86139BB28B4238BF194694
:1021F000E38A01F596716B4389B2591A38BF002101
:10220000B94228BF3946B1F5296F98BF0146A4F8F5
:10221000C610A4F8C010042A484618BF3946A4F8CE
:10222000BC10082251460EF0A9FC054694F82F0177
:10223000092802D1BBF1140F05D120461521002237
:10224000FFF732FF04E002F07CF8002002F0D4F83F
:102250009DB1D4F8CC00FDF755FB2B480068456BC9
:102260005DB1B4F8B630B4F8BC20B4F8BA10B4F824
:10227000EA00B4F8B8400094A847002005B0BDE8D3
:10228000F08F4FF47472CDF808B0A34602EB8613BA
:102290001FFA83F8404538BF804602EB851087B2AD
:1022A000B94238BF0F466FF00E0101EB970001EB0A
:1022B00098012BF8B20FFC29D9462BF8028C2BF889
:1022C000041C29F8027F24BFFB21A4F8AE10FC28CF
:1022D00024BFFB20ABF8000094F85F01C00708D1D1
:1022E00010F0B4FA01280CD15846494610F0A0FA73
:1022F00007E0B4F8BC00A4F8B400B4F8BA00A4F83D
:10230000B200DDF808B033E7403B01202DE9F04191
:102310008EB0082809D20546404850F8254024B11F
:1023200002F04BF806D0122500E0022528460EB038
:10233000BDE8F0810E4601A900201F46904610F02E
:1023400035FA94F84600C00701D11A25EEE710F0DF
:1023500053FA38B394F82F01072818BF002823D167
:1023600094F82E0180B308203946102284F82A01FF
:1023700004F589700EF086FB04F59170314601F08A
:10238000EFFF072021460A220123A4F8108184F8D8
:102390002F010020FFF7D2FD0546D4F8E0000CF035
:1023A000EBF8C3E71125C1E701F0DDFF04F59170FB
:1023B000314601F0D5FF062029460022A4F81081FD
:1023C00000F02EF80546B1E701F0CDFF03AD314630
:1023D000082201F0D6FF05F110000421ADF820809D
:1023E00002F023FE28B908350821284602F01DFE18
:1023F00008B13A259AE70798294601F0A6FF01F0AF
:10240000C3FF01D0002303E00720012384F82F013C
:1024100003A821460322FFF791FDD3E7EC6E0120CC
:10242000F8B50546114817460E460BF047FDD8B1E2
:10243000044627B1201D394610220EF023FB002050
:10244000668025706061032009F036FF084908683E
:1024500020B1014640690028FBD1143103200C60F3
:1024600009F028FF0020F8BD3A20F8BD246E0120B5
:10247000E86E012010B5044690F82F01072811D10D
:10248000AA20082284F82B0101C901F085FF04F17C
:10249000FC0004F58971024602F086FE044601F054
:1024A00081FF00E00024204610BD70B58CB00D46C1
:1024B000044610F0A1F990B394F83301012836D105
:1024C000AA20072184F82B01204600F035F828695E
:1024D00005F1080101F039FF04F58970294601F082
:1024E0003FFF287D042184F81A01687D84F81B01D0
:1024F00001AD284602F099FD0646C8B90435082109
:10250000284602F092FD064690B901982946082215
:1025100001F042FF01A800262146042204E01A2609
:10252000284621460D222E7001F0FAFE00E000261A
:1025300030460CB070BD000010B50446222084F86F
:102540003601072084F830110121A46684F86C005C
:10255000D4F8DC0001F0CAFE094804F16802002149
:102560000BF0ECFE0028C4F8DC0018BF012001F0DD
:10257000D4FED4F8DC000349BDE810400BF05CBF8A
:102580003541020800881300B0B5054690F83001C7
:10259000A0B995F82E01012810D1002029460B2260
:1025A00000230024FFF7CAFC082085F8300185F8D5
:1025B0002A01D5F8E0000BF0DFFF00E01A242046E6
:1025C000B0BD0000B0B58CB0044690F830010728CB
:1025D00017D10D480068836C23B1B4F8EA0098471E
:1025E00008B90EE006208DF8040001A821460D224E
:1025F00001F0B2FEBB2084F8305184F82E5184F8EB
:102600002B0100200CB0B0BD403B0120014690F8EA
:102610002E01012802D191F82F0108B13A2070470C
:1026200006201222012381F82F010020FFF786BC2B
:10263000BCB5044690F82F01062801D1122905D116
:1026400000202146132201F06BFE17E001F079FE15
:10265000D4F8E000002584F836510BF08DFF01A975
:1026600020460FF01DFB0199D4F8E00049010BF062
:10267000E3FE0A2084F82F5184F874000020BCBDCA
:1026800080B5072817D8194951F8200098B190F85B
:10269000442090F82F1182B191B1002102291BD062
:1026A0004218013192F85221FF2AF7D10844032140
:1026B00080F8511110E0022080BD79B13A2080BD30
:1026C0000421006680F86410032180F82F1100F1C6
:1026D000600102200BF02CFA002080BD032180F85D
:1026E0002F110121BDE8804000F002B8EC6E0120FE
:1026F000B0B58EB005460CA80C4610F045F89DF814
:10270000360029460C2223468DF808000C984FEA23
:102710003040019001A8FFF711FC0EB0B0BD0000E1
:102720007CB5044690F82F010D46032811D101F025
:1027300008FE002001F060FE0F48006806697EB1C7
:10274000B4F8EA1068882B882A7900900020B047F6
:1027500006E094F8440018B920460021FFF7C8FFAE
:10276000287984F844002888A4F840006888A4F8F0
:10277000420000207CBD00BF403B0120B0B58CB0C2
:10278000082811D20D46144951F8204064B101A81F
:10279000002108220EF0BCF994F84E0030B145B982
:1027A00001F0A9FD002005E0022003E001F0ECFDAE
:1027B00002D03A200CB0B0BD04200E2184F82F01C5
:1027C00001F0FBFD08BF08212046012200F006F8B9
:1027D00084F84F50EEE700BFEC6E012070B58CB06E
:1027E0000D46064601A9002014460FF0DFFF9DF8B4
:1027F0000A00092D00F0FE008DF80A0006D196F8B7
:1028000046009DF8041008408DF8040001A83146E8
:102810002A462346FFF792FB0CB070BDB0B50446C4
:102820000E2A08D0092A16D0082A2FD194F833018D
:10283000012803D02AE001F0C0FD27D104F14600B1
:1028400001F08EFD01200921002284F84E0020466F
:10285000FFF7C4FF1AE004F1460001F081FD01F02A
:1028600070FD002C204618BF01200121012509F030
:10287000B1FC94F84F10002084F84E5084F83601D3
:1028800011B184F82F0101E001F035FD0020B0BD49
:10289000B0B58CB007280AD80C46184951F820501A
:1028A0002DB1D5F8C80009F043FC042802D102205C
:1028B0000CB0B0BD95F85F0181071DD440F0020057
:1028C0000D2185F87C40AD6585F85F0195F82F01F5
:1028D00085F85C1010B9052085F82F01002085F8D7
:1028E00036418DF80440294602220123A5F8E8006C
:1028F00001A8FFF723FBDBE70020D9E7EC6E0120FE
:10290000052280F8302190F8332112B990F85E2129
:1029100012B109780FF0FAB9097880F83611D0F8B9
:10292000CC100148FDF72CB82D290208B0B50D4692
:10293000044625B1284608F0CBFC6D68F9E794F809
:1029400036112046BDE8B0400FF0E0B92DE9F04364
:102950008BB0044690F89200012808D094F88300C8
:10296000022804D0B4F8AA00022840F0AB80204628
:1029700004F17C06FEF765F894F89210012920D145
:10298000B4F8E6100F18D4F8CC003946FEF724F856
:10299000B4F8E610E28A3846A4F8947000F094F88F
:1029A000A7676F46814631462C2238460EF06AF8FA
:1029B00038462146002201F0CFFC064684F89250AA
:1029C00076E094F88310022949D1B4F8E610E28A3F
:1029D0000F183846A4F87C7000F076F8A76704F169
:1029E0007E07814638460FF03BFE94F845010128EA
:1029F00010D194F83B0194F8431101420AD03846B3
:102A000001F0F7FC94F84411884203D2204639467D
:102A1000FFF7D0F96F463146082238460EF032F8FB
:102A200038462146012200234FF00008FFF786FABE
:102A3000064694F830010A280ED142F60F202146AE
:102A400011220023ADF800006846FFF777FA06462A
:102A500084F8368184F8308184F8838028E0B4F8E3
:102A6000AA10022921D194F82F110C2903D094F82F
:102A700030110C2919D1B4F8E610E28A04F1A80645
:102A80000844A4F8AA0000F01FF86F4681463146BA
:102A9000062238460DF0F6FF38462146182201F08E
:102AA0005BFC064684F8365102E030264FF0000900
:102AB000D4F8D8004FEA49110BF0BEFC30460BB0F9
:102AC000BDE8F0833026F9E7401A5108504301EB86
:102AD000810100EB80008008A0EB910070470000AE
:102AE00070B58CB008280CD20D464E4951F82040E4
:102AF0003CB101F062FC08D03A26012808BF11263B
:102B000000E0022630460CB070BD94F82F110A295F
:102B100018BF0029F0D104F1840029461022A465D1
:102B20000DF0B0FF94F83A01042803D094F83B016B
:102B300004281BD1B4F8B6204FF47476B4F886108C
:102B400040F2E24006EB8212B4F8C46001FB00F3ED
:102B5000B24238BF164606F6BC32934208D2B2FBE8
:102B6000F0F1A4F88410A4F8861001E0B4F88610FF
:102B7000204600F059F806460028C3D1052084F805
:102B80009800A87B0B283CD1B4F886004FF6FF7163
:102B9000A4F89600A889884230D0B4F89410D4F8EC
:102BA000CC00FDF719FF0646B4F89600E18A814291
:102BB00027D1B4F88800B4F8E810814221D1B4F8E4
:102BC0008A00618B81421CD1DEB194F830010A2861
:102BD0000CD18DF8046001A821460D2201F0A0FB64
:102BE000204650F8D41F09B10BF03BFD002084F8BB
:102BF000300184F8920001F0FFFB83E70020A4F885
:102C000090002046022100F063F894F8300101287A
:102C10001CBF012084F82F010120002684F89200B7
:102C200070E700BFEC6E0120B0B5002849D0264AFD
:102C3000264B4FF47474B0F8C45012689B681A4461
:102C4000C2EB421303EB9202B0F8B63004EB8313ED
:102C5000AB4238BF1D46B0F8BA302A4404EB8314A7
:102C6000B0F8C0309C4228BF1C46144404F19605BD
:102C700040F2E2444C43B0F8C610AC4202D2B3F585
:102C8000296F01D899421AD0A21A4FF42963A2F5EC
:102C90009672B2F5296F98BF1A468A4228BF0A4633
:102CA000A0F8BE20B2F5296F88BF134690F83A11FC
:102CB000A0F8C030042918BF1346A0F8BC3000208B
:102CC000B0BD0220B0BD00BF84010020C43A012085
:102CD00010B5044680F85C1090F83301013818BF35
:102CE000282084F836010121A465D4F8D80001F029
:102CF000FDFA084804F1580200210BF01FFB0028E0
:102D0000C4F8D80018BF01200121BDE8104009F027
:102D100061BA00BF35410208F8B50E46B0F8E610BA
:102D20000446378BB94288BF07F58037C28A3846D8
:102D3000FFF7CAFE054694F83001A7670A2805D1B7
:102D4000204601F025FB01D00BF08BFC94F82F01FD
:102D50000A2804BF04F1D4000BF083FC94F833017B
:102D600001280FD1B4F8E600381A00B2022803DBBC
:102D700047F6FF71884208D12046282128250EF009
:102D8000C5FF00E000252846F8BD20460221FFF7D8
:102D90009FFF04F17C0031462C220DF073FE94F865
:102DA0002F010A2806D10B2084F89200012084F814
:102DB0002F0102E0012084F8300100206901A4F80D
:102DC000E800D4F8D8000BF037FBB4F89610204692
:102DD000BDE8F840FFF728BF70B58CB0082817D2BF
:102DE0000D46414951F8204094B1AA8869880132C2
:102DF0005143EA88D200B2EB410F0DD994F8461046
:102E000089070BD494F8331101290FD11A2500E05A
:102E1000022528460CB070BD1225FAE701F0B4FA7D
:102E200002D1D4F8D80038B13A25F2E729460CB0DF
:102E3000BDE87040FFF754BE04F18400294610221B
:102E40000DF020FEB4F8E60004F17C060A30A4F888
:102E50009400A87B0B2816D14FF6FF7000250A219D
:102E6000FF22A4F8900004F19A0084F89850DDF74E
:102E7000B4F9B4F8860084F8A450A4F89600D4F805
:102E8000CC00FDF7B1FD0A2031462C2284F82F0139
:102E900001AD01F076FA284621460F220123FFF703
:102EA0004DF8054694F83301012819D00028B0D117
:102EB00094F830010A2818BF0128AAD142F20F3035
:102EC0002146112200230026ADF8040001A8FFF7D7
:102ED00035F884F8366184F8306184F8926098E7B8
:102EE00001F066FA054694E7EC6E01207CB50446D5
:102EF0007C302C220D460DF0C5FDB4F88600E18A29
:102F000081420DD1B4F88800B4F8E810814207D1AD
:102F1000B4F88A00618B814202D194F8A400A0B376
:102F200020460A21FFF708FB688929891E2681426D
:102F300024D8AA8992087C2A20D88A1F40F67A4190
:102F40008A421BD80638884218D8E88940F676416C
:102F50000A38884212D812480068066B6EB10A20FF
:102F600084F83001B4F8EA00AB896A892989ED89CF
:102F70000095B047064608B910E01A26B4F8EA00F2
:102F8000F1B200F00FF830467CBD0A2004F1840154
:102F900084F83001B4F8EA0000F02CF80026F2E7DB
:102FA000403B0120B0B58CB008281CD2104A8DF8E7
:102FB000051052F820500F208DF804009DB101A893
:102FC0002946112200230024FEF7B8FF284601F00D
:102FD000DFF901D00BF045FB85F8364185F830412B
:102FE00085F8924000E0022420460CB0B0BD00BF3E
:102FF000EC6E0120B0B58CB008282FD20D462049C8
:1030000051F8204054B3A988688801314843E988C1
:1030100001EB81014900B1EB400F22D9204601F0BC
:10302000B7F901D00BF01DFB01F0C7F91BD0002050
:1030300004F17C012C2284F898006888A4F88600AA
:103040002888A4F8840001AD01F09BF928462146A8
:10305000102201F065F901F0ABF900E002200CB09C
:10306000B0BD1220FBE70B202946A873B4F89000EE
:10307000A881B4F8EA000CB0BDE8B040FFF730BD5D
:10308000EC6E012010B5044690F83301012804BF0E
:10309000112010BD60B901F077F90BD004F5A970CB
:1030A0000021022904D0425CFF2A10D00131F8E748
:1030B0003A2010BD20460321FFF70AFE002002211E
:1030C00084F8360184F82F1184F8831010BD60183D
:1030D000022280F852210020022908BF3A2010BDA8
:1030E000B0B5064D0024082C04BF2820B0BD55F80B
:1030F000240008B1FFF7C6FF0134F4E7EC6E0120AD
:10310000F8B5044690F83301012857D1B4F8E60029
:103110000D460988081A00B2022803DB47F6FF7142
:10312000884209D194F83801012801D1002604E031
:1031300020462821282514E0012694F8450101287D
:1031400012D194F83A0194F8431101420CD0A81C12
:1031500001F04FF994F84411884205D220461A2113
:103160001A250EF0D3FD2AE016B3B4F8E6102E8827
:10317000B14288BF06F58036E28A3046FFF7A4FCEC
:10318000074604F17C0029460822A6670DF07AFC68
:1031900020460321FFF79CFD02200025790184F8D9
:1031A0003001D4F8D800A4F8E8500BF045F906E057
:1031B00004F13000A91C05220DF064FC002528460E
:1031C000F8BD00002DE9F84300280D460646B0F88A
:1031D000EA9018BF0120984617460121012408F003
:1031E000F9FF35B927B13C78002C18BF012400E065
:1031F0000024204601F091F83878002800F00F8173
:1032000096F82F11012908D096F83001012804D032
:10321000022918BF052940F0948096F85C213D2AC8
:1032200004D196F85D013D2800F0F78006F5AE70F8
:10323000012903D096F83031012B03D152B196F811
:103240005D316BB1052907D002292FD1012A0FD199
:10325000002112E0002104E0022A14D1002117E02D
:10326000012101F060F800F0D8800BF0FAF9D4E009
:1032700096F85D31012B19D101213D22425496204F
:1032800086F83601C9E096F85D31022B0ED1012196
:103290003D22425496F87C00062830461ABF16217B
:1032A00086F87C1006210EF031FDB6E096F830313C
:1032B000082B0ED0072B20D196F82E11022956D0BC
:1032C000012958D0002940F0A880042A77D1002194
:1032D0007AE0002300240B2A04D096F85D410B2CE1
:1032E0000BD101243D2186F82E310155072086F8A7
:1032F0003001AA2086F82B018FE00D292FD00C2950
:1033000031D0072957D196F82E11032940F0858036
:1033100000210B2A4FF0000204D096F85D210B2A01
:103320007BD101223D2386F82E1106F5917183543D
:10333000B6F81021B6F8EA0006F58973FEF7E6FF45
:103340006BE0072818BF07293FF467AF0C2918BFA7
:1033500008283FF462AF0D293FF45FAF5DE0192A02
:103360000DD1002110E0182A15D1002118E0052AFE
:1033700034D1002137E0062A3BD100213EE096F807
:103380005D11192917D1012100F0CDFF45D0002191
:1033900086F82F1169E796F85D1118290BD10121E4
:1033A0003D224254B6F8AA0000287FF468AF0020FE
:1033B00086F82F0163E7002000F0AFFF2DE096F8BC
:1033C0005D11042929D101213D224254B6F81A2168
:1033D00006F589713046FFF7F5F81EE096F85D11A5
:1033E00005291AD101213D224254012086F82E01DF
:1033F00013E096F85D1106290FD101213D224254B8
:1034000096F8330110B9304600F040FED6F8CC00F3
:10341000FCF7EEF9002086F83001002038706DB11D
:10342000084850F82900B04203D0284607F050FF62
:1034300004E030462946424600F006F80020BDE888
:10344000F88300BFEC6E01202DE9F0419AB00546EB
:10345000002090460C4600212C220D9003208DF870
:10346000070002A80DF054FB608921680144087927
:1034700011288DF8380002D14F79112104E03C2841
:1034800000F25D80002701460FF6B412515CA2895C
:10349000043A8A4253D10EA90DF1070002AA23462D
:1034A00007F042FD95F82F11072904D095F8302137
:1034B000073A012A0ED89DF83820D31E042B09D3D1
:1034C000112A00F29F80012303FA02F2C24B1A4232
:1034D00000F0988000283DD095F8303123B10929BB
:1034E00018BF102940F06A809DF838201E2A00F28B
:1034F0001783DFE812F0220127012C013101360188
:103500003B014D0175011F001F00A001A401B00186
:10351000B5011F00D901DE01EF018E008E0093007E
:103520009300A0001E022A02EE00150315031503E6
:103530004B02570202A92846FFF770F962E18DF8A5
:10354000080002A82946072200F0EAFE5AE11AB054
:10355000BDE8F0819DF838201E2ABDD8DFE812F0C2
:10356000280232021F003902550266001F0059026C
:103570008402740289028E0299021F009D02A20237
:10358000B8021F002000780220007C02BF02CC029B
:10359000D30266001F001F001F00200080029BE76F
:1035A00095F83031002B3FF497AF23208DF80900B8
:1035B0008DF8082002A829461122C5E70C2B06D851
:1035C000012241F282469A4032427FF48DAF9DF84B
:1035D0003820112A07D8012606FA02FC7F4E1CEA81
:1035E000060F7FF483AF0F293FF480AF0129014616
:1035F00008BF23218DF808200F2A18BF01468DF837
:103600000910D7E795F82B01AA280CD128463D21AF
:103610006FE228461146FFF70BF8F3E002A92846AF
:10362000FEF75CFDEEE0C5F80C4190E700F0A5FE6A
:103630007FF452AF74E20C2085F8300195F83E011A
:1036400010B195F83F1151B90DF13B000DF13A0160
:103650000DF139020FF024F995F83E0108B18DF80B
:103660003A0095F83F0108B18DF8390000F081FE6D
:1036700010D19DF83A00029985F8A8009DF839000C
:1036800085F8A900284600F08FFD284600F0CBFD04
:1036900095F83301012840F0B5809DF83A009DF877
:1036A00009101722002385F8A9008DF83C009DF829
:1036B000390085F8A81029468DF83D000FA8FEF7BF
:1036C0003DFC28460C21FEF737FF032085F8420118
:1036D00098E000F04EFE40F09580002085F836011D
:1036E0009DF80900263810F1240FC0F08B809DF85A
:1036F0000800002800F08680072800F28380BDF8CB
:103700000800002185F89210012185F84511010A71
:1037100085F8430185F8441195F83B1108400006EF
:1037200070D005F1300000F064FE9DF80910884269
:1037300068D22846FFF7A6FC64E002A92846FFF7F6
:10374000EBFA5FE002A92846FFF7DAFC5AE002A98B
:103750002846FFF7D5F855E002A92846FEF7A5FE52
:1037600050E002A92846FEF785FE4BE0072949D123
:103770000120294606220023002685F82E01BB20C1
:1037800085F82B010020FEF7D9FBC5E93D6639E03D
:10379000072B40F0C881284600F0FAFD01D00AF05E
:1037A00060FF0020294606220023C5E93D080020CD
:1037B000FEF7C4FBDFF8C80695F82A11006808294F
:1037C00040F0CC81026C002A00F0DE81B5F8EA10EE
:1037D00000209047D8E100BF042C020084000200C2
:1037E0009DF80810A1F10E00082800F2D181DFE851
:1037F00010F00D003802090009006202090065029C
:1038000009007002204607F063FDA0E600F06AFDA3
:1038100000F07DFD95F84F000028F3D1DFF8600639
:1038200000684369002BEDD0B5F8EA1005F14602B7
:103830001A209847E6E72846FEF7A6FEE2E70729A2
:10384000E0D1032029460B2285F82E01AA2085F815
:103850002B01002078E602A92846FEF761FFD1E798
:10386000092918BF0729CDD100F03CFD95F82F019B
:10387000002685F83661072813D1DFF804060068B2
:10388000C36B2BB1B5F8EA109DF8080000229847E9
:103890002846BB2250F8E01F80F84B2009B10AF0FF
:1038A000E0FE85F82F61ADE702A92846FFF71EFB71
:1038B000A8E700F05EFDA5D10A2904D100F012FDB1
:1038C000002085F82F01B5F8EA0005F18401FFF723
:1038D00091FB97E7032F00F06281162F00F07481AF
:1038E000102F00F083810F2F08BF0A297FF48AAFC1
:1038F00000F0F8FC002095F8331185F8360185F8C2
:103900002F019DF809001A2808BF002900F03B820A
:10391000012940F08381B5F8C610B5F8C0208A426D
:1039200000F07C81A5F8BE10A5F8C010A5F8BC1069
:1039300074E100F01EFD7FF465AF0299284600F0A7
:1039400033FC284600F06FFC5CE795F83301012852
:103950007FF458AF284600F01BFD01D00AF081FE2D
:10396000284650F8D41F09B10AF07BFE9DF80800E4
:10397000032808D09DF80910032904D0042898BF13
:103980000529C0F00C8228461E21B2E002A9284673
:1039900000F08CFC0FAE30460EF0E8FE30462946B3
:1039A0001E22D1E502AA2846002100F0D1FB29E71A
:1039B00000F0C3FC00F0B48095F830310A2B40F0E1
:1039C000A980AAE000F0B9FC00F0AA8095F8303197
:1039D000A0E095F830C1BCF1070F04D195F82A3169
:1039E000082B40F08480BCF1070318BF0123BCF111
:1039F000000F18BF4FF0010C1CEA030F7FF4D5AD88
:103A000000F09BFC7FF468ADCFE500F0B6FC3CD144
:103A100086E09DF808C0ACF10E0EBEF10F0F00F26B
:103A2000A981DFE81EF011005800100010001500F9
:103A30001000190010006C00100010001000B701F9
:103A4000100010001D0047E504293FF445ADACE52A
:103A500006293FF441ADA8E509293FF43DADA4E5B1
:103A600010293FF439ADA0E500F067FC7FF498AD74
:103A700056E000F062FC7FF42FAD51E000F07DFCD9
:103A800000F0DA80002B7FF427AD07293FF424AD46
:103A90008BE503293FF420AD82E500F06EFC7FF456
:103AA0007FAD3DE095F83031002B7FF47EAD0129EC
:103AB0003FF47BAD022900F0D2800A293FF4A0AF89
:103AC00000F03BFC7FF408AD0C2900F0C88003E552
:103AD00000F053FC24D00A293FF4FEAC65E595F8CC
:103AE0003031002B00F0AE800C2B7FF45EAD284609
:103AF00024210EF00BF985E600F03FFC10D00C29D4
:103B00003FF4EAAC51E500F018FC09D095F83031EB
:103B10000C2B02D0002B7FF448ADD5F8D83041E50E
:103B20008DF808200DE5072940F0158100F0DAFB3B
:103B3000002095F82A1185F836010120C5E93D08D5
:103B4000CF480829006840F0D680026C002A00F0B7
:103B5000E880B5F8EA1000209047E2E0C36B0BB1B3
:103B600000F042FC0520012185F83601D5F8E0007F
:103B700000F0BCFBC34800F02BFC0028C5F8E000B7
:103B800018BF012000F0C9FB072085F82A01E2E0F8
:103B90001D297FF437AE28461A21002205E70729A0
:103BA0007FF430AE00F09EFB00F0B1FBB44800683B
:103BB000C36B2BB1B5F8EA109DF8090000229847B5
:103BC000BB2085F82B011DE60C297FF41BAE00F00D
:103BD00089FB002095F83A1195F83B219DF80930B2
:103BE00085F82F0128460EF0EBF90BE60A2B7FF43F
:103BF00009AE0C293FF406AE05F1DC000AF031FDF8
:103C0000002085F8360185F830019DF809001A2852
:103C100004D195F83311002900F0B580984909685E
:103C2000CE6A002E3FF4EEADB5F8E830B5F8EA10F4
:103C3000EA8A6D8B00953CE095F83031072B3FF414
:103C40004BACB2E400F079FB7FF446AC4B1E022B88
:103C500005D30C293FF4A9AC0A297FF43DAC2A20F6
:103C6000A4E495F8460000F0FD0085F8460000F059
:103C700039FB00F04CFB00F07CFB00F08480B5F8D1
:103C8000C600B5F8C010814205D0A5F8BE00A5F861
:103C9000C000A5F8BC007A480068C66A002E3FF450
:103CA000B1ADB5F8E830B5F8EA10688BEA8A009053
:103CB0001A20B047A6E528460721ACE495F846004F
:103CC00000F0DF0085F8460000F00CFB00F01FFB61
:103CD00098E500F007FB95F8AC00002685F82F6109
:103CE000012805D100F06DFB0EF06AF985F8AC6093
:103CF00085F8426186E5C36B0BB100F075FB0520CA
:103D0000012185F83601D5F8E00000F0EFFA5D48B2
:103D100000F05EFB0028C5F8E00018BF012000F0AD
:103D2000FCFA002085F82F01072085F82A0100F011
:103D300020FB02D1284600F0A9F9D5F8CC00FBF70A
:103D400057FDD5F80C1131B128464246FFF77CFBF0
:103D50000020C5F80C01D5F8E0000AF00DFC0DA913
:103D600028460DF09DFF0D99D5F8E00049010AF0B5
:103D700063FB47E5BCF1230F7FF4AEAB15293FF49D
:103D8000ABABFFF712BCB5F8EA0005F18401FEF712
:103D9000A7FE37E50F293FF49FABFFF706BC0843AA
:103DA0001BD195F8AC00012806D100F00AFB0026D3
:103DB0000EF006F985F8AC6095F82F010C2804BFC9
:103DC000002085F82F0195F830010C2804BF002051
:103DD00085F830010020FFF779BCB5F8E670BDF832
:103DE0000A60B74288BF06F58036EA8A304639460F
:103DF000FEF76AFE8046F01B00B2022803DB47F69E
:103E0000FF71884202D12846282172E628460821FF
:103E1000FEF75EFF01209DF80910A5F8AA6085F85D
:103E200042010020A5F8E8009DF8080085F8A810D8
:103E30004FEA481185F8A900D5F8D80097E700BFE8
:103E40000C0802170D0101020909010106020918F7
:103E500018030101090903030503020123020224D7
:103E60000910040405050B0B040B2B1B1B151A1A58
:103E70001C021D16130501490D150508060000005A
:103E8000403B01203541020870B58CB007281BD893
:103E9000294A52F82040BCB194F83021072A13D1A6
:103EA000A9B104F58975102200F06BFA04F1FC0049
:103EB0002946024601F078F90021B0FA80F0052584
:103EC000C4E93D1146091FE002200CB070BD94F812
:103ED0002A11082903D10621FEF7DAFC2AE094F81A
:103EE000460040074FF0060051BF0D258DF8050034
:103EF00011250320002607218DF8040084F82E6187
:103F000084F8306184F82A1108F0D8F901A8214614
:103F10002A4600F005FA16B1022084F82E01BB20D3
:103F20000D2D84F82B0103D1D4F8CC00FBF760FCF5
:103F300008F0C6F90020C8E7EC6E0120B0B58CB0DF
:103F400008280CD20D46204951F82040002000904E
:103F50002CB194F84900400704D41A2000E0022054
:103F60000CB0B0BD68460AF0C1FCD4F8481171B17C
:103F7000009809F05FFDC0EB401101EB9000134980
:103F8000884204D8432008F071F90C20E8E700F0DB
:103F9000FBF901D03A20E3E7102104F5A4708DF875
:103FA000045084F82F110A490A7801320A700AF085
:103FB0009DFC002021461D220123A4F84C0101A8EC
:103FC000FDF7BCFFCCE700BFEC6E01203F420F00C5
:103FD000E16E0120BCB50446408807289ABF2A49F3
:103FE00051F8205000252846002D18BF012000F070
:103FF00094F92078082811D8DFE800F0050A101598
:104000001E242D393F006088BDE8BC40FEF738BB58
:1040100021796088BDE8BC40FEF7B0BB002000F00D
:104020007CF90020BCBDE288A1886088002302B032
:10403000BDE8B040FDF7E4BF21796088BDE8BC4031
:10404000FFF77CBF608821796279A379E4790094D5
:10405000FDF704FFBCBDB5F81021608805F591712E
:1040600005F5897302B0BDE8B040FEF74FB960882E
:10407000211DBDE8BC40FEF7BDBF6088211DBDE825
:10408000BC40FEF7A9BE00BFEC6E01202DE9F04157
:104090000446D0F8CC00C66F032008F00DF90120CB
:1040A0002349E6B1B27B920709D5728933681A4475
:1040B0001579182D03D800FA05F20A4201D1766865
:1040C000EFE720460121FCF7BCFCB4F8E67080461F
:1040D000182D06D0012D06D03DB909250AE01F2470
:1040E00020E0022506E0052504E00020012100254E
:1040F00008F070F8306847442844390A477130683E
:1041000028448171D4F8D8000AF036FAB4F8E610E1
:10411000B8B2E28AFEF7D8FC4101D4F8D8000AF020
:104120008BF90024032008F0C5F82046BDE8F08193
:104130000300000110B50446612008F093F8022046
:10414000214609F0F5FC6120BDE8104008F08CB86C
:1041500070B50446D43016460D460AF082FA0020A7
:104160001A2D84F8360184F82F0109D01DB9204694
:10417000314600F09BF828460DF096FE002070BDF9
:1041800008480068436823B1B4F8EA1011200022FF
:10419000984794F8490000F0FB0084F849001A2081
:1041A00070BD00BF403B0120B0B581EA112590F8F9
:1041B000A82090F8A930C1F307242D0608D1042CBB
:1041C00006D80125A54015F0160F18BF9A4224D134
:1041D000194022400DD0D3074FF0010308BF04233C
:1041E000920748BF022390F83A219A1A18BF1A463C
:1041F00000E0002280F8A82069B1CA074FF0010250
:1042000008BF0422890748BF022290F83B11511AC7
:1042100018BF114604E0002102E0002180F8A81038
:1042200080F8A910B0BD70B58CB0044650F8D41F0A
:1042300009B10AF016FA214611F8A80F10B994F83E
:10424000A90058B102200821A4F8AA002046FEF7D0
:104250003FFD012084F842010CB070BD002606220B
:1042600084F84261A4F8AA6001AD00F08AF82846FB
:104270002146182200F054F894F8AC00012809D126
:1042800094F83A1194F83B21204600230DF098FE53
:1042900084F8AC6094F830010C2804BF002084F846
:1042A0003001002084F83601D6E7000010B590F800
:1042B00033314FF49A72012B08BF2122845C0B78B2
:1042C0009C4218BF8354064A1268536833B10A7877
:1042D000B0F8EA100020BDE81040184710BD00BF3C
:1042E000403B012005F1D4000AF0BBB9B0FA80F0E0
:1042F000400907F06FBF052004F16001246684F8CF
:104300006400042084F82F01022009F011BC002071
:1043100085F8360185F82F017047012107F05ABF53
:104320000023FDF70BBE3D2242543046962250F842
:10433000D41F002980F86220704795F83331002B94
:10434000704704F1D4000AF08CB90822C4F8EC00DC
:1043500004F1FC000CF096BB00230025FDF7EEBD38
:1043600008220CF08FBB04F58970394610220CF03E
:1043700089BB95F833010028704795F83331012B3C
:10438000704728460CF07EBB94F82F010028704738
:1043900050F8DC1F00297047C4F8F00004F5827063
:1043A0000CF070BBB0FA80F00121400907F012BF99
:1043B000B4F884102046FEF737BC94F83301002887
:1043C000704795F83A1195F83B212846002370472D
:1043D00005F17002002109F0B1BF04F1600124660B
:1043E00084F8640002207047B5F8EA10002001222A
:1043F0001847052107F0AEBE84F8360184F82F0176
:10440000704700007CB50020334C344D8DF8070018
:10441000D4F8380440F00800C4F83804D5E9140191
:1044200003F031F817D0D5E9140180F020000843DB
:1044300011D0D5E9140180F0400008430BD0D5E934
:10444000140180F40030084305D0D5E9140180F44C
:104450008020084301D100F043F8D5E9140100267B
:1044600081F0400108434FF000002CD0012085F876
:10447000606085F86800FBF72FFC08F0F5F801286C
:1044800011D100204FF488610122002303F01FF8AE
:10449000C8B9206840F001002060206820F00100C9
:1044A000206008F0B7F90BF045F895F86100022894
:1044B00004D0012806D100F02BF803E00DF107002D
:1044C00000F062F9002085F86860D4F8381421F013
:1044D0000801C4F838147CBD44040248A03B012004
:1044E00080B51C2007F0BEFE07480021C16380F89C
:1044F00060100648016841F0010101601C20BDE820
:10450000804007F0B1BE00BFA03B01200404024878
:104510002DE9F04F89B007F0D1FE924EDFF84892B6
:10452000924FD6F8080400F01F0499F861000128A2
:104530000BD1F86C000708D58D480021017020468A
:1045400001F0B6FF8B4802218170F86C400740F102
:10455000038187480021042C0170306820F001009D
:10456000306052D0172C18BF0D2C02D14FF0000A2A
:104570004DE0062C40F0E880DFF8FCB17F499BF865
:104580003B50042D07D17E480425C08B0843C078DA
:10459000000758BF0325022007F00CFEF06DDBE991
:1045A00003120DF118084FF0000ACDE90612754903
:1045B000BBF81820ADF81CA031F815101144BBF859
:1045C000102010440122411A404609F06DF999F873
:1045D0005D00D9F810109BF83A302A46CDE9000169
:1045E00004A9404603F016FCD9F8140063494FF6BD
:1045F000FF720844C1689143BDF810201144C160A6
:1046000099F84D00012802D09EE04FF0010ADFF832
:1046100070815A4D281DB8F81E100A5802F00F0379
:104620000A58D2B2022B04D3052B46D0062B40F0F9
:104630008B80681881680691C06880B2079099F8ED
:104640004D00002800F080800120C2F380130DF19E
:104650000F0104AACDE90021A04006AA002105F01F
:1046600031F989F8400001388AF0010118BF0120B2
:10467000084306D198F81200C0F38100013008F019
:10468000E1FF04984FF6FF713860D6F820048843A4
:10469000BDF814100844C6F82004D9E9140180F0CC
:1046A0002000084350D0B8F81C00284441689DF809
:1046B0000F2062F38611416046E005F108030E58B1
:1046C0004FEA921C05F1100EC858F609069005F144
:1046D0000C000A5892B207920A58120C049251F830
:1046E0000E40B8F81C100594294309688AB2A9182D
:1046F0004D6866F386150CF001064D604D6825F097
:10470000800545EAC6154D60ADF81240D558049EA7
:10471000ADB245EA0645D5504FF6FF751358AB4389
:10472000250C43EA16431350135863F30F04145037
:10473000069842F80E004869BDF81C206FF30F0080
:1047400010444861ADF81450386D40F004003865ED
:10475000386D20F00400386507F0B2FD09B0BDE8FF
:10476000F08F00BF04040248A03B01202808024843
:10477000C8410120D24101204041012000000248EF
:104780009C41012096D204082DE9FC478046002078
:104790004E4F4D4C4E4ECDE90000D4F8009838787D
:1047A000012825D1386A18216D46B2460090494843
:1047B000807C10F00C0F08BF0B212846052209F061
:1047C00073F807F11C0630460AF090F8F96928469C
:1047D00009F00CF90028F6D400204FF6FF72564677
:1047E000CAF80400DAF800109143CAF800103870D3
:1047F00098F8000009F01F05D8B3206820F00100E8
:104800002060206840F080002060206820F0800058
:1048100020601B2007F02AFD2F4800240470402050
:10482000C7E914401A2D4FF0000038BF012002F0F4
:10483000AFFD2A4887F8604050F82500804788F887
:104840000040D7E9140181F04001084303D1012061
:10485000002108F0DBF9D7E9140181F04001084399
:1048600003D1002000210BF02FFBB06D20F00800D9
:10487000B06597F86100022809D1306D000709D5AD
:10488000154800210170284601F012FE02E014488C
:10489000002181701048007811484078012810D11B
:1048A00097F8680068B90120F8F7F6FF002009F0D2
:1048B000E3F918B1002009F02DFAF7E70020F8F726
:1048C000EBFFBDE8FC8700BF0C000248A03B0120C5
:1048D000240802489C410120C9410120A0D20408BB
:1048E000D24101200649012881F84D0005490A6896
:1048F00022F4004218BF02F500420A60704700BF70
:10490000A03B0120400802482DE9F843474EB76C10
:1049100007F0D4FCF06E4649756E894648B1002018
:10492000A6F86A0006F16C0009F09BFE0446002818
:1049300071D106F130000021402200244FF04008E0
:104940000CF0E6F80C20C6E9144800210822756630
:1049500086F85E4086F86040B46586F84D40B764DE
:1049600086F85C00334880F8504006F124000CF0D3
:10497000CFF87F2086F828002F48816D29B1583064
:1049800009F06FFE002008F0C7FC4FF0FF302C4FFD
:104990002C4DC9F80000D9F8000020F00400C9F837
:1049A0000000D9F8000020F00800C9F800002348F2
:1049B000395821F010013950786B40F40040786389
:1049C000386820F080503860786940F40050786191
:1049D000785920F01800785100F03AF80446D0B920
:1049E000A846194D00200024A8470120A84702200E
:1049F000A8470320A8470420A8470520A84757F840
:104A000008004FF6FF7120F0010047F808000F483A
:104A1000748074600160D9F8180020F08040C9F8F3
:104A2000180007F04DFC2046BDE8F883A03B0120AC
:104A30007C08024840410120443B01203CFCFFFF30
:104A40000C0802485CFCFFFF0D4B02089C01002093
:104A5000F0B587B00AF0F8F818B102F00AFD0C249E
:104A60004DE06E2000240321ADF812006420ADF863
:104A700006408DF81540ADF810005A20ADF80E0034
:104A80004620ADF80C002820ADF80A001E20ADF835
:104A9000080006208DF81B0005208DF81A00042060
:104AA0008DF8190003208DF8180002208DF81700EA
:104AB00001208DF8160001200BF006FA11490DF1C6
:104AC000150C114A0DF1060E072C13D01CF80450DA
:104AD000013405EB450651F8267001EB8606D6E950
:104AE0000136B8583EF815509843B5402B4018444D
:104AF000B850E9E70020032100240BF0E5F9204637
:104B000007B0F0BD08D3040800000248B0B5104A51
:104B1000012352F8201002EB80000E4A4068490839
:104B20004008814228BFB0BD1F2906D803FA01F40E
:104B3000156825EA0404146007E0A1F12004556813
:104B400003FA04F425EA040454600131E9E700BFE4
:104B50005CD30408F8810248F0B500220023052A3E
:104B60000DD08C180025247A082D06D024FA05F6DD
:104B7000F60718BF01330135F6E70132EFE7027897
:104B8000847822442524B2FBF4F505FB142401EBC0
:104B9000D4054470047004F007022D7AD540ED0767
:104BA00030D1DBB2E4B24FF0010C4FF0000E002622
:104BB000B4FBF3F505FB134343700133BEF1040F5F
:104BC0001BD8BCF1000F18D001EB0E02177A00229F
:104BD000082A0AD027FA02F5DCB2ED0718BF013621
:104BE000F5B2AC4203D00132F2E7082202E04FF006
:104BF000000C1E460EF1010EE0E702EBCE01A1F122
:104C000008044470E0B2F0BD2DE9FF410646A9203A
:104C100090460D4607F026FB0120042101240BF0ED
:104C200053F92448244F0522395864F302013950BE
:104C300006F1080102A80BF025FF029802220123C9
:104C4000F860B8680399400960F35F11B96040F6F5
:104C5000740170683860B8686FF3541040EA45100A
:104C6000B860786840F400007860B86940F00100EE
:104C7000B86102F0C0FB054680B9786A40F00200D6
:104C80007862786A20F0020078627868C0F3C52004
:104C900088F80000B86920F00100B8610020042104
:104CA0000BF012F9A92007F0DFFA284604B0BDE89E
:104CB000F08100BF2CFCFFFF540802482DE9F04FA3
:104CC00087B03E4D994617468A468346AC8F6E8F15
:104CD00007F0F4FA09F0B8FF18B102F0CAFB0C248F
:104CE00065E00AF071FD8046052803D10AF0D0FD89
:104CF00002F044FB95F8380004280CD102A946EADA
:104D000004400DF11B020DF11A0302F0C0FB02F08A
:104D100097FB2B494874022009F06CFF04460028D9
:104D200045D1FFF795FE0446002840D1012002F04E
:104D3000C1FB244D4FF6FF7155F8080C6BF30200D0
:104D400045F8080CE8687A7988433979084440EADC
:104D50000220E86038787978BA78FB7802F02FFB87
:104D60002861E8686AF31040E860286840F0800035
:104D7000286002F040FBB0B9B9F1000F04D02868F8
:104D8000C0F3062089F80000286820F08000286021
:104D9000A86B40F00100A863A86B20F00100A86395
:104DA000404609F027FF0446002002F083FB07F08D
:104DB00087FA204607B0BDE8F08F00BF40410120D0
:104DC0009C410120400802482DE9F04F87B09846E9
:104DD0009246894680B1744F744E4FF0FF31B7F858
:104DE0003CB030687C8F07F06DFA09F02DFF48B3B6
:104DF00002F03FFB0C278AE06F49DDF840C051F814
:104E0000292001EB8901496850084B08B0EB510F8C
:104E10001C466A4988BF5408D1F8F871D1F8FC6182
:104E20008E460121984276D232460546202834BF6C
:104E30003A46203D01FA05F562EA050201326CD1DD
:104E40000130EFE70AF024FD02F098FA0AF0BCFC0A
:104E50000546052803D10AF01BFD02F08FFA97F8EA
:104E6000380004280CD102A944EA0B400DF11B02C2
:104E70000DF11A0302F00BFB02F0E2FA4C49487400
:104E8000022009F0B7FE0746002840D1FFF7E0FDF9
:104E90000746E0BB012002F00DFB464C4FF6FF71C8
:104EA000206869F302002060606998F80520884353
:104EB00098F80410084440EA0220606198F8000065
:104EC00098F8011098F8022098F8033002F077FA69
:104ED000A06160696AF310406061606B40F002009D
:104EE000606302F088FA70B9206C40F00100206421
:104EF000206C20F001002064606B20F002006063F1
:104F0000284609F077FE0746002002F0D3FA306801
:104F100007F0DEF944E020460BE04FF4FE71202854
:104F2000744638BF4FF4FC715EF801202A434EF8F6
:104F30000120984203D102F04DFA072730E0B9F181
:104F4000060F02D1BCF1000F08D1B9F1040F18BF50
:104F5000B9F1030F05D1BCF1000F02D041008CF86C
:104F6000001098F8001098F8012098F8023098F88E
:104F70000340BAF1010F41EA022141EA034141EA4B
:104F800004614EF830100EEBC00098F8041098F849
:104F9000052041EA022108BF01F580314160002768
:104FA000384607B0BDE8F08F40410120585001203D
:104FB0009C410120380802485CD304080080024864
:104FC000BCB50C46054601A8012107F022F9022DC7
:104FD0000CD0032D13D0042D1DD105200199B1FB58
:104FE000F0F000EB8000081A2D3011E00F2001993D
:104FF000B1FBF0F0C0EB0010081A143008E00A20F2
:105000000199B1FBF0F000EB8000A1EB40002330F0
:105010000025019001E01F250198C0B200F00AF8B8
:105020000198400020602846BCBD80B507F0F1F82B
:10503000002080BDB0F1200138BF01460122C9B275
:1050400002FA01F1054A043220283CBF48F2F81266
:10505000C4F602021068884310607047F881024865
:10506000024951F82000C0F34340704704800248D1
:1050700070B50C4B062805D153F82100D24362F3DA
:1050800014500CE00125C0F1130053F8214005FA3B
:1050900000F625EA0202B44302FA00F0204343F886
:1050A000210070BD0480024870B517490120012518
:1050B0000AF090FB154902200AF08CFB14480021ED
:1050C000C166A0F86A104166FFF71EFC114904464C
:1050D00000200AF0D1FB104903200AF0CDFB0F4E4F
:1050E000306965F30200306101F030F84CB9306886
:1050F000132161F305000E213060306861F38B10DD
:105100003060204670BD00BF114502088947020883
:10511000A03B012005440208215102087004024806
:10512000B0B507F0CBF818486FF00C01184C194DCA
:1051300001601648215821F010012150606B40F4A5
:1051400000406063206820F080502060606940F477
:1051500000506061605920F018006051FFF778FC42
:1051600018B9605920F00100605107F0A9F80A4809
:1051700090F84D00616B21F40041012818BF01F542
:1051800000416163B0BD00BF7C0802483CFCFFFFEA
:105190000C0802485CFCFFFFA03B01200149886429
:1051A000704700BFA03B012070B586B00D46014698
:1051B00014461046102210260BF064FC0120022138
:1051C00000220023CDE90026CDE90410CDE902003C
:1051D0002046294600220AF09DFB06B070BD000063
:1051E000034890F85C000C3818BF0120704700BFDE
:1051F000A03B01202DE9F04186B0DFF8EC800446A9
:1052000000204FF0FF310590CDE903008DF80B0031
:10521000D8F8000007F056F8344F97F85C000C28D7
:1052200003D102F026F90C2655E007F130000BF00F
:10523000FBF90028054618BF012002F0A9F8B7F8CD
:105240006A0020B1F86E09F097F90646C0BB2848FD
:1052500008220323016841F001010160002040F6AB
:10526000740102F034F9064650BB0AF063F90DF1FF
:105270000B00FFF789FA97F85C10E88B093918BF23
:105280000146B8682180C0B103A809F02FFB7868F7
:105290000399049004A808F0A9FB0128B9BF786815
:1052A00003997968039808F0C5FBC0EB401101EB46
:1052B0009000B968B0FBF1F0786000F047FF00267D
:1052C00008F0FCF8012808BF08F086F90120022147
:1052D00000220BF0BBF8D8F8000006F0F9FF3046CA
:1052E00006B0BDE8F08100BF58500120A03B01206E
:1052F0000404024810B586B00C21C0F34102104CE2
:105300000DF1160301EAD0111144A27C02F0F00263
:1053100011440DF11702A17401A902F0B8F801AB14
:105320000FCB6176A276E37620769DF817009DF884
:10533000161000F00F0040EA0110607406B010BDB6
:105340009C4101202DE9FE4F0D460646D1E90A0198
:1053500000F07EF9DFF8909280464FF40070DFF89D
:105360008CB200212C220024A9F86000FF2089F8CB
:105370005D0058460BF0CCFB4FF0FF309D4F02967E
:10538000ABF80000B07AE0B19B490020002405F0A2
:1053900071FF0028C9F80C0000F0218144810468E5
:1053A00093490422E619B0B2ABF81E60084300210D
:1053B0000BF0AEFB54F8040C66F30F0044F8040C39
:1053C00005E04FF6FF70C9F80C40ABF81E00CDF8B1
:1053D000048007F049F9012808BF07F04BF9D5E927
:1053E0000A01C9E91401A88895F834800438ABF89B
:1053F0001C00B8F1030F04BF4FF0040885F8348097
:1054000008EB082001F0F3FF95F83400042804D1DC
:10541000DBF8080002F00FF806E0784902F064F8C3
:10542000DBF8081021F07F410843CBF80800D5E9EC
:105430000A02411E62F100000022D1F1070372EB63
:10544000000006D36FA077A250F8210052F8211077
:1054500003E06B4901F10C000831096801220123C6
:105460008BF81310012100688BF8020095F94000B9
:1054700009F0E2F9DBF808007249734BD9F82420EF
:1054800061F3170099F82910012908BF1346CBE9E9
:10549000013007F0E9F8012808BF07F0EBF86B4B83
:1054A0004FF6FF7A98692968D5E90A2C20EA0A00A4
:1054B0000C794E79204440EA0620986108784C78AF
:1054C0008E78C97840EA042040EA064040EA01604C
:1054D000D8610298007A996960F3104182F0020065
:1054E00050EA0C00996113D1186A1C46029B20EA0D
:1054F0000A0019795A79084440EA02202062187893
:1055000059789A78DB7840EA012001F0E5FF606283
:10551000BBF81C6005F1080968684FF0000BA0B3E8
:10552000BBF1060F31D807F09FF8012808BF07F03C
:10553000A1F82F4800210422341801F09DFF59F8EA
:105540002B00014600B96968CE19226822EA0A02D6
:10555000B1B2B8F1040F1144216002BF216841F0DB
:1055600000612160D5E90A2182F400530B4303D086
:1055700082F40042114305D195F83210226861F39C
:10558000154222600BF1010BC9E702982F4C407ABB
:10559000216B60F30201216395F8321095F8330016
:1055A000626861F30502626007F09AFE0F492820E5
:1055B000C87307F059F8012808BF07F05BF82068A6
:1055C000019961F30400012120600748806D0AF011
:1055D00023FC064901F0D8FE054901F0DCBE01F0CC
:1055E000F9FE0720BDE8FE8FA03B01209C41012071
:1055F00000000248FCFFFDB7446E012096D204086B
:10560000943F0120983F0120983F0120A03F0120B6
:10561000983F0120A03F0120A03F0120A03F012092
:10562000983F0120943F0120943F01209C3F01209E
:10563000943F01209C3F01209C3F01209C3F012082
:10564000943F012055555500D6BE898E0C0802485E
:10565000F8B5002605460C46B0F1806071F10000F7
:105660004FF0000038BF01200121012706F0B2FDF4
:105670001A2E06D007FA06F06840204302D0013601
:10568000F6E70026F0B2F8BD10B52B220B234A43F3
:1056900001FB03F4042808BF01FB0324024931F88D
:1056A0001000204410BD00BF96D204082DE9FE4F23
:1056B0008A468346D2E9040102931646FFF7C8FFE3
:1056C000984D01900120984F85F86100A86C002842
:1056D00018BF012085F86000384600212C220BF00D
:1056E00017FA4FF0FF30002101220123388096F98C
:1056F000090009F0A1F88D4C307E0122616860F349
:10570000050161608A4901F08FFE8A4901F0F3FECC
:10571000002828614BD001F0D3FEF88301F0AFFEE2
:10572000D6E90401844A01F0AEFE43D181492869DB
:1057300005F0A0FD002800F0ED80D0F800801821D1
:105740000422CDF800B04181002108F1140401F0D9
:1057500093FE7949F88B04220843894601F09BFEA9
:10576000D8F814002043C8F814003088DDF800B0E1
:105770000438B88380B240EA09000BF0C9F9B88B4D
:10578000062240EA090001682143684C016005F1E6
:105790003000F1680BF076F93068F978007801F0A4
:1057A000E001C0F380100231F970A86311E001F04C
:1057B00011FEB4E0F98B4FF6FF734FF6FF70114303
:1057C0000A681A430A60B883F87800F0E0000130F4
:1057D000F870A04606F048FF012808BF06F04AFF0F
:1057E000D6E90410C5E91410307A747E85F85E009D
:1057F00044EA042001F0FBFDD6E9040101F043FE78
:1058000008BF042C04D1B88B4B49084301F076FE45
:1058100006F02AFF012808BF06F02CFF707E04283E
:1058200003D1B86801F007FE05E0444901F05CFED1
:10583000B96821F07F410843B8609BF80000012857
:1058400004D801F0E8FD40F0040005E0032805D885
:1058500001F0E1FD20F00400C8F870003848D0E9FC
:105860000210F974B870F06888B1D8F8181001F017
:10587000F7FDC8F8181001F097FDC8F81C009BF858
:105880000000D8F8181060F31041C8F818107068BC
:10589000002178612B48816270687D218000B0FB17
:1058A000F1F0E863DAF8000040B1DAF8040028B15A
:1058B0007860DAF8000020F07F4008E095F82900D1
:1058C000214A696A0128214808BF0A467A60F97AA4
:1058D00040EA0160B8609BF80100D8F8301060F32E
:1058E0000201C8F83010D8F80000019961F30400F3
:1058F000C8F8000028200299F873A86D11B10AF0C9
:1059000093FE01E001F0FFFD074901F03DFD0A496A
:1059100001F041BD01F05EFD286905F0D9FC0720CA
:10592000BDE8FE8FA03B01209C4101200C080248ED
:1059300090D20408446E01200000024896D2040868
:10594000943F012040410120D6BE898E5555550017
:105950002DE9FE4F0C46814640200021904600254F
:10596000FFF776FEDFF848A200904FF400708DF844
:105970000B50904D00212C22AAF86000607B019012
:1059800001F09BFD4FF6FF708B4F2880207B8AF83B
:105990005D00796860F305017960884901EB40009A
:1059A00030F84A6C06F060FE012808BF06F062FE7F
:1059B000F0B20121012207F02DFC0DF10B000CF0DB
:1059C0007BFE9DF90B0001F01BFD7D4901F093FD6D
:1059D000CAF8100080B301884089042208440021DD
:1059E0000438E88301F04BFDE878EE8B00F0E0002E
:1059F0000130E8707348834606F036FE012808BF80
:105A000006F038FE46EA0B004FF6FF7201681143BC
:105A1000016040200021CAE91401A07B8AF85E00E1
:105A2000019840EA002001F0E2FC607B042808D1E4
:105A3000A86801F000FD07E001F0CCFC0720BDE8FC
:105A4000FE8F614901F0C9FC084300210422A860CF
:105A5000A08801F0FEFCA88B4FF6FF7240EA0B0015
:105A6000016811430160594960680844CAF814008C
:105A70000198042804D1A88B40EA0B0001F03EFDF8
:105A800099F8090000F0FE00022808D1386FC0F331
:105A900080008AF84C00386F20F0040038674C48CA
:105AA000D0E90210E974A8704FF6FF70B969226856
:105AB000814313795679194441EA0621B961117875
:105AC00053789678D27841EA032141EA064141EAC7
:105AD0000261F96199F8081099F80920BB6962F32D
:105AE00010430529BB611DD1B96B99F8052021EA46
:105AF000000099F80410084440EA0220B86399F8BD
:105B0000000099F8011099F8022099F8033040EA52
:105B1000012001F0E1FCF86399F80A00B96B60F329
:105B20001041B963A0682B4900222C4B6861A8681A
:105B300061F31700A168A860274882629AF82900DB
:105B4000DAF82420012808BF13466B6088007D2105
:105B5000B0FBF1F0CAF83C0099F80800396B60F32B
:105B6000020139633868009961F3040038601C4809
:105B70000078012802BF786B40F400407863282049
:105B8000E873DAF85800B8F1000F02D00AF04CFDC3
:105B900001E001F0B8FC074901F0F6FBDBF808046E
:105BA00064F30F00CBF808040020BDE8FE8F00BFAF
:105BB000A03B01209C4101200C08024890D204081F
:105BC000446E01200000024896D204080000FEB78F
:105BD000943F01205555550040410120D6BE898E85
:105BE0001C3D01202DE9F04F87B004910746D2E912
:105BF00002019246FFF72CFD8146DFF82C054FF697
:105C0000FF7101601E2006F02DFBDFF820550021FA
:105C10002C2201F052FCD6480021142210300AF048
:105C200077FF4FF0FF30288000F090FADFF804454E
:105C3000A06C10B1012084F86000049902208978DA
:105C400084F86100A06D013901290CD802210AF005
:105C5000E3F8DFF8D854009030300021302228805B
:105C60000AF056FF04E001F04EFCDFF8C05400904B
:105C7000049A296A107821F0007100F0010041EACD
:105C80004060286220F08070517801F0010140EA04
:105C9000016028629AF82100042802D14FF0614087
:105CA00007E0DFF8941431F810004FF0E85101EBF1
:105CB0000060DFF88814DFF87434D1E90221DA7467
:105CC0009970996821F07F4101439960DAF81010CA
:105CD00006315961396821F07F410843986078683E
:105CE0005860FB20D873A348016869F30401016080
:105CF0009AF8001084F85D100A29426861F30502E1
:105D000042604FF0010088BF0220012208440121B7
:105D1000C0B207F07FFADAF82000FFF7EBFA0DF1D6
:105D20001B000CF0C9FC9DF91B0001F069FBDAE9CE
:105D30000201914E4FF000094FF000084FF0000BA8
:105D400080F4807008434FF0000008BF4FF0FF3030
:105D5000029000250027CDF804A0002003909AF8B7
:105D6000140002990844814580F03A8106F07CFCD9
:105D7000012808BF06F07EFC2FB1B9F1000F0CD04E
:105D80000026012325E0B8F1000F12D0DFF8B81388
:105D9000404605F06FFA804613E0DFF890734FF647
:105DA000FF700021F883DFF88C030161012005906A
:105DB00065E0DFF8941301F09EFB8046DD48C0F8F3
:105DC0001080B8F1000F2AD0B9F1000F47D001269A
:105DD0000023E8B2059301281ED8DAF818105246BD
:105DE00051F829A0D2498A451CD0D2E9021281F08B
:105DF0008001114308BFB9F1010F79D12C46012868
:105E000077D1CF485844017941F0100101710198D0
:105E10008069D0F804A06CE02C465D4695E04FF018
:105E20000008AAE728062C4648F2082508BF4FF4C8
:105E300002450134BBF5024F6AD04FF6FF70C049EE
:105E40008345B9481ABFC0F800B0584600680844F6
:105E5000DDF804A0017901F0EF0101715AE0B8F812
:105E60000000B24F04220438F88380B2B8F80A1058
:105E7000084400210591304300210AF049FEDAF878
:105E80001800AB490068884214D00438002104226D
:105E90002C46B88380B2304305680AF039FEB98BCE
:105EA000A80E254631430A6860F39A620A60B7F883
:105EB0001CB004E04FF4024B0135A7F81CB0F88B7E
:105EC00003909AF8200004285BD1BAF82200012838
:105ED00007D0022855D14BEA0600016821F0006185
:105EE00004E04BEA0600016841F00061016048E00F
:105EF0002C4655460021042255F8047D01F0DDFAB8
:105F0000B80E296860F39A618E4829600AEB000593
:105F1000DDF804A08A495BF8010065F30F004BF837
:105F200001009AF8200004280FD1BAF822000128B5
:105F300006D0022809D18249685820F0006003E0A9
:105F40007F49685840F000606850BEB1D8F80060E2
:105F500000210422301F0AF0DBFD7A48039AAB4689
:105F60003044774E915960F30F019151039007E04F
:105F7000008202480C08024800000248AB46704EFE
:105F80002546DAF8180050F82900017801F00301DD
:105F9000032908D1017941F02001222903D169495F
:105FA00008446449486104988078012814D1301D60
:105FB0005BF80010C1F3072171B15BF806205201B4
:105FC0000AD44FF480635BF8002003EB0121090A37
:105FD00061F30F224BF8002009F10109059FBEE68D
:105FE000DAE9020180F4807008430CD1E8B201289C
:105FF0000CD8DAF818004E4950F82900884207D02A
:106000005049084418E0494F584642E0584628E0B5
:106010000135BBF5024F0DD04FF6FF708345424866
:106020001ABFC0F800B0584600683044017901F04A
:10603000EF01017148F208205BF8061060F30F01D0
:106040004BF806109AF8201004290AD1BAF8221049
:10605000364F012962D0022904D1815921F0006113
:106060005FE0324F04998978012912D1311D4258DD
:10607000C2F307226AB183595B010AD42C464FF45C
:106080008065435805EB02222546120A62F30F236E
:106090004350290605D0E9B2012907D1B9F1000F13
:1060A00004D081594FF6FF721143815104988078D2
:1060B000012806D1F87B4FF0806101EB0060000EF3
:1060C000F8734FF6FF70039A82421EBF915908433E
:1060D0009051184ADAE90201C2E9140109F01F00DF
:1060E0003022F978009C01F0E0010844F870B88B88
:1060F0003043C17801F0FC01C170204639460AF0F6
:10610000C1FCD6F8080464F30F00C6F808041E208A
:1061100006F0AAF8002007B0BDE8F08F815941F0E1
:10612000006181519EE700BF9C0100209C4101203D
:1061300000820248A03B012096D20408943F01202F
:1061400000000248FCFFFDB7446E0120BCB50120F1
:10615000134C00210422019001F08EF948F208202E
:1061600004222080E07840F00400E07001AD201DA2
:1061700029460AF087FC04F10800002104220AF0F5
:10618000C7FC4FF40240294604222081E07A40F007
:106190001400E07204F10C000AF074FCBCBD00BFF6
:1061A000008202482DE9F84F83467A488A46806D7E
:1061B0000AF062FA0446DAE90201DBF80C809AF888
:1061C0001E9080F08000084394F8201004F1210014
:1061D00022D141F0800101F066F9877890F800C083
:1061E00043EA012143784CEA0323927841EA0241D1
:1061F000C27847EA0222074617F8046F43EA0242D0
:10620000437946EA0323BE78FF7846EA072643EA45
:10621000064323F0800320E001F07F0101F043F901
:106220008678C77846EA072643EA012143789278C0
:1062300041EA0241027842EA0322437942EA0642F5
:10624000064616F8047F47EA0323B778F67847EA4C
:10625000062643EA064343F08003160E0270C6701A
:10626000160C120A4270024686701E0E02F8043F97
:10627000D6701E0C96701A0A42710A0A427200F811
:10628000081F090C10228170201D0BF110010AF06B
:10629000F9FB9AF81C00DBF8081094F826204FEA66
:1062A0001867DFF8F48094F82BC0084494F82010A5
:1062B000E0619AF81D3001F0800103F07F0319447A
:1062C00084F82010214611F8253FDBF80CE043EA62
:1062D00002228B78CE7843EA0623264606F821EF81
:1062E00042EA0342734667F31F63F7701D0C69F3BC
:1062F00006021B0A0A70B57084F82230DBF8000031
:106300006061DBF8040084F822300A70B570F77021
:1063100086F800E0A061B8F81C0060801F481040BB
:10632000030C00F580708B700023000ACB704FF4D3
:10633000600184F826004FEA0C4001EA0C4184F821
:106340002900012084F82A0001F58021090C84F835
:106350002B10B8F81E10218011490A6822F00102A2
:106360000A608A6960F302028A610A6822F01802F0
:106370000A60D1F8A02360F345020320C1F8A023EE
:1063800009F0A8FA0748016841F008010160BDE87A
:10639000F88F00BFA03B01209C410120FF808000BE
:1063A000680402487C0802480548016841F002017F
:1063B0000160016821F002010160012008F01ABCAF
:1063C0004404024806F04EBB05F0B0BF024A926D8D
:1063D00002B1704706F04ABE443B012010B5054C9F
:1063E000606E00B110BD002005F0AEFFF8F728F98F
:1063F000606610BDA03B0120B0B5074C606E48B18F
:106400000020002505F0A0FF606EF9F717F800F0F6
:10641000B5FF6566B0BD00BFA03B0120014988659E
:10642000704700BFA03B01200148002181657047F3
:10643000A03B0120084901280A6809D1074890F8C3
:10644000280060F398420A60086840F0007001E09C
:1064500022F000700860704720080248A03B01202D
:106460000248002180F82910704700BFA03B01209E
:10647000014890F829007047A03B012010B5002882
:10648000044618BF012000F083FF024890F85C002A
:10649000207010BDA03B01200448D0E9140181F018
:1064A00040010843B0FA80F040097047A03B01204A
:1064B000F8B52F4F0446002538681A2C20F001004B
:1064C00038604FF0000038BF012000F061FF294E16
:1064D0004020C6E91450284DA86AC00702D0286899
:1064E0004007FCD50AF08CFCD5F8380440F00800D1
:1064F000C5F83804D5F8380420F00800C5F8380489
:10650000D7F8F80320F00100C7F8F8031B4850F84B
:106510002400804700F079FF06D1B06C20B196F8D6
:106520006010012908BF804700F06FFF03D10120F0
:10653000002106F06BFB00F068FF03D10020002172
:1065400009F0C2FCA86AC00701BF0D48016821F02C
:1065500008010160D5F8380440F00400C5F838049B
:10656000D5F8380420F00400C5F83804F8BD00BFA1
:106570000C000248A03B012040040248A0D20408BD
:106580007C0802482DE9F843DFF804914D20D9F842
:10659000588005F067FE3F484FF6FF71C08B884278
:1065A00010D03D4901434868C97801F00301022930
:1065B00008D100F00F00033820F00200B0FA80F09C
:1065C000440900E00024354807F078FC344F00B35C
:1065D000344E05460020D9F858200121A860686192
:1065E00085F82100C9F8580085F8204085F8241066
:1065F00096F83A00AA6185F82D00386800F01F006F
:1066000001FA00F02861D9F80C0034B1C9F8100083
:1066100006E0002089F860002CE008B104F058FE84
:106620002149F8687958328B891A328A0A44C0F3B2
:106630004201284600F040FD1C48395841F0020153
:106640003950395821F0020139500020294607F00D
:106650006FFAC0B24D2805D1002000F099FE2846FF
:1066600007F02EFC00F03DFF99F84C00396F60F305
:1066700082013967404609F051FC4D2005F0F4FDD8
:10668000D7F8880020F08040C7F88800BDE8F8837C
:10669000A03B01209C41012000000248046E012023
:1066A0000C0802484041012054FCFFFF38FCFFFF6A
:1066B0002DE9F04F95B0DFF8B854DFF8B0742969D0
:1066C000786A0D9197F83A100B900020CDE91200EE
:1066D0008DF83E00A86D079195F84C10089109F0CF
:1066E000A3FF064606F0F6FF4E2005F0BBFDDFF8DF
:1066F000840407F0E3FBB94C8046A16EF08B424660
:106700000996C1F302130DF13E0100F05FFD014651
:10671000B348E268265839B1AB6995F85D0001339A
:10672000242888BF0023AB613D8B388AAD4C049090
:10673000CDE9055681B1DFF84804C38BE018406805
:10674000012900F00F0008D023431B689BB22344AB
:106750005B6803F00F0301E0002000239F4EDFF889
:106760001094346804F01F050124AC400A95C2F36C
:1067700042050E94B46E0394B46E0294F46800263D
:106780000194B8F1000F19BFD9F85840C8F8184063
:1067900089F86060002107288A4618BF4FF0000A78
:1067A000072B18BF8A46012998BF8A46C11F18BF08
:1067B0005146BAF1000F08BF514699F85E2099F88A
:1067C0004D30002A18BF5146F3B100298B4618BF3F
:1067D0004FF0010BB5B9A9B199F85D300025252B13
:1067E0004FF0000338BF0123002A18BF01221A40CE
:1067F000FAF776F881F04002024311D100254FF0FC
:10680000010B0AE08A4608E0012DDED10029DCD028
:106810004FF0000B4FF0000A00250E980C9003E09B
:106820000C904FF0010B0E46D9E9140100F02BFE3D
:1068300019D1D348D9F83010CF4C4FF6FF72808B66
:10684000E161A16999F83530914399F834201144F8
:1068500041EA0321A161C94908444168D9F83820B7
:1068600062F386114160BBF1000F29D00D990868D1
:106870004A891158104442681092806882B211927D
:106880000E9A12F0300F1BD0BAF1010F18D1C1F3DC
:106890008011A9B100F44040B0F5804F10D110AA8A
:1068A0000DF13F030320FEF709FA10B100200B9011
:1068B00000E19DF83F00C0071CBF012089F840009F
:1068C00012AC204608F012F820460B9C214607F037
:1068D0008DF81299B0F1FF3FCEBF20460846214601
:1068E00007F0A8F8D9F83C101230091A0B9128BF0C
:1068F000122964D20020B3460126B86289F840000C
:10690000B8F1000F2BD0DDE90510029B00240E9D8D
:1069100088F8246088F820A0C3F34023C8E9045411
:1069200088F8254088F8214088F826300D9B401AC9
:10693000049942180198C0F342010398BAF1000F7C
:10694000C0F3401088F82900079888F82D005046B9
:1069500018BF1846C8F80800404600F0ADFB0020FC
:106960004146002407F0E4F8C0B24D280ED10020C3
:106970000121012605F02EFCB8F1000FBC6203D006
:10698000404607F09DFA01264FF0000ABAF1020FC7
:1069900038BF0124AEB3BAF1010F32D80A980428E7
:1069A00005D10D9C606804F093FC00206060BAF192
:1069B000000F5E467ED10D9804F08AFC7AE0012D2E
:1069C00098D099F84000012894D00120BBF1000F25
:1069D000B86209D0B346002692E700BF0C0802480F
:1069E00054FCFFFF00000248B8F1000FB3461CBF83
:1069F000404607F065FA00260024BAF1020F38BFBE
:106A00000124002E55D1BAF1000F52D00A98043853
:106A1000B0FA80F040092040012808D1D9F81000D0
:106A2000406804F055FCD9F8100000214160554938
:106A300000204FF0000A04F01DFC0028C9F81000E7
:106A40006BD01821042241810068002100F1140656
:106A500030460AF05DF84A4C0998E683C6830C98E4
:106A600080F0100050EA0B001ED1D9F81000454903
:106A700004F000FC002849D006681821042206F121
:106A800014054181002100F018FDE08B3B49DFF83F
:106A9000E0900843016865F30F0101604FF6FF7154
:106AA00070690843706104E030684FF6FF71084375
:106AB00030605E46B96A0C98012933D1C9E91406E1
:106AC000314A2D4DA95841F00201A950A95821F091
:106AD0000201A95031462C68FEF7BAFD60F30404A8
:106AE000DFF88C902C600B980138C0EB401101EB63
:106AF0009000099948612248C08BC88312981230CF
:106B0000129012A9002008F09FFA11E0D9F81000A5
:106B100004F0DEFB0020C9F810000120C7F828A00F
:106B200088F824001449086F089A62F38200086705
:106B3000B86A20B9D9F8580009F0F0F9B86A70B904
:106B400099F8600058B910480B4A115841F00201F9
:106B50001150115821F00201115000F0C2FC4E20DA
:106B600005F082FB15B0BDE8F08F00BF4041012069
:106B7000A03B0120046E01200C08024800000248DE
:106B80009C410120446E012038FCFFFF2DE9F04FAD
:106B90008DB08E4E0024DFF838B2D6F824800C94E5
:106BA0000B940A94CDE90844DBF810000690DBF85A
:106BB000580009F039FD05464F2005F053FB0595B7
:106BC0008449ED8B0868C0F342000A908248085857
:106BD0000490308B0390308A0290086880490190BD
:106BE0007E488A46C08B08447E4947587E4807F055
:106BF00065F9064618B1DBF85800B06101E08BF882
:106C000060407A480DF11F01324607F00F09006815
:106C1000C0F30213284600F0D9FA08AC0546204616
:106C200007F064FE2046414606F0E0FE0899B0F108
:106C3000FF3FCEBF40460846414606F0FBFE0C90A3
:106C4000624F0C9812300C90DBF83C000C99401A03
:106C50000B90B9F10704DAF8000040F00200CAF81E
:106C60000000DAF8000020F00200CAF8000018BFA7
:106C70002C469BF85E1085F00100084318BF2C4697
:106C80009BF84D0028B90A98012802D10CB10024C4
:106C90000A94DBF83C000C99814209D80B98122821
:106CA00006D30A98012803D0601E022880F08B804A
:106CB00001250020B8622DB924B9A6B3304607F0EB
:106CC000FFF830E0FEB1DDE90310402386F82040F4
:106CD000401A029942180198C0F342010020C6E907
:106CE000043086F821000120069B86F82400204607
:106CF000002C18BF1846B06097F83B0086F82D00AE
:106D0000304600F0D9F90020314606F011FFC0B23C
:106D10004D2806D1002000F03BFB16B1304607F0AD
:106D2000CFF800F0DEFB002085F00101012C88BFC8
:106D3000012008430DD19BF85E00012805D1069D76
:106D4000686804F0C5FA0020686014B9069804F079
:106D5000BFFAB86A01281AD100204021CBE91410EB
:106D60000B980B99C0EB4010013900EB910005998D
:106D70001F3848611948C08BC883089812300890A2
:106D800008A9002008F060F9B86A012815D0DBF8DE
:106D9000580009F0C3F8B86A78B99BF84C00134A58
:106DA000916860F38201124891600078012801BF68
:106DB0000849886A20F4004088624F2005F054FAA0
:106DC0000DB0BDE8F08F0025012073E740410120A0
:106DD000A03B01201808024848FCFFFF9C4101200D
:106DE00044040248C0FBFFFF046E012074080248FF
:106DF0001C3D01202DE9F84FDFF85CA2DAF85800BD
:106E0000DAF8108009F010FC8346502005F02AFAC9
:106E1000924807F053F80028044618BF01200121CA
:106E2000012505F0D7F9DAF8581000204FF6FF7663
:106E30008D4F606184F82E00A060CAF85800A161EF
:106E40008749096801F01F0105FA01F22261DBF8A8
:106E50002010C90EA1776177BBF81C10BBF81E90FB
:106E6000B1420DD07F4B1B68B34209D03B44DD7863
:106E7000AD0705D1187940F010001871D4E904204D
:106E800082F08002104312D1B1420DD041EA0700D6
:106E9000C178407901F00301013918BF01210028B0
:106EA00018BF0120084000E0012084F82F0004F101
:106EB0002A01484622460023002500F087F984F87D
:106EC0002000B0FA80F084F8275084F82150644DF7
:106ED0004009A96EAA6EAB6EE077022000EA91101D
:106EE000C2F30021084403F0100108445F49097807
:106EF0000139B1FA81F1490940EA81105C4984F80D
:106F00002C00DBF82000C0F3406084F824009BF8DC
:106F1000230000F0010084F82500686800F03F00BD
:106F200084F82800E8680A8BD7F86034098A9A1A2E
:106F30000A44C0F34201204600F0BEF89AF860000F
:106F4000012813D1DAF8140080B14A4901F11C027A
:106F5000BBF81C1013888B4208D043EA0702984202
:106F6000F8D10020CAF814008AF8600094F82000D4
:106F700094F82110CDF800904FF000094FF0010A6D
:106F800008449BF8031001F01F073D1A26E0010694
:106F90000AD128061CD0D8F80460404604F098F9BD
:106FA000013D0020B04619E00138D8F8041002066F
:106FB00011D0D8F80020137803F00303032B0BD172
:106FC000127942F02002222A08BF84F82EA003E0A2
:106FD0000025002002E00020C1468846F9B201F1F8
:106FE000FF07F9B2B94218BFB8F1000FCFD1B9F11C
:106FF000000F1CBF0020C9F804004FF6FF71607F2E
:1070000028B194F8200010B994F8210030B19BF811
:107010002200800705D50098884202D1012084F81B
:1070200021000020214606F083FD08F063FC0A4899
:1070300090F8600008B9FFF7B7F9A06908F06EFF93
:107040000749D1F8880020F08040C1F8880050201E
:10705000BDE8F84F05F008B9A03B0120046E0120FF
:107060000C0802489C01002000000248D041012089
:10707000404101209C41012010B50D4C04F130002D
:1070800008F04CFF0B48016821F001010160016C20
:1070900041F002010164016C21F00201016406F07B
:1070A000A5FA608000F01DFA0C2084F85C0010BD89
:1070B000A03B012004040248F8B5044690F8205093
:1070C000D0E90430B3F1800670F1000602D313F466
:1070D000C04601D084F82B1055B1A16811B93849C8
:1070E0000969A1600E684989895D01F00F0104E01A
:1070F00094F82C10890711D5002113F4B87F07D01C
:107100003048314990F83B0031F81000121A05E080
:1071100083F40053184308BF03294ED02948D0E90F
:107120000310C4E90010002011460122A08020466F
:1071300006F0BAFB002D3FD0A06810B920480069C6
:10714000A060DFF87CE04FF0000C00220026AE4289
:107150002BD2016843890B4421695F7801F4C07127
:1071600067B139B194F82A1059B1043F5F702169B1
:1071700001F4C0710023194303D111E079B1013248
:10718000002701680B7803F00303032B08D109796A
:1071900041F02001222908BF8EF860C000E00027DE
:1071A000391D013681814068D1E794F8200084F8C8
:1071B0002120801A84F82000F8BD002DA0D1ADE771
:1071C000A03B01204041012096D204082DE9F04F58
:1071D00089B00191664981466348039391F83BC0A9
:1071E0006449C08B096801F01F010F2900F2A680D5
:1071F000012303FA01F14AF20F03194200F09E80C5
:107200005A490C31D1F800A0002100266FF07E030E
:1072100000254FF0000802920791002104910021FF
:10722000059100210691484554D05349002A40EA6F
:10723000010B9BF80300C0F38000054444D0BAF171
:10724000000F41D048484C492C4635461F466646FB
:10725000C08B0843C0780890039870B9DAF8000032
:10726000BAF80A1008444178073121F003010858A0
:10727000074606F019F93D49488006F007F901284C
:1072800007D1384606F010F9B4462E460346254687
:1072900003E0B4462E4625463B46BCF1040F04BF2E
:1072A000089810F0080006D0079818440790059831
:1072B0000130059005E004981844049006980130C8
:1072C0000690DAF804A0029ABBF8000008F1010861
:1072D0000136A8E7002A40D030063ED0ACF10100CC
:1072E000022820D3BCF1040F04BF069800281AD04E
:1072F000BCF1040F04BF0598002822D0BCF1040F94
:107300002BD1059848B3069838B3079805991446C9
:1073100090FBF1F006F0C8F884F822000498069972
:1073200090FBF1F014E00798144690FBF8F006F09B
:10733000BBF884F8220021467F200CE00B49103175
:1073400060E77F20144682F82200049890FBF8F052
:1073500006F0AAF8214681F8230001980570F0B2E2
:1073600009B0BDE8F08F00BF9C410120A03B012087
:10737000404101200C08024800000248B0FA80F0A9
:107380000121400904F026BF3022044609F07ABBEF
:10739000012104F01FBFD1F8080464F30F00C1F805
:1073A00008040020BDE8FE8F017842788378C07819
:1073B00041EA022141EA034141EA0060704740EAA4
:1073C000012040F6740140EA0240012240EA0360D5
:1073D00000237047422004F049BF31F810004FF0FD
:1073E000D85101EB0060A96821F07F41704700F59A
:1073F0008030FDF77FBF00200090C82007F00ABE54
:1074000000210122012307F017BAD6E9140181F007
:10741000400108437047D8F87000C0F3800085F839
:107420004C00D8F87000704701EB4000012110F8C3
:107430004A0C05F0EFBE4FF0604120F07F407047EE
:107440009DF81B009DF81A1000F00F0040EA011093
:1074500070470438A88380B240EA0B0009F058BB9B
:107460004FF6FF72437991430279114441EA0321B7
:107470007047432004F0FABE204609F049BBC4F629
:10748000020009F045BB80F01000084370470091EE
:10749000012108F0ABB9016864F30F014FF6FF74E6
:1074A000016000217047024684F8201012F8083F5E
:1074B000417A7047032108F007BD284609F028BB30
:1074C0001821042241810088002114307047009067
:1074D0004FF4E03007F09EBD40EA024040EA03600E
:1074E0007047012007F086BB31F810004FF0D851EB
:1074F00001EB00607047002003F0BCBE016841F062
:10750000006101607047012108F086BCF0B5264D8E
:10751000D5F83CC0BCF1000F1AD095F84040012CC2
:1075200004D16D6815B16C6E013411D0844501D35E
:107530008C452ED94FEA4C0500260CEB06078F42EE
:107540000ED2AC19844201D38C4225D93E46F4E7D1
:1075500023B3834288BF18468B4298BF01461DE083
:107560000225664686420BD9BCFBF5F6864205D35A
:107570008E4203D806FB05F4644512D00135F1E7CD
:107580002BB1834288BF18468B4298BF01461F200B
:1075900005E00020614602E006EB4C01002011806E
:1075A000F0BD00203146FAE7103C01202DE9F84FEC
:1075B00093468846824600F07BF8DFF8E89007465D
:1075C000D9F8046004F07AFEB8F1000F18D19AF8E7
:1075D0008D000028504600D1866F7EB13248334975
:1075E000806809680844316D081A584506D230464B
:1075F00000F05EF8B8423046EED20DE0D9F80460F3
:10760000B6B3564502D1DAF8780088B39AF88D00FF
:107610000028504604D102E04FF0000B37E0866F9F
:1076200036B3214D214CA86821680844316D081AF1
:1076300058451DD2304600F03BF8B84207D39AF8BF
:107640008D0010B9304600F02DF93046E7E7A8F17B
:10765000010002F008F8D6E92412306D82F0200211
:10766000114308BF2C46AA6821681144A0EB010B06
:10767000BBF1000FD0D0DAF850000C49ABEB0000A2
:1076800009680844084989680844CAF8600099F8FC
:10769000420008B100F024F904F012FE5846BDE89B
:1076A000F88F00BF103C0120C43A01208401002063
:1076B0002DE9F0410446D0E924104A1E60F1000390
:1076C0000025D2F11F0675EB03031FD3012303FA34
:1076D00002F212F08B0F0FD081F0020151EA00028A
:1076E000616F04BF487E012800F0908094F89900F3
:1076F000022820D90620B2E012F0802F06D094F89C
:10770000991005200A2938BF0A20A8E081F040021C
:1077100002431AD081F08002024307D080F0200299
:107720000A4341D081F48071084347D1607E00282C
:1077300046D0002093E00920002A08BF07204969AD
:10774000B1F5004F88BF062089E0606F0121B0F8D5
:107750000880012004F03EFDA068002870D14D484B
:107760004FEA181C90F8403000F110024FF0FF3043
:10777000002B4DD01668002E4AD0D6E9245785F448
:107780008071394303D085F08001394309D1716F8D
:107790000546498B884288BF0D468C4598BF0546F3
:1077A0002846013B0432E3E794F820100A2001291F
:1077B00008BF0620022908BF032050E00B204EE03E
:1077C00094F88C00002842D0256F04F1500005F198
:1077D000080105F0F5FF698B314A5143642291FBA2
:1077E000F2F1814235D9606F90F83311012902D14D
:1077F000D0F8D810B1B394F89910B4F89C000229CD
:1078000098BF032827D30844052826D9032026E05B
:10781000411C20D06FF00801626FC4F8088001EAB3
:10782000C00111814FF6F07101EAC0001A4900EB66
:107830008000096801EB80001849896808442066C7
:1078400094F899100B20032988BF092007E0012034
:1078500005E0022003E0082001E0C0F10800C0B20A
:10786000BDE8F08190F82F110A2918BF0C290AD120
:1078700094F89900B4F89C10084406283FF659AFD4
:10788000C0F10600EBE790F830010A3810F0FD0F68
:10789000B1D1EDE7103C012084010020C43A012061
:1078A00020A10700B0B504460D2004F0DBFC0A4D12
:1078B00001F0FFFE012084F89A00084890F8421079
:1078C000013180F84210286804F002FD0D20BDE867
:1078D000B04004F0C9BC00BF58500120103C01204A
:1078E0002DE9F843DFF8708001F0D2FE1B4E01272E
:1078F0004FF0000996F8420040B300250B2DF9D057
:1079000006EB85000469002CF4D094F89A00012855
:107910001AD12046776400F013FB96F84210013923
:1079200086F8421070B194F89900716C013001F042
:10793000BBFE0028E9D096F8420028B1013886F84D
:10794000420001E084F89A900135D7E7D8F80000AA
:10795000BDE8F84304F0BCBC58500120103C0120A5
:1079600058B1074A02F1100192F840202AB108C923
:10797000013A834208BF7047F8E70020704700BF14
:10798000103C0120B0B5044640F27120484340F25B
:10799000FA41884238BF01467D2202EB8101B228BC
:1079A0000E48B1FBF2F10E4A38BF0621006892681A
:1079B00002440C481144C06BB22900EB8003084616
:1079C00088BFC2EBC300B1EBC30F98BF08460021CC
:1079D000002500F009F8A5802060B0BD84010020DA
:1079E000C43A0120103C01202DE9F04FDFF8A4E15A
:1079F000DEF83C207AB19EF840B0BBF1000F0AD00F
:107A000002EB820C4FEACC0A824514D24FF0FF38C9
:107A1000E9B3FF220AE04FF0000C4FF000084FF0EE
:107A2000000229B100228445B8BF01220A704246F3
:107A30001046BDE8F08F0EF110024FF000095F46CE
:107A4000A7B1156895B16B6E5E1C0FD02E6E3344D6
:107A5000534508D9B9F1000F04D0D9E9186434446A
:107A6000A34200D9A9460432013FE9E7B9F1000F6A
:107A700010D0D9E91824CCF1000304EBC30313445C
:107A8000A3420FD94FF0FF384FF0000C78E04FF0D1
:107A9000FF32CDE7DEF810204FF0000BD2E91823BB
:107AA00013441EE00022934517D00EEB8204256993
:107AB00085B16F6E7C1C0DD02C6EE619564584BFC7
:107AC000B6FBFAF404FB1A66BB4203D9B34206D3F1
:107AD0000132E8E7A2F1010B03E0002301E03346A5
:107AE00093464FF0FF3800224FF0000C824247DAF5
:107AF0000EEB8B056F695FB37A6E541C28D03C6E19
:107B0000A51855452E4684BFB5FBFAF404FB1A565A
:107B1000D21A002A08DCB34298BF33460BF1010B9E
:107B200000224F45E2D12BE0D7F890401A4E344066
:107B30001CBF03EB520352086245C4BF98469446EB
:107B40004F451DD00BF1010B55452B46CED917E003
:107B50002A69DEF81050104CD2F890206D6E224049
:107B6000AAEB03042C444FF0020594FBF5F518BF73
:107B70002C46644504DD002A18BF2B44A4469846D1
:107B800000293FF454AF0A78002A42467FF450AFF0
:107B900048E700BF103C0120002000082DE9F84F05
:107BA000D0F874B08246002088460DF102022023EE
:107BB000ADF80200BBF88610BBF88400BBF89490C7
:107BC000FFF7A4FC9BF8A41021B35D4890F8402077
:107BD000022A0ED3C26B62B1BDF8020083B2B3FBBE
:107BE000F2F404FB1234BCB1B2FBF3F404FB132235
:107BF00092B1BBF8860082B2B2FBF1F35943BBF8F5
:107C00008430891A0144BDF802008AB29A4228BF22
:107C1000084601E0BDF80200BBF89010ABF89600F2
:107C2000002966D0DAF8601080B200F08FF80028E2
:107C30005DD0BBF89400BBF8E610414C0A1A02EB89
:107C400082025242401A00EB80004FEAC00038BF67
:107C5000D000DAF85010BBF81630DAF8602000FBDC
:107C60000310BBF8901001EB810100EBC101E06B48
:107C700000EB8000C000B1FBF0F303FB1011237890
:107C8000022B06D12F4B304D9B682D682B44D21A06
:107C9000073204F1100394F840400A443CB31D68D5
:107CA0002DB36F6E7E1C22D055451DD02D6E8F4298
:107CB0003D4401D88D422CD2BA4201D3AA4228D9E0
:107CC0008F4228BFAA4224D2854205D3B5FBF0F6E5
:107CD00006FB10558D421CD2824205D3B2FBF0F553
:107CE00005FB1025AF4214D9013C0433D6E7C1454A
:107CF00002D10020BDE8F88FBBF89600BBF89010C9
:107D0000BBF81620C14507D9A9EB080303FB0211F4
:107D10000CE0202000210EE0A8EB09035A43511A81
:107D200091FBF0F202FB101189B2411A91FBF0F2C3
:107D300002FB10110020ABF89010BDE8F88F00BFD7
:107D4000103C0120C43A012084010020F8B5DFF87E
:107D5000B8C00446DCF83C20AAB19CF8403023B1FE
:107D6000DCF81000406E01300DD0A2420DD0A4EB23
:107D70004206022500201718A74209D2864205D0E4
:107D800001353846F7E7CCF83C400125A8B2F8BDEC
:107D900066000225964204D8B2420CD02644013532
:107DA000F8E71546264676B1761BA81922BFA81912
:107DB00075420646F7E7B2FBF5F0CCF83C00A8B2F6
:107DC00000F0B6FCE1E70CF110074FF0000E43B1F4
:107DD0003868466E01361CBF006E8644013B04378E
:107DE000F5E70EEB010005EB8501C900814201D2E8
:107DF0000025CBE7B2FBF5F0CCF83C5080B200F0A8
:107E000097FCB4FBF5F5C1E7103C01200048704732
:107E10007CD304082DE9FE4F8146D01E40F6C417DE
:107E20001E4615468B46C0B202280C9838BF40F655
:107E3000A66725280D9828BF40F2E24703F0FEF917
:107E400002222946042D08BF0122F8F7D7F9019034
:107E50003348806A406F008D07289ABF314951F836
:107E6000205000252846002D18BF012001F0F8FB06
:107E7000E88A05F1380A029600EB8000C400701E03
:107E8000C1B2042904D240B227A151F8208005E0F4
:107E9000002001214FF0000804F09CF926A0019970
:107EA000012230F81800084400F19801484605F016
:107EB000FBFC0020D9F80010A887A86B091A204401
:107EC000B1FBF4F26243521A104408444946A863D5
:107ED000504605F075FCCBF800000298002107F031
:107EE000BBFCDBF80010084407F2E24188420BD2E9
:107EF000E98A40F2E24201FB0200CBF80000A86BE5
:107F00002044A863DBF80000C01B40F2E241A0F26D
:107F10008A20B0FBF1F02882CBF80000BDE8FE8F8C
:107F2000243A0120EC6E0120000000000100000056
:107F300003000000020000006001B400EE03500BDB
:107F40002DE9F04F87B00546AE4801F0B7FB4FF082
:107F5000000B002D00F04D81AB4805F150014FF0B2
:107F6000000901910430D0F800A0BAF1000F00F030
:107F70002C81012001F074FB012001F071FBDAE992
:107F80002401D5E92423104340F08000194380F4F4
:107F9000C07008430BD15046FFF78AFB082804D372
:107FA0002846FFF785FB072801D8012700E00027B6
:107FB0005046394600F052FA06462846394600F047
:107FC0004DFA574604460DF11008052257F8500F98
:107FD000049078680590D5E91401CDE90201404686
:107FE000314605F061FC02AE21460522304605F01F
:107FF0005BFC4046019905F0C9FB01280ADB3046CD
:10800000394605F0C3FB01284FF00000B8BF4FF020
:10801000FF3000E00120A8B97B4991F8421089B1F6
:10802000DAF890007949084213D0DAF8601028464F
:108030005022F7F7F2FF01284FF0000008BF4FF081
:10804000FF3002E0012880F2B680B0F1FF3F40F33C
:10805000C280D5E9240180F08000084305D0DAE928
:10806000241281F08001114304D167498DF810B0CA
:108070000978D9B15046FFF71BFB04462846FFF7A5
:1080800017FB8442C0F09B8000F09980DAF87840BA
:10809000B9F1000F12BFC9F878405B484460CAF8D4
:1080A00078B05046FFF7FEFBA2465EE7696E0131ED
:1080B000E0D0DAF864100131DCD02F4600285646B3
:1080C00008BF5746D7E9241281F400311143002834
:1080D00008BF2E46706F0090B9BBD6E918484FF024
:1080E000FF30706600F0CEF904F1280004A9FFF714
:1080F0007BFC0446C6F8648000F0C4F99DF81000CB
:10810000C8BB601C37D0706E211A844205D83E4A25
:10811000D26B02EB820201EBC2012822B1FBF2F228
:1081200002EB8202C1EBC20121442831814222D0FC
:108130003548009AD167007810B9334801210170A1
:108140000320114605F0F4FC15E096F89E10481C3B
:1081500086F89E0011B196F89F1002E0002186F883
:108160009F10C0B20844642805D364225143B1FB78
:10817000F0F04628B1D9D7E9240180F40030084353
:108180003FF478AF96F89E0096F89F100844642854
:10819000FFF470AFD5E9240180F08000084308BFE8
:1081A000A5F89EB0DAE9240180F08000084308BFFA
:1081B000AAF89EB05EE70AF17800D146D3E62846D9
:1081C000FFF770FB4FF01F0B13E0B9F1000F0CD05D
:1081D000C9F878500BE0B9F1000F04D0C9F8785015
:1081E000C5F878A003E0C5F878A0074845604FF0CF
:1081F000000B0448006804F06BF8584607B0BDE86F
:10820000F08F00BF58500120103C012030000020AA
:108210002DE9FC47DFF834928246476F0D46002671
:108220004FF0FF310096D9F8000004F04BF8DAE97E
:108230002401421E61F10003D2F11F0476EB030317
:108240000ED3012303FA02F212F08B0F05D0787ED1
:10825000012835D1002000263DE012F0802F23D1E7
:1082600080F040020A431FD080F080020A4338D0D9
:1082700080F480720A4339D081F0200108433DD157
:10828000DFF8CC81D8F8046001A806F02FFBDAF8FB
:108290000800002841D0DAF85010EAB200FB0210C2
:1082A000CAF85000002626E0DAF87400022200899D
:1082B00001F0F4F9BAF888002844AAF888001BE015
:1082C00068460121FCF7B1FE064601F0DBF9009893
:1082D00000F00F00009079690222084401F0DEF9F5
:1082E00009E050462946F8F773F905E0504629465B
:1082F000F8F786F8064616B9002607E01F269AF812
:108300009800032804BF00208AF89A00D9F80000DA
:1083100003F0DEFF3046BDE8FC87DAF8100010B14C
:10832000019981425BD2554655F8500F0146AA6A21
:1083300052B1D2E9241282F020021143464A454943
:1083400008BF0A461168411AC6B1019A8A4215D37C
:10835000316DDAF86030891A99420FD93D482A60A8
:1083600005220168284605F09FFA9BE7314651F83F
:10837000503F0A69134498420ED3B66F002EF5D1D0
:108380000198CAF850009AF84F0001281BD100202C
:1083900060218AF84F0018E0D6E9240380F010002D
:1083A00018430BD140F21B50824207D301208AF8B8
:1083B00020009AF8990001308AF89900284605F0C3
:1083C00055FA316E01E0234801682846052205F080
:1083D0006BFADAF8100020B12968814201D9012531
:1083E00013E0DAF81C0000283FF45CAF19491A4A80
:1083F000DAF86030896812681144DAF850201A44BB
:10840000511A81427FF64EAF04259AF89A405046A1
:1084100000F05AF8D9F800004FF0FF3103F052FF96
:10842000012C04D198F84200013888F84200D9F8AC
:10843000000003F04DFFDAF82C1009B128468847F8
:108440005046F7F77DFD1F2655E700BF5850012025
:10845000103C0120C43A0120840100200246D0E9EA
:10846000240380F48070184309D1106E41B1116863
:108470007D2202EBC101B1FBF2F108447047106E9E
:1084800070470000F0B50F49002000240B2818D0D9
:10849000002223460A2A10D001EB82052C6964B120
:1084A0006D6955B101326E6E676EB742F2D901EB5C
:1084B0008203C3E903540123ECE701300124002BBC
:1084C000E4D1F0BD103C01202DE9F041D0E92412A7
:1084D00082F00802114311D13B49CA68824266D03A
:1084E0008B68834266D0002B66D01A469B6F83420E
:1084F000F9D1836F9367002282675DE0324DB0F857
:108500008A80466E002295F84010914206D005EB15
:1085100082031B69834202D00132F6E70A464B1EF2
:108520008A420AD205EB820493421ABF05EB820706
:108530007F69002701322761F2E700F047F895F8DC
:10854000400095F841100138014385F840000906C4
:1085500002D100F051F834E0711C02D1C1B20129FE
:1085600004D1404600F062F895F840000021002256
:10857000C3B29A4225D205EB82031B690BB3D3E940
:10858000246484F00207374303D086F04006344366
:108590000BD19C684CB1586F04819868996000EBCE
:1085A00080008000186695F840000132E0E7002066
:1085B000C86001E0806F886091F84100013881F85F
:1085C00041000020BDE8F081103C012009494A68C3
:1085D000824208D062B11146926F8242FAD150F8BD
:1085E000782F8A6702E050F8782F4A6000210160F6
:1085F000704700BF103C012070B50B4C04250026CD
:108600000F2D08D054F8250018B1F7F799FC44F85D
:1086100025600135F4E7201D00214422002508F0E3
:1086200077FA0020E56370BD103C0120F8B53F4C9F
:1086300094F84010B1B1012917D10020E0632069FE
:10864000D0E9242182F010030B4338D082F02003BC
:108650000B4334D082F08002114361D1016E006F70
:10866000C08A33E00020E0635AE004F110014FF6C5
:10867000FF724FF6FF730D462E6866B1776E0137B5
:1086800009D0B6F88A6086424AD99BB29E4238BF6A
:1086900033460435F0E798B2904241D00A46136859
:1086A0002BB35D6E013522D0B3F88A3004329BB211
:1086B000B3FBF0F505FB1033002BF0D030E0406F3A
:1086C0004189008901EB810140088900FFF73EFBE9
:1086D000E26B2169A1F88A0012B302EB82000A6DF5
:1086E000C000B2FBF0F303FB10204866F8BDE26B5C
:1086F0004243E26302EB8202D2000B688BB15C6EF4
:1087000001340DD0B3F88A400431B4FBF0F4A3F87F
:108710008A401C6DB4FBF2F505FB12445C66ECE785
:10872000F8BDBDE8F840FFF7ADBE00BF103C01202A
:1087300070B5104B03F1100193F84020DB6B03EB95
:108740008303DB008AB10C6864B1B4F88A504543F6
:10875000A4F88A50656E6E1C04D0B5FBF3F606FBD8
:10876000135565660431013AECE7BDE87040FFF748
:1087700089BE00BF103C0120B0B5054C0021442249
:108780000025201D08F0C4F90020E563B0BD00BF3E
:10879000103C012001484068704700BF103C012098
:1087A0002DE9FC470446FDF70FFE054601A806F03B
:1087B0009DF8DFF84C81D8F80C0060B30199503077
:1087C00005F014F9012826DBD8F80C60012C23D120
:1087D00096F84C1000208D4228BF012000F040FF89
:1087E00096F84C00316D2C1A019888421CD905F07E
:1087F00021F94FF47A51B0FBF1F0C0B2C0F10D098C
:10880000B9F1030FD8BF4FF003090A2824BF012094
:1088100086F845000AE00026002C4CD00024002EEB
:108820004AD04FF00D0918E04FF00D0996F84D00B1
:108830003C21012808BF38217058726BE1B202FB5D
:1088400001007D2101EB8000B0FBF1F02D490968AA
:10885000884288BF014601980C18DFF8A8A008F1EB
:1088600004005FFA89F70568B5B1DAF80000296DF0
:10887000081AA04210D22846FEF71AFFB8420DD3BC
:1088800096F84600012804D195F8920010F01E0FCA
:1088900004D105F17800E6E7012000E00020D8F8D7
:1088A0000C108E4203D0344630B9002404E030B1BD
:1088B0000198201A306434462046BDE8FC87002D1C
:1088C000F3D0DAF80000019950350144284605F04C
:1088D0008DF80024B0F1FF3FEEDCB9F10A0FEBD8C0
:1088E000DAF8000001997D2208442968081AB16B62
:1088F00002EB8101B1FBF2F18842D6D9DAE700BF81
:10890000103C0120840100200148C068704700BF6E
:10891000103C01202DE9F041104D0446104F4FF05E
:1089200001086868002818BF01200121B847002C01
:10893000204618BF012000210026B84768680121A1
:10894000001BB0FA80F04009B847686884F88D8051
:10895000806FA66768600020BDE8F081103C0120B0
:10896000D5C102082DE9FE4304460E2003F07AFC2F
:10897000606D2546DFF804910027414E019055F8BF
:10898000500F02970090D9F80400002818BF01206A
:108990000121B047D9F804000121001BB0FA80F092
:1089A0004009B04794F89800023818BF012001210F
:1089B000B047D9F8040084F88D70806FA7672768E6
:1089C000C9F80400DFB1D4F8900010F06D7F16D123
:1089D000D4F8941080F480704FF0000808434FF0F2
:1089E000000004BF606F90F83B01032106F034FFE4
:1089F000C1192846012204F057FFC4F8008002A8DC
:108A000005F074FFD4E9240181F02001084305D06A
:108A10001C4805220168684604F0C0FF02996846B8
:108A200004F0E4FF012805DB0099029805F002F844
:108A3000054600E00025204600F074FD18B1B5FBA6
:108A4000F0F0451C04E000200121002503F0C2FBEA
:108A500094F899002946284400F026FE054638B9C6
:108A60002046FFF76DFA99F8420008B1FEF738FF8B
:108A70000E2003F0F9FB2846BDE8FE83103C0120E0
:108A8000D5C10208840100202DE9F04F85B0DFF840
:108A900080840446D0E9245B00F0FAFD8BF00800E6
:108AA000284327D1D4E92401012581F00801084396
:108AB00000F0D9FD94F84600012823D104F13800D4
:108AC00004F1340104F13C02FDF77CFCDFF85004B2
:108AD00084F84D508078002800F0848004F150051F
:108AE000284605F003FFDFF83C0464210068414399
:108AF00028467EE0DFF81C9499F840000A2810D937
:108B00001F2584E0DFF80C04002200F10801134661
:108B10000A6802F17801002AF9D1002B6FD09C6716
:108B20006EE001200121474601954FF0010803F056
:108B300051FBD4E92401D4F874A0421E61F1000372
:108B40000025D2F11F0675EB0303C0F0A18008FADF
:108B500002F313F08B0F62D020460121F7F772FE6B
:108B60004FF0FF31DFF8B0A3DFF8B02361667D215D
:108B700001EB80009268B0FBF1F0DAF800101144CC
:108B800008442066204600F027FDD9F80C50B8466E
:108B9000002D00F08281D5E914010522CDE9020102
:108BA000DAF8000000F57A5102A804F07DFE286D85
:108BB000002800F0728104F1500A02A8514604F026
:108BC000E5FDB0F1FF3F00F368816E6BFDF7FCFB44
:108BD000D5E90E1206FB001081185046012204F060
:108BE00063FE5AE1D048416B204640F8501FCD4902
:108BF0000968052204F058FEC648C46000E084609D
:108C0000C44890F84110013180F841100025D8F88F
:108C1000000003F05DFB284605B0BDE8F08F01239E
:108C200003FA02F212F0802F32D0BAF80A10BAF822
:108C3000080001EB810140088900FFF787F8B64979
:108C4000BAF80A30BAF80820A4F88A000D68B349C7
:108C5000D61A142389682944B5FBF3F5ADB2AE42A8
:108C600004DCB1FBF3F3D21AAAF80A202522B84695
:108C700022740028BAF80A2002EB820201EB82017A
:108C8000216600F0B78008460021FEF7ADFEB3E094
:108C900080F040020A4354D080F080020A437BD027
:108CA00080F48072B8460A4300F09A8081F0200177
:108CB000084340F09D80012000F0D2FCDFF858A26C
:108CC000964E6169A0680028DAF800201144B26865
:108CD0001144216600F09B802822B0FBF2F0FFF7E0
:108CE00035F80028A4F88A0000F0BC80206E00212E
:108CF0000025FEF779FE606604A805F0F7FDD9F8B7
:108D00003C00049B616EE26800EB8006F000B3FB60
:108D1000F0FC05330CFB00118B4288BF01EBC60150
:108D20002165002A00F0AE808A4240F2AB80024406
:108D3000CB431A44B2FBF0F292B202FB0010206562
:108D40009FE075481423BAF80A10BAF8082005689D
:108D50007248561A80682844B5FBF3F5ADB2AE42AE
:108D600005DCB0FBF3F1511AAAF80A1089B201EB45
:108D700081014FF0FF320025A4F88A5000EB8100FA
:108D8000C4E91802204600F027FC0120A4F888500E
:108D9000B84684F88C0080E004F150000AF13801F4
:108DA00004F064FD50460021F7F748FA5A49096873
:108DB00008445A4989680144BAF816002166FEF74A
:108DC000C5FFB846A4F88A00B8B3D9F83C10206DA6
:108DD00001EB8101C900B0FBF1F202FB11002EE0B2
:108DE0002046F7F7A5F905464FF0FF30606649E0E9
:108DF0001F2548E04FF0FF306066204600F0ECFB96
:108E0000012084F88C000020A4F8880045E04FF091
:108E1000FF30606604A805F069FD00F02AFC55F8F3
:108E2000440C18B12968814238BF2860206940B1DC
:108E30002968814205D9032010E04FF0FF306066B9
:108E40002BE0E069E8B1DAF80020B168236E114444
:108E5000226D1A44511A814213D9042084F821004A
:108E60001F250FE04FF0FF30606604A805F03EFDBF
:108E700000F0FFFB55F8440C18B12968814238BF57
:108E8000286000254DB18BF02000019908437FF444
:108E9000BEAE2046F7F754F8B9E699F84000002234
:108EA0002146013089F84000C0B2D2B282420FD2CE
:108EB00009EB82031D690DB90D4619614E6E6F6E87
:108EC000B74201D80132F1E7196101322946ECE7D6
:108ED000D4E9240180F4802008431CBF2046FFF71A
:108EE0002FF899F84200019D08B1FEF7F9FC8BF0CC
:108EF000200028437FF48AAE99F8401009F1100051
:108F000000293FF4FDAD04C80139A242F8D17DE645
:108F100058500120103C012084010020C43A012057
:108F2000E8410120B83A0120243A0120F0B5DFF8E9
:108F30004CC001461048DCF800408368234470C9E7
:108F400061190E318C190E4E06F1100596F840602D
:108F500046B12F681FB13A6E2244D21A3A660435E0
:108F6000013EF5E7CCF8001000F10C010C22BDE841
:108F7000F04007F087BD00BFC43A01208401002003
:108F8000103C0120014890F840007047103C01203F
:108F9000014890F841007047103C0120B0B50446EC
:108FA000806F00F060FB94F89800023818BF012031
:108FB00000F056FB0C4D00F07CFB0020012184F8F2
:108FC0008D002046FFF724F940B92046FEF7B8FF90
:108FD000064890F8420008B1FEF782FC2868BDE818
:108FE000B04003F075B900BF58500120103C01207B
:108FF00010B50446406F0021F7F720F90649074AEB
:1090000094F8A030096892681144C21D002B08BF73
:109010000A18226610BD00BF84010020C43A012056
:109020002DE9F84F0028054618BF012000F018FB75
:109030004B48696F009190F84000012805D1C88A1B
:1090400040F2E24100FB01F60EE0464890F839009C
:1090500008B1012780E0A86F0028FAD0503005F150
:10906000500104F0E5FB064695F8A00070B1002021
:10907000DA2E88BF012000F0F3FA3B483B49009B01
:10908000806809680844A6F1DA0117E0374C364FCA
:109090002068B9680844C0EB401101EB9001002042
:1090A0008E4288BF012000F0DBFA2068B968009B7F
:1090B0000844A6EB9001A0EB40121144DA8B1E4647
:1090C0004FF41B7402EB820302FB043A8A4528BF6B
:1090D0008A462A6E101AB0EB830F28BF8A46F6F72D
:1090E000F5FD5FFA80F9B9F1000F07D0C0F3072052
:1090F000B6F8B640844288BF044601E0B6F8B640F0
:1091000005F10C0B5846F7F7D9FB194D06464FF001
:1091100000080027072F1AD0002E08BF2E464F4503
:10912000009828BFB0F8B640B189A2B2043989B21C
:10913000F7F7FAFA4044963050450AD8AE425946FD
:1091400000F1960818BF311D0E680137E2E70727C6
:1091500002E0002F08BF0127F8B2BDE8F88F00BF7A
:10916000103C0120243A0120C43A0120840100204F
:10917000880100202DE9F04F8BB082460120DFF8F6
:109180000C828B46174605900020CDE9020008F1BD
:1091900004017F480C684CB1D4E92412014002F06C
:1091A0000202891804D104F17801F3E71F25E9E0F0
:1091B00094F8995005A805F099FBA146052259F8A5
:1091C000500F0890D9F8040009907248016808AE61
:1091D000304604F0E3FB30461021052204F0DEFBAC
:1091E0000599304604F002FCB0F1FF3FCDE900756F
:1091F00001DD00252FE0204600F094F9064608988E
:10920000059904F017FC0746634800F057FAF01977
:109210000138B0FBF6F5D4E9241081F010020243C6
:1092200007D081F04002024303D081F020010843BF
:109230000DD1606F02220830008805FB00F148461E
:1092400004F0ACFBB4F88800401BA4F88800524836
:10925000006803F03DF8A06818B100EB80008000C2
:1092600000E0206ED4E914124C4ECDE90612494AB2
:10927000B168126811440522411A06A804F014FBD3
:10928000D8F80470BC421ED02046FFF79FF9D8F8EA
:109290000400C8F804400522A067D7E91410CDE9FE
:1092A00008103C48B168006808AE0144304604F03C
:1092B00075FB06A8314604F069FA0128A4BFDDE970
:1092C0000801CDE90601059906A804F08FFBB0F16D
:1092D000FF3F01DD002604E0DDE9051004F0AAFBF4
:1092E0000646059906A804F081FBB0F1FF3F0ADCB1
:1092F000284800681030864205D90025CBF8006068
:10930000CAF800403EE0059906A804F06FFB01286A
:1093100025DB02AE4946304604F0A8FA204600F0AC
:1093200001F901463046052204F0BEFAA06F10B3E1
:1093300000F1500102A804F029FAB0F1FF3F019EAC
:109340000BDC14480522016802A804F027FB0599EC
:10935000029804F06FFB009908603A2502E04FF68E
:10936000FF75019E2046FFF731F92046FFF716FEF4
:1093700084F8996006E020462946FEF749FF00F090
:1093800081F93A2528460BB0BDE8F08F103C01204A
:10939000700000208401002058500120C43A0120B0
:1093A000B0B5044628480022D3B200EB83052D69EE
:1093B00025B16D6E013501D00132F5E7012B07BFF4
:1093C0000269A242C26B002A10D1C1630120A4F835
:1093D0008A0001EB8100C000216DB1FBF0F202FBBD
:1093E00010106066BDE8B040FFF74CB88A42ECD080
:1093F0008A420DD9B2FBF1F303FB01F5AA4207D172
:10940000C163D8B2FFF794F90120A4F88A00B0BD77
:109410008A420BD2B1FBF2F000FB02F38B4205D182
:10942000C0B2A4F88A0002EB8200D4E74FF0FF300C
:1094300060660020A4F88A00FFF724F8B4F88A00D8
:10944000BDE8B040FFF7F2B8103C0120B0B50446CB
:10945000456FD0E9240180F08000084314D102F068
:1094600019FE022810D3B5F88610B5F8840005F16E
:1094700096022023FEF74AF8B5F89610A5F8861054
:10948000A5F8841000B1B0BD606E0130FBD1D4E905
:10949000240180F480700843F5D00848C06B002890
:1094A000F1D0206E00212830FEF79EFA00F128014D
:1094B000204600F005F8A5F89000B0BD103C012052
:1094C0002DE9F843DFF85890056D406F8846C68A4D
:1094D000B0F8E670B0F89440D9F83C00002818BF06
:1094E000012000F0BDF8E01BD9F83C10704300EB00
:1094F000800001EB810105EBC000CA0008EBC1014F
:10950000B0FBF2F35343181A0844B0FBF2F101FB2D
:1095100012002821B0FBF1F080B2BDE8F88300BF53
:10952000103C0120F8B5D0E92412446F4B1E62F1C3
:1095300000050026D3F11F07009676EB05050DD335
:10954000012505FA03F313F08B0F04D0607E012888
:1095500020D1002029E013F0802F19D181F04003A1
:10956000134315D081F08003134324D081F480731A
:10957000134320D082F02002114321D1846824BB00
:109580001349144A006E896812681144441A1CE099
:1095900020890CE068460121FBF747FD10B100204F
:1095A00000F05EF8009800F00F006169084400EBDD
:1095B0008000840009E0E08A00EB8000C40004E041
:1095C00000200121002402F005FE2046F8BD00BF66
:1095D000C43A0120840100207CB51E4904460025C0
:1095E0001D4BD4F89020C86B00EB80001A4206D0C7
:1095F000096921B9616E013114BF01250025C6003A
:1096000001A805F073F9019985B9606E421C0DD06F
:10961000B1FBF6F202FB0600104A12682065114405
:109620000531814284BF304420650FE02046052289
:1096300040F8501F09490968053104F035F92DB18A
:10964000206DB0FBF6F101FB160060660020A4F867
:1096500054007CBD103C012030000020840100201B
:10966000012102F0B7BD0121B0FA80F0400902F0FB
:10967000B1BD049825460521052245F8500F28461E
:1096800004F012B9B0FA80F00121400902F0A2BD45
:109690004FF0FF31D8F8000002F014BE00FB05F1D6
:1096A0000AF1500004F000B984F899002046FEF752
:1096B000AFBD4FF0FF31286802F004BE4FF0FF311C
:1096C000006802F0FFBD0000B0B5294C606A18B117
:1096D000F5F7B4FE00206062206918B101F080F84F
:1096E00000202061204600216022002507F010FAAA
:1096F000012084F82900FF2020734FF01010A06093
:109700001C4CE06A10B1F5F799FEE562A06B08B158
:1097100001F066F8E06C08B101F062F8206E18B153
:1097200004F0CEFB002020662046002164220025A4
:1097300007F0EEF9012084F83400072020764FF47A
:109740000060C4E904000C4CE06B10B1F5F776FE44
:10975000E563606A08B101F043F804F10C000021F0
:109760004C2207F0D5F9012084F84000B0BD00BFBD
:10977000583C0120B83C01201C3D0120FEB50446A8
:10978000002015460E4602901CB9022D01D011276B
:109790005FE0414890F8291011B9C07B012855D0ED
:1097A0003E4890F83410002942D03E4890F84010CE
:1097B00019B990F82100012848D0022D4BD0012D75
:1097C0000ED0002D42D10DF1060300203146224675
:1097D000FBF774FA0746E0BB9DF80600C00725D0EA
:1097E000002000213246234600902846FBF7ECFA81
:1097F000074670BB2046314600222B46002702F068
:109800001FFB012E25D1607900F0C00040280DD14A
:1098100002AA02202146002302F02AF9029810B37E
:109820000068012D30D1C0B2FBF704FC002710E026
:1098300090F824000138032808D3194890F82E1016
:109840000029B2D090F82C000328AED100F0B9FF67
:109850000C273846FEBD00200027FBF757F90020F3
:1098600002F014FBF5E70DF1070500F0BCFF074619
:109870000728EED1032000F017F807460028E8D1AA
:1098800000F0B1FF0746E4E7C1B203200022002741
:10989000FBF7EEFBDDE700BF583C0120B83C0120A0
:1098A000CC3E01201C3D01201CB50021019101A9E5
:1098B000FBF786FB044618B99DF8040002F0A4FAF1
:1098C00020461CBD2DE9F04F87B0DDE91089044624
:1098D00000201E4692460F460690CDE90300CDE9D2
:1098E000010084F0100050EA010B05D132498D7B54
:1098F00089F80050887B08E02E4890F8225000F14B
:109900000C0189F8005090F8220000F098FF04BF85
:10991000A81E89F80000404600F056FF3EB1012E17
:109920000BD19AF80500BF2801D83F2805D8BBF114
:10993000000F26D12048807B2AE00DF11703032079
:1099400031465246FBF7BAF968BB9DF81700C007CD
:109950002ED105F0FE00022825D10DF1170106AA2F
:1099600004200023002402F083F80698E0B101A946
:10997000062207F003F9B0B10699404600F024FF33
:109980000EE084F0400038430DD10A4890F82200E0
:1099900000F055FF07D15046414602F037F910B9A3
:1099A000012089F800000024204607B0BDE8F08FB0
:1099B0000124F9E71C3D0120583C01202DE9FF411D
:1099C000464C40F20112A57BA4F8482005F0FE02A7
:1099D000022A02BF023D424AD57784F8281094F843
:1099E000291068B301292FD0606AF5F727FD0646D4
:1099F00058BB00252069656210B100F0F1FE2561B9
:109A0000206A002102F04CFB0646F0B9344890F879
:109A10002E00012804BF0320FBF778F802F04EFA6D
:109A20000220FBF773F801202E4B0021002684F85A
:109A300029008DF80C0003AA082004F0DBF904E0EB
:109A400011B1FBF7CDFB20B10026304604B0BDE8D4
:109A5000F081224CEDB22846214608F0D3FD06469F
:109A60000028F2D1032002F0D1FA0028206218BFAA
:109A7000012000F096FE207B4FF00008012817D14E
:109A80000420A4F81C806083206918B9164804F0EB
:109A900019FA2061002704F110012846032200234F
:109AA000009701F034F806460028CED1102001E0DE
:109AB000202000270D4B39462246CDE90088CDF8FD
:109AC0000880F4F715FF0028606218BF012000F03D
:109AD00068FE84F8298084F83C80B5E7583C012072
:109AE000CC3E0120F59E0208346E0120F19A020856
:109AF0002DE9F04F9BB07F200D4602F0B3FB002D07
:109B0000284618BF012000F04CFE95F820100029CF
:109B10000846029100F0BE8195F82B000021082232
:109B20004FF00009019018AE304606F0F1FF0298A0
:109B30000DF1280B0DF113074FF00008C0EBC0002A
:109B40004FEA800ADFF89C0308300390C24521D019
:109B5000A868002818BF012000F023FE0BEB0804C2
:109B6000A868039A3B46CDF80090214600F0FCFE21
:109B70009DF81310DB4A0028D17740F08B8195F8CF
:109B800022002076A86801C601F0C0FBA86008F199
:109B90001C08DBE7D349032081F820009DF8410031
:109BA000032800F27781C000CF49CE4C062221FA6B
:109BB00000F084F821000AAF2046394606F062FF23
:109BC0009DF84200DFF824A3A4616077A07794F8A1
:109BD0002E009AF80D10012884F82D1022D101983A
:109BE00001F0B8FC002840F05581BE4CA069002867
:109BF00018BF012000F0D5FDA07FA16906228DF8D5
:109C000042000AAE304606F03DFF0298022809D114
:109C1000B4490622887F89698DF85E0006F11C0030
:109C200006F030FF019810B14FF00008F9E09AF803
:109C30002800012840F08980DDF808B09AF80C006F
:109C40008BF00201084318BF012000F0AAFD9AF82A
:109C50000C004FF00108012807D19DF841004FF09A
:109C6000010840F00200032872D19DF82D009DF8F4
:109C7000424000F0C000B0F140069A4818BF0126EB
:109C80004179427F90F82E0001F0C00182F001027C
:109C900081F04001114380F0010252EA010713D123
:109CA000DFF840920DF16B03032001214A46FBF7D8
:109CB00005F8002840F0EE809DF86B10022000228D
:109CC000FBF7D6F999F82E0050B101210138A143D4
:109CD000B0FA80F0314340090840012840F0A080EC
:109CE000B7FA87F040090ED09DF842100AAA0DF18C
:109CF0006B030220FAF7E2FF002840F0CB809DF8CA
:109D00006B00C00759D000209DF84220022100902E
:109D10000AAB0020FBF758F8002800F081800728E4
:109D200040F0B8800220FFF7BFFD002840F0B2806D
:109D300000209DF84220022100900AAB0020FBF792
:109D400043F8002840F0A6806AE04FF0010868E080
:109D50009DF842000AF12A06002700F00109032FAE
:109D600015D09AF83C0008FA07F404420CD09AF88F
:109D70003D00F84000F00100484505D10AA83146F1
:109D8000062206F0FBFE90B106360137E7E7BBF18D
:109D9000010F40F0A3809AF83C1000200122032814
:109DA0000ED002FA00F30B4220D00130F7E7BBF1EE
:109DB000010F40F08980022FEDD84FF000082FE00E
:109DC00005A801210124FBF730F9000662D1032028
:109DD00005999AF83D20B1FBF0F000EB4000081A1D
:109DE00004FA00F1059022EA010105E019438AF81E
:109DF0003C109AF83D10994309FA00F200EB40003C
:109E0000114306220AEB40008AF83D100AA92A30C5
:109E100006F038FE4FF00108BBF1010F7FF425AFCB
:109E20000AAF304890F82F00012822D19DF8401049
:109E30009DF8422001208DF827008DF825008DF82F
:109E400026208DF8241005AC0399062204F10800A1
:109E500006F018FE0AA9204600F0B6FC2448006867
:109E6000816A09B105A888471E49002081F82F00A2
:109E700010E01F480068426A62B1B8F1020F05D0D5
:109E8000B8F1010F06D10AA8029902E007F11C00FF
:109E90000121904795F82400012803D11348406A16
:109EA000F5F73EFD18AD0024029EA64206D055F8F7
:109EB000240008B101F00CFA0134F6E77F2002F02B
:109EC000D3F91BB0BDE8F08F022F07D89AF83C00F9
:109ED0004FF00208A0438AF83C00C6E64FF00108A4
:109EE000C3E600BFCC3E012000010602583C012021
:109EF000403B012010B5428903681A440B78022BBD
:109F000013D0012B08D0ABB913785278498862F38B
:109F10000B238B4205D00BE09178022901D00B294D
:109F200006D1F7F7E5FD012409E091780D29F8D075
:109F3000002404E000200121002402F04BF9204617
:109F400010BD000010B50C4604280DD8012101FAFF
:109F500000F010F0130F07D0206858B9064803F03E
:109F6000ADFF30B9072010BD206818B103F0A8FF7D
:109F700000202060002010BD146E0120F8B568B1EB
:109F8000194F054697F8340050B1687C07F160011D
:109F9000FFF7D8FF072807D1072423E0122421E088
:109FA00000F00FFC0C241DE00446687C07F1080655
:109FB0002946042812BF0128002028772022304695
:109FC00006F060FD97F8231097F82420B87E87F8F4
:109FD0003100304687F8301087F8322007F11B0136
:109FE00000F0F2FB2046F8BDB83C012070B5E8B1A6
:109FF000244C06460D46A06B18B9234803F062FFB7
:10A00000A0630420A4F84450A4F84850A4F84200E7
:10A0100094F83700C0070BD1B4F84200A16B00F0F0
:10A0200009FC94F8340010B300201FE0122070BD2A
:10A0300094F8300000F003FC0AD100F0DBFBA8B973
:10A040001248134900F0DCFB0E49083006F01AFDF7
:10A05000607E042818BF0128DED104F1080104F154
:10A060001B02012001F05EFE0028D5D070BD04F176
:10A07000080004F1380300210022BDE8704000F020
:10A08000E7BB00BFB83C0120346E0120CC3E01206C
:10A09000743D01202DE9F04788B0904C064694F8B5
:10A0A000300094F8311094F8322094F8238084F82A
:10A0B0002300002084F82420A17604F10801062260
:10A0C0000790CDE90500CDE9030004F11B0006F07F
:10A0D000D9FC04F1350008F0EFFA94F8230000F001
:10A0E000FE01022904D1A0F102087D4880F81F80FA
:10A0F00094F824007A4981F82C0091F82E1084F805
:10A100003300012908D1032803D0012804D10220FB
:10A1100000E0002084F82400607E042813D8002585
:10A120004FF001094FF0000A0127DFE800F01803A3
:10A130000E120500062060614FF0000A4FF0020980
:10A14000012501270BE011276BE000254FF00809DE
:10A1500002E000254FF0040902274FF0000A2EB15B
:10A1600094F83400012808D100275AE0FBF738F8AA
:10A1700090B100F026FB0C2753E0E06AF5F75EF99A
:10A18000074600284DD100F043FB0746002848D180
:10A19000012084F83400E7E794F834000028E3D085
:10A1A000607E04F16001FFF7CDFE072838D0384605
:10A1B00001F02CFFA06280B3484E5FFA88F0314670
:10A1C00008F020FA074660BB96F8230000F037FB42
:10A1D00008D106F10800314601F018FD10B9012040
:10A1E00086F8230055B306F1080707AA01200023CB
:10A1F000394601F03DFC079800B303A9102206F090
:10A20000BDFCD8B106F11B0838460622414606F0CF
:10A21000B5FC50B10120B07610E0422002F026F8E3
:10A220000727384608B0BDE8F0870798414601F097
:10A230000DFD07460120002FB076F2D10420717E7B
:10A24000A6F84200002001291CBF0429B6F84800E6
:10A25000A6F84400B06B18B9224803F033FEB0638F
:10A2600006F1080006F138030021002200F0F0FAA0
:10A2700007460028D5D1707E40F00200022819D18F
:10A280000420A6F85600B6F85C00A6F85800F06C5A
:10A2900018B9144803F016FEF064002196F8230064
:10A2A00004220023009106F14C0100F030FC074627
:10A2B0000028B6D10C4B0027484651463246CDE91E
:10A2C00000770297F4F714FB0028F06218BF012012
:10A2D00000F067FA86F83470A3E700BFB83C0120AD
:10A2E000CC3E0120346E0120EDA202082DE9F0479A
:10A2F0009CB091F82B9080200C4601F0B3FF002C0D
:10A30000204618BF012000F04CFA0EA80021382288
:10A3100006F0FEFB94F8200088B3012840F00E817F
:10A32000A06800F078FB064603282FD1A74DDFF880
:10A3300094A2002085F820009AF81900042812BF82
:10A340000128012085F82000B9F1000F3BD0B9F1B8
:10A35000010F55D1032E4BD1A068062200F065FAFB
:10A36000A06803210068007885F8211000F02FFA1A
:10A370003ED19AF83310012001F0ECF838E0914C0E
:10A38000E06AF5F75BF898B107274FE0A068052E63
:10A3900014D10EAF0522394600F050FB0546384671
:10A3A00000F0B2F908B1002DC0D08648C06A21E0A3
:10A3B00000F02EFA002849D0062737E000F088FF89
:10A3C00000F041FA32E0052E12D10520062285F870
:10A3D0002100A06800F029FAA0680068007800F069
:10A3E000F6F90DD19AF83310002001F0B3F838B126
:10A3F000DAF82C00F5F794FAA06800F069FF9DE008
:10A40000A87F0DF13808A96906228DF85B00404647
:10A4100006F038FB95F82E0001285DD1AA69A97FC6
:10A4200007AB01200127FAF749FC58B3B9F1000F37
:10A4300040F084800020002101F0CCFE62480068DA
:10A44000016800297AD03846884777E05E4800687E
:10A45000C16899B100213C220D91CDE90B11CDE9E4
:10A460000911012107928DF82C10A17E8DF836106C
:10A4700004F11B010891C16807A88847012084F8EE
:10A4800034005BE09DF81C00C00708D14F4A07ABC1
:10A4900003200121FAF712FC80B10227C6E79AF8DF
:10A4A000320040F00200032816D1AA69A97F07AB49
:10A4B0000020FAF703FC50B10327B7E79DF81C1002
:10A4C000C80795D101200022FAF7D2FD90E79DF848
:10A4D0001C00C0077FF48CAFA06800F0F9FE052EC9
:10A4E00028D19AF81900042818BF01282CD10AF1A4
:10A4F0001B060EA90622304606F040FB28B99AF842
:10A5000031009DF85B1088421ED095F82E0088B16E
:10A510009DF85B109AF831008A1E824206D10EA87F
:10A52000314601F037FC78B19DF85B100EA801F0C0
:10A5300047FC48B1DAF82C00F5F7F2F9802001F079
:10A5400093FE1CB0BDE8F087DAF82800052101F081
:10A55000A7FD00287FF430AF08F10800214603F082
:10A5600085F901200124F5F729FBDAF82C00F4F72E
:10A5700065FF00287FF408AF95F82E20002640F2F2
:10A58000E247DAF82800DAF860109AF823308AF8FF
:10A5900034409AF83040CAF82C60CDE904678DE861
:10A5A0001C040EAA2B4607F0A1F904460020F5F77B
:10A5B00005FB0CB1082739E70120CAF860608AF86A
:10A5C0003400BBE7B83C0120403B0120CC3E0120D9
:10A5D00080B50A4890F8340048B1094890F829003D
:10A5E00028B1054890F8400008B1002080BD00F077
:10A5F000E8F80C2080BD00BF1C3D0120B83C0120C4
:10A60000583C0120B0B586B0194C00200590CDE92A
:10A610000300CDE9010094F8340058B994F83000F3
:10A6200000F00DF906D104F108052146284601F095
:10A63000EDFA10B1002006B0B0BD607E042818BF4E
:10A640000128F7D105AA01202946002301F010FABC
:10A6500005980028EED001A9102206F08FFA0028F4
:10A66000E8D004F11B01059801F0F0FAE2E700BF21
:10A67000B83C012080B50B4991F8341059B10A4912
:10A6800091F8291039B1064991F8401019B1BDE887
:10A69000804008F0E1B800F094F80C2080BD00BFC5
:10A6A0001C3D0120B83C0120583C012070B50646F5
:10A6B000134814460D4690F8340068B905E000F0E0
:10A6C000ADF838BF012000F06CF82078315C00292B
:10A6D000F5D1012100F068F80A4890F8290030B15E
:10A6E00070BD00F09BF838BF012000F05AF82078C8
:10A6F000315C0029F5D1032100F056F870BD00BF90
:10A70000B83C0120583C0120F8B590F82030C28AAE
:10A710000024002590F826C040F67B4740F677419C
:10A7200003F1FF069A4288BF0125F3B29E1B18BFB2
:10A7300001263540961FB6B2BE424FF0000638BF24
:10A740000126478B0A3F8F424FF0000138BF01219D
:10A75000078BB7F5FA7F4FF0000738BF0127394064
:10A760003140068A96424FF0000298BF0122114004
:10A7700029400022082B38BF01221140ACF105020C
:10A780000C2A4FF0000238BF012202EA01053030E6
:10A79000052101F0DFFC012888BF012404EA05003F
:10A7A000F8BD012101F016BD3154FF21207805F8D4
:10A7B0001010207805EB40004170207801302070A7
:10A7C0007047432001F052BD062206F05BB9AD612F
:10A7D000C0F38010A877687795F82E00012870479D
:10A7E000043803F06DBB00200321012223460095AD
:10A7F000FAF7EABA04F108010020224601F092BA01
:10A80000062290F8300000EB001001EB800070474A
:10A8100000200021E062A06A01F042BC01302070FB
:10A82000C0B20A284FF0000070470068011D28469A
:10A8300006F028B92A460844314606F023B900F04C
:10A84000FE000228704700200121002701F0C2BC51
:10A850007CB50546002B18461C46294618BF01202A
:10A86000002D18BF01210840012600F0ECFC2068F3
:10A87000002818BF012000F0E6FC687C042884BF93
:10A880001F207CBD0C21DFE800F00609030509004C
:10A89000062000E00220A18906460631A87C00229D
:10A8A000EB7ECDE900022046324600F001F87CBD87
:10A8B000F0B54C1E272C19D806688589344615B189
:10A8C00044893444043C062A10D80127974017F0E5
:10A8D0005C0F01D0002707E0BF0711BF2027DDF87C
:10A8E00018C0202707EA4C17B44201D21F20F0BD40
:10A8F000059E61700335F10125F0030563F38611B0
:10A90000394411432170818911B14189043900E032
:10A9100000214181291D81810020F0BDF8B500286A
:10A9200007460C4618BF01201E46154600F08BFC5A
:10A930003868002818BF012000F085FC39680698A7
:10A940000A7800F0010002F0DF0242EA40100870CD
:10A95000300A3968C874280A8E740D748C73487470
:10A96000200AC8730020F8BD2DE9F04100280746F1
:10A970000D4618BF01209846164600F064FC386862
:10A98000002818BF012000F05EFC788939680F1894
:10A99000085C00F00F0436B107F10A0130460622C8
:10A9A00006F070F83878C0F3801000210622A876EF
:10A9B0007878698207F10A010638A960391DA882F2
:10A9C000284606F05FF81F20062C1BD80699DFE802
:10A9D00004F004071219141916000020687604E028
:10A9E00000200122A8826A76A86059B13878C0F3A5
:10A9F0004010087005E0032002E0042000E002207F
:10AA000068760020B8F1000F1EBF3978C90988F8B0
:10AA10000010BDE8F08110B50028044618BF0120E1
:10AA200000F011FC2068002818BF012000F00BFC8A
:10AA300060892168085C00F00F0010BD70B5064603
:10AA40000C46002908461546314618BF0120002E45
:10AA500018BF0121084000F0F6FB3068002818BF3D
:10AA6000012000F0F0FB70893168052D05D10A182E
:10AA70005278222A1CBF1F2070BD0A5C0D18C2F339
:10AA8000401284F822200A5C291D2046C2F380125D
:10AA900084F82320062205F0F5FF287C697CAA7C37
:10AAA000EB7C00F0E0FBE062287D697DAA7D40EA56
:10AAB000012040EA02400522A062E87D84F82000DF
:10AAC000287E697E40EA01202082A87EE97E40EA55
:10AAD0000120E082287F697F40EA01202083A87F4F
:10AAE000E97F40EA012005F12001608304F1300094
:10AAF00005F0C8FF95F8250000F01F0084F8260037
:10AB000095F82500400984F82100002070BD7CB52F
:10AB10000546002908460E46144618BF012000F0DD
:10AB200092FB3068002818BF012000F08CFB002049
:10AB3000002122462B46032C08BF0C21042C04BF05
:10AB4000B1890631CDE900003046FFF7B1FE7CBD8A
:10AB500070B50028044618BF012000F074FB20687F
:10AB6000002818BF012000F06EFB608921680422D4
:10AB7000A589002608440021083805F0C9FF60892E
:10AB80002168084400F8046DC67086704670A17B89
:10AB90004570C9074FF0120108BF11210170E81C70
:10ABA00020F003000430A081608904386081002017
:10ABB00070BD00002DE9F0410446002A10460E4603
:10ABC000154618BF012000F03EFB2868002818BF7A
:10ABD000012000F038FB1F271E2C00F2A281DFE8C5
:10ABE00014F08A00AC00C300CB00EE00060109019E
:10ABF0000C011F0011011D012001230139011F005B
:10AC0000270027003E0146014901690069008400D0
:10AC100084004F015E01A001A001A0016E0173013B
:10AC20002868314608220471053005F02BFF59E0F1
:10AC3000002E304618BF012000F005FB28684FF0B9
:10AC400018080471317A4171717A8171B17AC171D8
:10AC5000F17A0172317B4172717B8172B17BC17279
:10AC6000F17B017396F828104173317E8173717EF8
:10AC7000C173317D0174717D4174B17F8174F17F45
:10AC8000C17496F82010017596F82110417596F858
:10AC90002210817596F82310C17596F8241001765C
:10ACA00096F82510417696F82610817696F82710AA
:10ACB000C17682E0002E304618BF012000F0C3FAB2
:10ACC000286804713178417171788171B178C171EE
:10ACD000F17801723179417271798172B179C17201
:10ACE000F17901734FF0090896E0286831684171E5
:10ACF000090A0471DFE0002E304618BF012000F081
:10AD0000A2FA286800214FF00C080171317F4171CF
:10AD1000317D8171717DC171B17E0172F17E4172AF
:10AD2000317B8172717BC172B17B0173F17B4173A5
:10AD3000317E8173717EC1736EE0002E30464FF01C
:10AD4000010818BF012000F07EFA2F68B11C05220F
:10AD5000781D87F8048005F095FE30784FF00808DC
:10AD6000B8727078F87298E0286831784FF002086D
:10AD7000417180F80480AEE0002E304618BF0120FB
:10AD800000F061FA2F680320314600F067FA307D49
:10AD900006F1080108227873707DB87307F10F007F
:10ADA00005F070FE30694FF01708F8753069000A39
:10ADB0003876708A7876F07CB87618208CE0002E91
:10ADC000304618BF012000F03EFA2F680420311DE4
:10ADD00000F044FA30684FF00D0878733068000ACC
:10ADE000B8737088F873F0783874102074E02868AD
:10ADF000052141E0286806213EE02868317841714C
:10AE0000072165E028684FF009083146082280F8DC
:10AE10000480053005F036FE0C205DE028680A212C
:10AE20002AE028680B2127E0002E304618BF0120B9
:10AE300000F009FA28680C214FF0060801713179F9
:10AE40004171317881717178C171B1780172F17895
:10AE5000417222E02868317841710D2138E028687C
:10AE600031787278417111218271017124E0286872
:10AE7000122101E02868132101714FF001082AE036
:10AE80002868316818224FF0050802710A0E4171D6
:10AE900002720A0C090AC271817108201CE0002E9E
:10AEA000304618BF012000F0CEF928681921017141
:10AEB00031784171717881714FF003080BE0286897
:10AEC000317841711D2103E02868317841711E21DC
:10AED0004FF0020801710420A881042000210422FF
:10AEE000002768812868043805F012FE68892968FF
:10AEF0000844132100F8038C022C08BF032100F83A
:10AF0000041C6889A9892A6804380431688180B2E0
:10AF1000A98189B21044084401210471012001F083
:10AF200059F93846BDE8F081F8B5074600201D46BE
:10AF300014460E462FB126B11DB12046002C18BF75
:10AF4000012000F080F92868002818BF012000F0D7
:10AF50007AF9688929680A5C02F00302032A3A70C8
:10AF600027D1084401791E29317022D80020DFE85A
:10AF700011F0A200C7002200DB00FD001F001F002F
:10AF80002200250025001F001F00150122002500BA
:10AF90003100310028011F001F007000700089007F
:10AFA000890034014701200020002000900090001B
:10AFB000F8BD1F20F8BD002C204672E0002C204672
:10AFC00018BF012000F03FF9688929680822084469
:10AFD000411DDFE0002C204618BF012000F033F9AE
:10AFE00000F034F92181C179027A41EA02216181BC
:10AFF000417A827A41EA0221A181C17A027B41EA47
:10B000000221E181417B84F82810817BC27B41EAE7
:10B0100002212183017C427C41EA0221A182817CC0
:10B02000C27C41EA0221E183017D427D41EA0221A5
:10B030002184817DC27D41EA02216184017E427EBC
:10B0400041EA0221A184817EC07E41EA0020E084A1
:10B05000F0E0002C204618BF012000F0F4F800F0CA
:10B06000F5F82180C179027A41EA02216180417AB2
:10B07000827A41EA0221A180C17A007B41EA002064
:10B08000E080D7E0002C204618BF012000F0DBF85C
:10B09000C9E0002D284618BF012000F0D4F8286828
:10B0A000002818BF012000F0CEF8688929680844FC
:10B0B00040792070BEE0002C204618BF012000F02F
:10B0C000C2F8688929680844417921778179C27971
:10B0D00041EA0221A182017A427A41EA0221618396
:10B0E000817AC27A41EA0221A181017B427B41EA55
:10B0F0000221E181817BC07B41EA0020208399E02D
:10B10000002C204618BF012000F09DF868892968AE
:10B1100005220D18A01C691D05F0B4FCA87AE97A77
:10B1200040EA0120208085E0002C204618BF012045
:10B1300000F089F86889296808220D182046691DE1
:10B1400005F0A0FC687BA97B082240EA012005F1FC
:10B150000F01A08204F1080005F094FCE87D297E2F
:10B160006A7EAB7E00F07FF8206163E0002C204611
:10B1700018BF012000F067F8688929680822084490
:10B18000411D201D05F07EFC6889296804220844C1
:10B1900000F10D01204605F075FC4BE0002C204627
:10B1A00018BF012000F04FF86889296808444179E8
:10B1B00021718179C27941EA02212180017A407AA4
:10B1C0001AE0012000F03FF86889296808444079B6
:10B1D00020706889296808442AE0002C204618BF9E
:10B1E000012000F030F8688929680844417921700D
:10B1F00081796170C179007A41EA0020608019E0AC
:10B20000002C20460C4E18BF01200121B047002D14
:10B21000284618BF01200121B0472868002818BF20
:10B2200001200121B04768892968084441792170CB
:10B23000807960700020F8BDD5C10208418900689E
:10B24000084440787047012100F0C4BF688929682C
:10B2500008444179827941EA022170470822387115
:10B26000781D05F00FBC40EA012040EA024040EAA8
:10B270000360704770B5054614480E4602F01EFE86
:10B280000028044618BF0120012100F0A3FF7CB173
:10B2900020460021102205F03BFC304602F012FE51
:10B2A000206010B13088208103E0204602F008FEC3
:10B2B000002405B16C6034B1206820B1043800214D
:10B2C000042205F025FC204670BD00BF1C6E012045
:10B2D000B0B50028044618BF0120012100F07AFF14
:10B2E000A07B40070CD42068002818BF0120012152
:10B2F000012500F06FFF2068043802F0E1FD00E056
:10B300000025204602F0DCFD2846B0BD40687047AD
:10B31000E0B50848AA214FF46172002380F8341088
:10B32000002182850022418600910220002100F048
:10B3300003F88CBDC83E01202DE9F04F89B0DFF83D
:10B3400004A2074600201E4614468946CDE90300A4
:10B35000CDE901009AF83200012803D1FFF738F94E
:10B36000054618B9022F05D024B91125284609B081
:10B37000BDE8F08F5FB1012F49D0022F5AD10024D0
:10B38000E0B204285BD800F093FC0134F8E7DAF867
:10B39000280098B96D480121002202F0CFFF002853
:10B3A000CAF8280066D003F0E7F8BAF82C004FF48A
:10B3B000FA414143DAF8280003F03EF8624D4FF0BD
:10B3C00000080DF1140BCDE90788CDE90588B8F523
:10B3D000AA7F46D005EB0807387E012814D1204605
:10B3E000394600F0C5FD18B9787E484500F08B80DD
:10B3F00007F13001304600F0E4FD28B930465946E7
:10B4000000F0DFFD00287ED108F14408DFE74E4D53
:10B410000026052E75D02046294600F0A9FD8DF89E
:10B4200014009DF8140010B9687E484552D0443588
:10B430000136EEE7432000F019FF0C2596E742485D
:10B4400000214FF4AA72002505F062FB0320F9F7F2
:10B450005DFB0420F9F75AFB8AF8005000F050FC1D
:10B4600084E70020B0F5AA7F04D02F18397E31B1CF
:10B470004430F7E7422000F0F9FE072576E7DFF8D1
:10B48000D08038462146062287F81990C04707F138
:10B490002004129910222046C04707F1300531469A
:10B4A00010222846C0470126284610223E7601A9D0
:10B4B00005F064FB58B300207A7E05213B4687F8EF
:10B4C000400000900020F9F77FFC054600287FF43B
:10B4D0004DAF1EE00020F4B228769AF80000013843
:10B4E0008AF80000204600F0E3FB284600214422B1
:10B4F00005F00EFB9AF8000008B900F001FC052CDD
:10B5000003D1022532E7122530E700252EE787F820
:10B5100040609AF80000102201308AF8000001A96A
:10B52000204605F02BFB07F1080120B1204600F072
:10B530008DFB05461AE7084600210622002505F086
:10B54000E7FA13E7C83E0120743D0120E1BE02087E
:10B55000850A03082DE9FE4FDFF8CCA28846814614
:10B560000020029001209AF82110012940F0A480C7
:10B570009AF8091001F0C001402940F09D80012097
:10B580000AF104070DF1060B01218AF820000320BF
:10B590003A465B46F9F792FB0646002840F00E81DA
:10B5A0009DF80600C10732D19AF8251005290AD165
:10B5B0009AF8301041F00201032904D1F9F750FD47
:10B5C000400740F1FA800DF1060102AA0DF10703D0
:10B5D000032000F04DFA029A002A66D09DF8071069
:10B5E0000DF10603CAF81C20881C8AF822000620E8
:10B5F000F9F764FB0646002840F0E0809DF806104D
:10B60000C80758D106200022F9F732FD53E0874CD5
:10B610000025052D0DD0207E012807D104F1300032
:10B620003946002200F004F90F281FD144340135B7
:10B63000EFE7B9F1000F00F0AB8000F07DFC70B1D6
:10B640000646072840F0BA8000F0C4FC06460028F1
:10B6500040F0B48000F070FC002840F0E0809DF8DD
:10B66000061000200122F9F703FD14E00646002829
:10B6700040F0A480607EEAB22346CAF81C40811CD8
:10B68000009040468AF82210494600F001F906462B
:10B69000002840F093809AF82410002003290BD151
:10B6A0009AF82510012906D006E09AF82100CAF878
:10B6B0001C708AF8220001209AF824200121032A14
:10B6C0000BD19AF82520012A07D19AF8311001F000
:10B6D000FE0102290CBF002101219AF811209AF8DD
:10B6E0002330002602F0C00283F0010382F0400202
:10B6F0001A43B2FA82F25209104001285ED18AF848
:10B70000206011B1B9F1010F1FD1484800270AF19B
:10B710000C04002600F12005052F17D0284600F064
:10B720004CFC0F2803D1443501370F26F4E70646B9
:10B73000002843D19AF82300FAB2494623460090E4
:10B74000404600F0A5F80646C0BB00260F2E35D1B6
:10B750009AF82400032831D19AF8310000F0FE0055
:10B7600002282AD10AF10C040DF106059AF82310DB
:10B77000042022462B46F9F7A1FA0646F0B99DF8B7
:10B780000600C0071DD1012000268AF8330015E00D
:10B790009AF8250005280AD19AF8300040F00200F6
:10B7A00003280AD09AF82400012806D01AE00928B4
:10B7B00018D19AF82400092814D10F263046BDE884
:10B7C000FE8F00F0CDFB58B106460728F6D10420C5
:10B7D000FEF76AF806460028F0D100F0C1FBF0B988
:10B7E0001F26EBE79AF82120002003213B46CAF8E8
:10B7F0001C70CDF800B08AF82220F9F7E5FA00288D
:10B800003FF449AF06460728D8D100F0E3FB0646CF
:10B810000028D3D100F090FB00283FF43CAF06464F
:10B82000002000F09AFBC9E7C83E0120743D0120CA
:10B83000F0B58BB003AF16460C460546002110222A
:10B84000384605F065F907A80021102205F060F9D7
:10B85000E11C3846032205F015F916B1002000F06E
:10B860007CFB03A807AA2946F9F79EFC70B90DF1E5
:10B87000060507A90322284605F004F928462146B3
:10B88000032205F07BF9002818BF0F200BB0F0BD94
:10B890002DE9FE4F734D074695F82000002879D01A
:10B8A000012840F0D98005F104099B4692460C46D8
:10B8B0000DF10A0800F049FB0646012C40F08E808D
:10B8C0006EB1072E40F0C98000F084FB06460028C8
:10B8D00040F0C38000F039FB002840F089800AEB7B
:10B8E0000A10DFF884810DF10B030C995A4608EB1E
:10B8F00080049DF80A0054F81C7F20600020F9F7AE
:10B90000DDF90646002840F0A88000F066FB01D172
:10B9100000F05AFB95F82400052828D105F1140001
:10B92000594600F025FB10BB95F835000C9988426C
:10B930001DD14E4E707D052819D137B12068B8420F
:10B9400003D0C7F34700F9F775FB06F10D00494630
:10B95000062205F097F80AEB0A104946062208EB82
:10B960008000103005F08EF895F82100F0750DF18B
:10B970000B03062000F01DFB064600286DD100F0E9
:10B980002CFB69D19DF80A10062000220026F9F749
:10B990006FFB62E005F10C040DF10A0700200421A1
:10B9A000012223460097F9F70FFA0646072854D1DB
:10B9B0000420FDF779FF064600284ED1002004211F
:10B9C0000122234600970026F9F7FEF9002844D00B
:10B9D0000446002000F0C1FA26463EE06EB1072E74
:10B9E0003BD100F0F7FA0646B8BB00F0AEFA20B142
:10B9F0000646002000F0B1FA2FE00DF10B030620FF
:10BA000000F0D7FA064640BB00F0E7FA05D19DF8F2
:10BA10000A1006200022F9F72BFB95F825000528CF
:10BA200012D195F8240078B947F0020003280BD111
:10BA30000DF10B03002000F0BCFA064668B900F0D7
:10BA4000CCFA0DD100F0C0FA0AEB0A10064901EB5E
:10BA500080009DF80A10C16100263046BDE8FE8FC7
:10BA60000F26FAE7C83E0120743D0120283D012041
:10BA70002DE9F041072800F2BF800C469046DFE830
:10BA800000F004192E43667B879B00F0AAFA18BFCA
:10BA9000012000F062FA594E0027052F00F0AC801B
:10BAA0002046314600F064FA002800F098804436C1
:10BAB0000137F2E700F095FA18BF012000F04DFAC7
:10BAC0004E4E0027052F00F097802046314600F0AB
:10BAD0004FFA002800F0898044360137F2E700F081
:10BAE00080FA18BF012000F038FA444E454810F1A2
:10BAF000440700F0818000F04FFA00283846F6D164
:10BB0000F01900F5B87075E0B8F1000F47461E4611
:10BB100018BF0127384600F020FA384600F01DFA19
:10BB2000364F384810F1440566D0384400F03BFAEF
:10BB300000282846F6D1781900F5AA71002EC8F819
:10BB4000001059D090F86D013070BDE8F08100F020
:10BB500048FA18BF012000F000FA284E294810F1D9
:10BB6000440549D0304400F01EFA00282846F6D19A
:10BB7000701900F5AE703DE0204D0026052E3BD03B
:10BB80002046294600F0F4F928B344350136F5E79C
:10BB900000F027FA18BF012000F0DFF9174E19480E
:10BBA00010F1440528D000F0F7F900282846F7D115
:10BBB000701900F5B2701DE01048002600F11C0558
:10BBC000052E19D020462946012204F0D7FF10B1D6
:10BBD00044350136F4E70A480670BDE8F0810A48AA
:10BBE00080F8347006F1200004E0074880F83470D3
:10BBF00006F13000C8F80000BDE8F081743D012076
:10BC0000A001002068FEFFFFC83E012010B586B0ED
:10BC100000F0B1F905AA0020FFF72AFF059870B1DE
:10BC200001A900F0CEF950B106480749062290F864
:10BC3000340000EB001000F0A8F9002000E0012023
:10BC400006B010BDC83E0120743D012070B588B01B
:10BC500004AE0C46054600211022304604F058FF81
:10BC600068460021102204F053FF30460321F9F703
:10BC7000DCF9D8B90498810211F5806F18BF00294A
:10BC8000F3D001216A4661F39F502946049004A82D
:10BC9000F9F78AFA50B969462046032204F0F2FE09
:10BCA000E01C04A9032204F0EDFE002008B070BDE2
:10BCB0007CB5012100EB00100DF107058DF8071090
:10BCC0000E492B4601EB800405202646224616F835
:10BCD000191FF8F7F3FF9DF80700C00706D1327867
:10BCE0000120052123460095F9F76EF8E06918B1A7
:10BCF000C0B24008F9F79EF97CBD00BF743D012039
:10BD000080B50748816A51B1283002F0AAFCB0FA28
:10BD100080F001214009BDE8804000F05BBA80BDA1
:10BD2000C83E012010B586B01446002201280592B5
:10BD3000CDE90322CDE901220ED805AA0023FFF7A1
:10BD400097FE059840B101A900F03BF920B1059894
:10BD50002146FFF77BFF00E0FF2006B010BD00008A
:10BD6000B0B5084D044695F83200012803D1FEF71E
:10BD70002FFC00B1B0BD204685F83240F8F7B2FD87
:10BD80000020B0BDC83E0120014890F83200704745
:10BD9000C83E012010B586B000F0EDF805AA0120DC
:10BDA000FFF766FE059838B101A900F00AF918B14D
:10BDB000059800F002F900E00F2006B010BD000069
:10BDC00010B50C460146052000220023FFF750FE67
:10BDD0000B490878AA2804BF0F2010BD00EB001003
:10BDE000084A02EB8000427EA24205D190F8400052
:10BDF000012801D1002000E00F20AA220A7010BD06
:10BE0000A0010020743D01201CB58DF807000DF144
:10BE100007010720002200230024FFF729FE06481F
:10BE20000178AA2907D0AA22027001EB0110034968
:10BE300001EB8000C4611CBDA0010020743D012005
:10BE40002DE9F047104E984691468A460746002550
:10BE5000B5F5AA7F16D07419207E012807D1204697
:10BE6000394600F085F810B9607E504501D0443560
:10BE7000EEE7E06930B1C1B248464246BDE8F0475E
:10BE8000F9F7F6B8BDE8F087743D012070B50A4EA9
:10BE900004460025B5F5AA7F08BF70BD7019017E64
:10BEA000012906D1C06920B1C1B220460122F9F7AB
:10BEB000DFF84435EEE700BF743D012010B50749B7
:10BEC00000200022B2F5AA7F08BF10BD8B181C7E8F
:10BED000012C08BFD8614432F4E700BF743D012053
:10BEE0002DE9FC4100266320ADF80460009600F0C7
:10BEF000B9F9104FE846B6F5AA7F13D0BC19207ED9
:10BF000001280DD104F1080541460622284604F017
:10BF100035FE28B104F120002946FFF797FE18B935
:10BF20004436E8E7FEF76EFB632000F09DF9BDE8BC
:10BF3000FC8100BF743D01209AF8212000200321DC
:10BF40003B46CDF800B0F8F73FBF002003210122A7
:10BF50004B46CDF80080F8F737BF012100F03AB921
:10BF60009AF823200020042123460095F8F72CBFDF
:10BF7000062204F003BE0C46014600200023059073
:10BF8000CDE90300CDE90100704701EB800000F12D
:10BF90000801204604F076BD3044062200F5CC713D
:10BFA000204604F0EBBD012200F5DA71204604F0D2
:10BFB000E5BD0C995A46F8F781BE21460022FFF7ED
:10BFC00037BC102204F0DABD9DF80A1000200022D0
:10BFD000F9F74EB80320FDF767BC9DF80B00C007CA
:10BFE0007047B8F1000F4046704700000648002136
:10BFF00003228170417001700D2A04BF0020704738
:10C0000081540132F8E700BF003F012010B52049FC
:10C0100000231A46082B04D08B18DC78531C002C04
:10C02000F7D1431E032B1ED8DFE803F0020C1B02DE
:10C030008B780024072B98BF072A27D88C18013348
:10C040008B700BE04878A0B188780024072898BF4F
:10C05000072A1BD801308C188870022004F8030FBF
:10C0600014E0087860B100200121002400F0B2F84B
:10C070000CE0022001F80B0F012001F80A0C04E08B
:10C0800001200870032001F80C0F0C46204610BD5B
:10C09000003F012001488078704700BF003F012029
:10C0A00010B5224B3022DC1CA0422CD303F10D042E
:10C0B000A04228D83022062925D8DFE801F0042242
:10C0C000222424121E0001780139052907D8DFE84F
:10C0D00001F0031E250303039978013999700021AB
:10C0E0000FE00178302206290DD8012303FA01F16F
:10C0F00011F0520F07D0052103E00178052904D182
:10C10000062100220170104610BD3022FBE703F12A
:10C110000B018842E0D100215970F2E703F10C01D4
:10C120008842D9D100211970EBE700BF003F012000
:10C1300080B50749CA1C904204D30D3188429CBF88
:10C14000007880BD0020012100F044F80E2080BD61
:10C15000003F0120FEB5002806460C4618BF01200E
:10C1600000F020F80DF1070531462246284604F07C
:10C1700089FC0020552133220023844204BFD8B219
:10C18000FEBD2E5C01EA5607F61B02EA960706F092
:10C1900033063E442E5406EB1616013006F00F0609
:10C1A0003344EAE7012100F015B880B5E6F726FF31
:10C1B000002080BDE6F728BF80B5022805D0012801
:10C1C00006D10846E6F758FF02E00846E6F75FFFAB
:10C1D000002080BD012908BFE6F721BF704700009D
:10C1E00006490022064B88424FF0000138BF01216A
:10C1F000984288BF012202EA0100704700C002484D
:10C20000FFFF01487047E6F717BFE6F722BFE6F7E2
:10C2100049BF80B5E6F723FF002080BD10B5022896
:10C2200004D000280CBF0124002403E000200024D7
:10C23000E6F7F5FE2046BDE81040E6F740BF10B532
:10C24000022804D000280CBF0124002403E00020B1
:10C250000024E6F7E4FE2046BDE81040E6F740BFC4
:10C26000E6F74FBFECF79CB8ECF7A5B8ECF7AEB823
:10C2700030B1022806D0012818BF7047E6F754BE37
:10C28000E6F758BE0020E6F7CABEE6F756BFF8B597
:10C290000022039214228DE80700684603A9F5F7EF
:10C2A00051FD039804B080BD01480068704700BF8D
:10C2B00014000248E6F71EBEE6F729BEF0F700B903
:10C2C000F0F7DAB880B50320F0F760F9002080BD00
:10C2D00080B50320F0F712F9002080BD00207047E0
:10C2E0000020704780B5F0F737FA002080BD80B598
:10C2F000F0F73AFA002080BD70B500F017F80A4E4A
:10C3000004460020726A96F8575086F859002AB100
:10C31000601B2946B0FA80F040099047AC4204BF48
:10C32000002086F8570070BD843F012010B50548F5
:10C3300004680020FF2C38BF012001F011FAE0B2A0
:10C3400010BD00BFB8D6040870B520B11B4991F8E4
:10C350005820CAB170BD1A4C2068022822D103208F
:10C36000FFF7AAFF154D0020164E286285F85800E9
:10C37000206802280BD13068C0074FF00200F8D0C7
:10C3800000F022F82068F4E781F8580070BD002022
:10C390006A6A85F8590012B10120FF2190470320F5
:10C3A000FFF788FF054800212822A0F856102E30FC
:10C3B0000021BDE8704004F0ABBB00BF843F01200A
:10C3C000103F0120400402487FB500250395FFF788
:10C3D000ADFF8DF80A50ADF80850194D04462F20D6
:10C3E0002E6A0196FFF73EFF164801F0C6F900F0ED
:10C3F00011FA00F0A3FD95F85700013085F85700B9
:10C4000003A802F073FA95F85700A0420AD2701CF4
:10C410000CD095F82D000399014401A801F0E6FA2B
:10C42000002803DD002000F05FFE05E000F0CEFDF7
:10C430000221002200F046FD2F20FFF715FF7FBDEF
:10C44000843F012044040248034890F85800002823
:10C4500018BF0120704700BF843F0120014890F8B9
:10C4600059007047843F0120012A08BF00F0AEB890
:10C4700022B989080022002300F004B8002001211D
:10C48000FFF7A8BE2DE9F84F814600200029009053
:10C4900000F08C8049489A4693460E46012990F850
:10C4A0004C8004D1D9F80000AE2800F07F80B8F1AC
:10C4B000010F01D001F057F94148006818B1002080
:10C4C00001F04EF96FE03F4F786A40F0010078626A
:10C4D00000F0BAF838680024002540F020003860E9
:10C4E000B4420AD23868C0F3804000900098012816
:10C4F0001EBF59F82400B86001343868BBF1000F42
:10C50000C0F3005000902CD0009850BBAAEB05015E
:10C51000F868032907D8DFE801F00210141B002097
:10C5200001F01EF91DE00BEB0501020E0BF80500F2
:10C530000435CA70020C000A11E00BF80500013541
:10C540000FE00BF805000BEB0501000A023507E0D0
:10C550000BF805000BEB0501020C000A03358A708D
:10C560004870554528BFB442BAD317494FF0FF3041
:10C570004A1CFB69013003F001030093009B0BB9D7
:10C580009042F6D3884202D9002001F0E9F8386AD7
:10C5900040F001003862386A20F0010038623868E3
:10C5A00020F020003860B8F1010F01D1BDE8F88F0C
:10C5B00000200221BDE8F84F03F086BC4041012075
:10C5C000103F012024040248A1FE2600F8B50028EF
:10C5D00005460C4618BF012001F0C2F87CB3042CBC
:10C5E00002D12868AE282AD0154E96F8680096F831
:10C5F00069100130B0F10C0718BF0746F8B2401AB5
:10C6000018BF012001F0ACF896F8680006EBC000F6
:10C61000C0E90254306886F8687050B901F0A3F898
:10C620000848016841F001010160012000F02CF888
:10C630003068012803D1BDE8F84000F01BB8F8BD10
:10C64000103F0120480402480648724601F095F860
:10C650009646016841F002010160016821F0020183
:10C66000016070472404024801480068704700BF19
:10C67000103F012003480068C0071CBF012000F0E4
:10C6800003B87047400402482DE9F84FDFF878C13D
:10C6900007465E4A9CF86900DCF804600CEBC001B8
:10C6A000D1E90254116A41F001011162116A21F0CD
:10C6B00001011162411CB1F10C0A18BF8A469CF8B5
:10C6C0006810884203D1BDE8F84F00F0A3B8DCF849
:10C6D00000009CF86A8030B90120CCF80000FFF718
:10C6E000B3FFDFF824C1494A106820F02000106031
:10C6F000B0081168002F60F39C511160106840F081
:10C700001000106066D00020414F5FEA08616ED0D3
:10C71000C4F387015FFA88FB594538BF8B46A8EB05
:10C720000B0908B100241CE09CF86B005FFA89F14A
:10C73000814209D2A8EB00042946E0B238B104C90D
:10C740000138F2510436F9E70024002009E0FFF730
:10C75000B5FD2E49DFF8B0C0086840F02000086041
:10C760000120ABF10102E1B28A4205DD55F821104A
:10C770000134F1510436F6E75FEA096218D09CF8FB
:10C7800068305FFA8AF29A4212D055F82110C846F2
:10C7900021F01001F151511C8CF869A0B1F10C0A83
:10C7A00018BF8A460CEBC2010436D1E90254ACE74B
:10C7B0009CF869200CEBC202134653F80C4FBBEBFC
:10C7C000940F0DD2A4EB8B041C6005EB81030433A2
:10C7D000936007E028680E4970508CF869A00CE05F
:10C7E0008CF869A055F8211041F01001F151012891
:10C7F00003D1BDE8F84FFFF763BD0449086840F076
:10C8000020000860BDE8F88F103F01202404024892
:10C810000000024808480021084A0160136823F01C
:10C8200020031360A0F868100221106820F01000A7
:10C830001060002003F048BB103F01202404024890
:10C840002DE9F047DDF820C04FEA910900244FF0B0
:10C85000000A4FF000084FF0000EE6B2B1451CD9B7
:10C8600050F8266006F0EF05032D18BFA12D0CD05F
:10C87000C6F30665002EC5EB451748BF07EB9505C7
:10C88000AE44002D18BF08F1010806F0EE05042D96
:10C8900008BF0AF1010A0134DFE7292402EB420252
:10C8A000002B08BF0A245FFA88F323445FFA8AF456
:10C8B0001625043904FB0533082421F0030104EB99
:10C8C000C20209EB0C0440580421A4EB0A0401EA5B
:10C8D000900100F0EE00E4B2042802FB043208BF2D
:10C8E000521A0EEB5210BDE8F0870000F8B54A4826
:10C8F0004B4B00224FF4805400688108474829B10F
:10C900009D588618013904323551F8E7454C41F2FB
:10C910000401454E0025114402F580522468131885
:10C92000A408A54207D056F8257004330431013518
:10C9300017500432F5E73D4C3D4E2468A50800240D
:10C9400025B13759013D1F510434F9E71D19394B01
:10C95000394F844600261B689B0823B1B859013B18
:10C96000A8510436F9E721442244344C9319AA19FA
:10C970003144334E00252468A408A54209D056F856
:10C980002500674604320431013543F80C000433B6
:10C99000F3E72C482C4C00688308002023B125586D
:10C9A000013B15500430F9E7284B294D02441B6820
:10C9B0009C08002324B1EE58013CD6500433F9E71B
:10C9C0000844D118234A1844234B1268920822B114
:10C9D00010CB0430013A10C1F9E7204A204C002561
:10C9E000B0F5905F12680A6060604FF0000098BF79
:10C9F000012000F0B5FE6068C0F50070810800F409
:10CA00007C7284F86A106FF00B012C2A88BF01EB4E
:10CA1000900584F86B50F8BD8CD6040800000248DD
:10CA200054050020A4D60408D405002070D60408BC
:10CA3000540400207CD604088004002074D6040826
:10CA4000AC04002090D604087405002094D6040895
:10CA50009405002098D60408B405002038D60408B0
:10CA6000103F01202DE9FE4F82460E460029084660
:10CA70000292514618BF0120BAF1000F18BF0121E0
:10CA8000084000F06DFE29482A4F4FF0000800F0E2
:10CA90006EFE2748B847CDE90080274802220023D0
:10CAA00001682648B8470546254800F060FE25483D
:10CAB000B8478346244800F05AFE2448B847044645
:10CAC000234800F054FE2348B8477D30DFF88890B3
:10CAD0000222002330607D26CDF8008006EB800026
:10CAE000B0FBF6F0043089F82D001C4801681C48A2
:10CAF000B847019902220023CDF800802944594407
:10CB00004518281900F1D504164801681648B84799
:10CB100028440299CAF80040086006EB8000B0FB88
:10CB2000F6F0033089F82C00BDE8FE8F44D60408E7
:10CB3000ECD3040841C8020854D6040810D40408F1
:10CB4000F0050020A401002058D6040860D5040890
:10CB50005CD60408C4020020843F012040D60408AB
:10CB6000E0D304086CD604084C0400202DE9FC41F5
:10CB7000FFF7A4FB1B481C4E1C4F4FF0000802227D
:10CB80000023CDF80080046830462146B8470546AA
:10CB9000012021460222002300903046B847044677
:10CBA000134800F0E4FD1348B847134E0430022246
:10CBB0000023C6E90440C6E906501048CDF80080BD
:10CBC00001680F48B8470F490F4A204403300978DD
:10CBD000127801441044C6E90201BDE8FC41FFF7A8
:10CBE0006FBB00BF70D604085404002041C802087F
:10CBF00090D6040874050020843F01208CD60408D8
:10CC000054050020C1D60408BDD6040870B50546F9
:10CC100000200C46022D38BF012000F0A1FDDDB13F
:10CC200029480022002401682848FFF71DFC2948F4
:10CC3000274D90F8500048B995F85800022805D0C3
:10CC40002548002201682548FFF70EFC6C60002093
:10CC5000BDE8704001F0C4BD9920FFF707FB0CB997
:10CC600000F081FD1B481A4D90F8500098B995F8D6
:10CC7000580002280FD01A481B4E22460168194856
:10CC8000B0471A48224601681948B0471948224659
:10CC900001681948B0471948224601681848FFF74B
:10CCA000E3FB1848224601681748FFF7DDFB012027
:10CCB00068601CB90020022103F006F99920BDE844
:10CCC0007040FFF7D3BA00BFACD604082CD60408D6
:10CCD000843F01204041012040D60408E0D30408ED
:10CCE00048D60408F8D3040869C4020854D60408D6
:10CCF00010D40408F0050020A401002068D6040820
:10CD000008030020A8D604081CD604080548002201
:10CD1000016821F01C010160034801680348FFF726
:10CD2000A3BB00BF240402484CD6040804D4040862
:10CD300080B50548002201680448FFF795FBBDE86F
:10CD4000804000F005B800BF50D604080CD4040899
:10CD500009484FF4FE51406801EB001007490A688A
:10CD6000800960F38C1206480A600A69007822F094
:10CD7000FF02104408617047103F0120240402485C
:10CD8000BCD60408BCB501208DF807002D20FFF7A4
:10CD900069FA00F0E8FC0DF107010020002400F022
:10CDA0001FF80D480568A54208D0E0B20021012215
:10CDB00000F088F800F0C2F80134F4E70DF1070143
:10CDC000012000F00DF80548002180F858102D20B2
:10CDD000FFF74AFABCBD00BFB8D60408843F012063
:10CDE00070B5274D0C46274A95F85810023918BFE0
:10CDF000012192F85020B2FA82F252091140012822
:10CE000014D12C4A2C4800292C4918BF10462C4A12
:10CE100018BF0A46116800240022FFF725FB6C604A
:10CE200000200221BDE8704003F04EB879B11648E9
:10CE3000174E002201681548B047164800220168C5
:10CE40001548B0471548002201681548B04774B12D
:10CE5000207801280BD113480022002601681248CF
:10CE6000FFF702FB0120267085F8580070BD0F48BF
:10CE7000002201680E48BDE87040FFF7F5BA00BF18
:10CE8000843F01204041012044D60408ECD304082B
:10CE900069C4020854D6040810D40408F005002020
:10CEA000A401002058D6040860D504086CD60408F4
:10CEB0004C040020E0D3040808D6040840D6040837
:10CEC00060D604082DE9F0410646302014460D4690
:10CED000FFF7C8F9154F022DBE701FD1154D012166
:10CEE0004FF001082868B0FA80F04009FFF772F9A6
:10CEF00001200221022602F0E7FF0F48016821F01D
:10CF0000010101600A48A5F868802E600068C5E943
:10CF100002702046BDE8F041FFF7B6BB04482A4640
:10CF200001680248BDE8F041FFF79EBAC402002044
:10CF30005CD60408103F012048040248F8B51C489C
:10CF4000022385781B4800EB45041B4800682246F5
:10CF500081081A48FFF796FA194805F12906006872
:10CF6000C0F387070020BE4238BF012000F0F8FB65
:10CF7000681CB84204D2134901EB800061788170CB
:10CF8000BE4204D20F48217800EB86008170002059
:10CF9000282D38BF012001210124FFF71BF90A4881
:10CFA000284480F82E403020BDE8F840FFF75CB9F7
:10CFB000C4020020E03F012064D6040800030020E2
:10CFC00068D6040808030020843F012070B51C4D7A
:10CFD00095F85660FFF7AAF9A96A044621B105F150
:10CFE0002E008847FF2822D10020292C38BF01209D
:10CFF00000F0B6FB95F856000146A14209D2421C4A
:10D000006B1885F8562093F82E3083B10131104605
:10D01000F3E7C8B2201A18BF012000F0A1FB95F871
:10D020005700001B18BF012000F09AFB304695F80E
:10D030005610C0B2A14204BF002185F8561070BD41
:10D04000843F0120B0B5002805460C4618BF0120DA
:10D0500000F086FB002C204618BF012000F080FB6A
:10D060000148C0E90954B0BD843F01207FB50446A2
:10D0700000201C4E0D4602918DF80E00ADF80C00FC
:10D080002E203162FFF7EEF800F06DFB01A801F0F1
:10D090002DFC681C08D096F82C000199014402A8C8
:10D0A00000F0A4FC00280FDC00202146FFF798FECA
:10D0B000029801300CD096F82D000199014402A885
:10D0C00000F094FC002803DD012000F00DF805E0DD
:10D0D000FFF77CFF02210122FFF7F4FE2E20FFF76D
:10D0E000C3F87FBD843F012070B50446FFF71EF9E9
:10D0F0000A4D95F85710884204BF002085F8580063
:10D10000012000210126FFF76BFE1CB1BDE8704035
:10D11000FFF7F2B885F8596070BD00BF843F012069
:10D120001FB500240194FFF7E1FB264800220168A7
:10D130002548FFF799F925480078082810D14DF6C1
:10D1400013708DF80B400DF10B02012101230390A8
:10D1500003A8FFF797F99DF80B00082812D114E0F7
:10D160001B4801AC04232246006881081948FFF7D8
:10D1700089F919492046042203F000FD28B1012055
:10D1800000F0EEFA002000F0EBFA144800213C22F7
:10D19000203003F0BDFC1248002201681148FFF75F
:10D1A00063F900F021F800200121012203F04EF97B
:10D1B000FFF7E8FD01200121002203F047F9FFF706
:10D1C000C7FD1FBD44D60408ECD30408C4D6040828
:10D1D0003CD60408D0D30408C8D60408843F0120F4
:10D1E00040D60408E0D3040808490020B0F5907F39
:10D1F0000AD00A58D30604D422B1AE2A01D0043092
:10D20000F4E7043002490860704700BFA401002021
:10D21000F005002070B5134E0546144630780128FD
:10D220000DD11148224601681048FFF71DF910483A
:10D23000224601680F48FFF717F900203070707818
:10D24000012803D0022804D1012000E0002000F0D2
:10D2500017F80A490848224685700968BDE87040F9
:10D26000FFF702B9843F01208CD604085405002042
:10D27000ACD604082CD60408E8050020B0D6040873
:10D28000B0B5044602F004FBB0FA80F00121400979
:10D29000FEF7A0FF00250020022C38BF012000F07F
:10D2A0005FFA0A490A480C4A002C08BF0846094997
:10D2B00008BF0A4611680022FFF7D6F801200021B6
:10D2C000FFF7A4FC05484570B0BD00BF1005002065
:10D2D0003005002084D6040888D60408843F012045
:10D2E00010B5084C207801280BD107480168074881
:10D2F000FFF76CF9064801680648FFF767F9002058
:10D30000207010BD843F01208CD6040854050020F5
:10D31000ACD604082CD60408BCB50446019000F035
:10D3200022FA3CB1124801AA022300688108114880
:10D33000FFF7A8F81048002201681048FFF794F89A
:10D34000019880B90F4890F8500060B90C4C94F8DF
:10D350005800022807D00C480022002501680B481D
:10D36000FFF782F865600020022102F0ADFDBCBD30
:10D37000A0D6040818D604089CD6040810D60408C1
:10D38000843F01204041012040D60408E0D3040836
:10D3900010B51E4B00241B689B080129C2E90243FB
:10D3A00032D11B4C010AC0B2246803EB9403C41EA3
:10D3B000022C08D21748006803EB9000164B1B683C
:10D3C00000EB930306E002281248006803EB90008C
:10D3D00008BF03461360104BC9B21B6800EB9300F3
:10D3E0000E4B1B6800EB9300CB1E022B05D20C49A1
:10D3F000096800EB91000B4902E0022903D10849BA
:10D40000096800EB9100506010BD00BF8CD6040885
:10D41000A4D6040870D604087CD6040874D6040880
:10D4200090D6040894D6040801291CD1B0B5C0F3E5
:10D4300046010D4C0D4DC0F34620012908BF25467D
:10D440000B4C002918BF2C462178117009490A4A53
:10D45000012808BF0A460949002818BF1146087864
:10D460001870BDE8B0407047BFD60408C1D60408A4
:10D47000BDD60408C0D60408C2D60408BED6040827
:10D4800001480078704700BFC3D6040810B50548AE
:10D4900084780020611E022938BF012000F060F965
:10D4A000204610BD38D6040810B50446FFF7EEFF3D
:10D4B000022808BFA40860B210BD000001484068FF
:10D4C000704700BF843F01200A460549096841EAC8
:10D4D00000410448016004490968FEF7C5BF00BF68
:10D4E000EC0500207C3F0120B4D6040870B5054649
:10D4F0000E480C460F4E2A46234601680C48B0479A
:10D500000D482A46234601680C48B0470C482A4675
:10D51000234601680B48B0470B482A46234601685A
:10D520000A48B047BDE87040FFF7E0B970D604087C
:10D530005404002051D502087CD604088004002041
:10D5400074D60408AC04002078D60408D80400205F
:10D550002DE9F84F002806460F4618BF01209846CF
:10D56000924600F0FDF8A7B3B80800224EF6122C40
:10D570004EF6022E46F2023746F212394FF0000BF9
:10D580000024E1B2884224D956F8215005EA070365
:10D59000BB421CBF05EA09034B450ED1012253468D
:10D5A00025F47F0545EA034346F821300134012A7A
:10D5B00008BFBBF1010FE4D10BE005EA0E03734590
:10D5C0001CBF05EA0C036345F0D14FF0010B434645
:10D5D000E6E7BDE8F88F0000024800220168024833
:10D5E000FEF742BF80D6040804050020BCB51449EC
:10D5F0000020ADF806008DF805008C78651E022D20
:10D6000038BF012000F0ACF80D4875B10DF10602ED
:10D6100001210223FEF736FF022C11BF0020BDF8C6
:10D620000600810141EA902007E00DF10502012189
:10D630000123FEF727FF9DF8050040B2BCBD00BFE7
:10D6400038D60408B0B51849032809680AD002285A
:10D650000DD0012827D1184A184B12681B681344B3
:10D66000174A06E0124A12685318124A01E00F4A9C
:10D670000B46144C8908207013481844134B1B6840
:10D68000013949B200290BD452F8214024F0100589
:10D6900044F010049D4208BFAE2440F82140EFE75B
:10D6A0000B4800210170B0BD70D604088004002032
:10D6B0007CD60408AC0400208CD60408A4D6040848
:10D6C00054040020803F012000100248CCD60408FA
:10D6D000A101002070B519480178FF292AD01A4A03
:10D6E000154914780968012C06D0032C0BD0022CA4
:10D6F00020D1194B0D460AE0114B124D1B682D68C5
:10D700001D44124B03E0124B1B685D18114B147043
:10D710004FF0FF34114A04EB91012A440024E5B292
:10D72000A94205D953F82560013442F82560F6E78F
:10D73000FF21017070BD00BF70D60408A101002058
:10D740008CD60408A4D60408803F0120540400208D
:10D750007CD60408AC04002080040020001002489D
:10D760000121FEF737BD0120022102F0ADBB0222EC
:10D770000023CDF8008001687047016841F0010185
:10D780000160016821F00101016070478A798379A5
:10D7900093420DD89A4204D80A680368934207D886
:10D7A00002D24FF0FF30704789888088884201D9C3
:10D7B000012070474FF0000038BF4FF0FF30704736
:10D7C000B0B50C460546FFF7E1FF002847BF2046ED
:10D7D000294628462146BDE8B04000F000B870B5A3
:10D7E000044680790D46012804D008B9A87920B1F3
:10D7F000002009E0A879012803D128682168081AC7
:10D8000008E0B0FA80F0400901212E68FEF7E2FC42
:10D810002068801BA988A2888A423CBF01381F3239
:10D82000511A01EB9001C0EB4010084470BD00009C
:10D8300010B58A79012A04BF8279002A0CD00A68BF
:10D84000084B9A420AD30368074CA34298BF9342FD
:10D850003CBF0122827101E000228A71BDE81040C4
:10D86000FFF7BDBF00B817FEFF47E8010A68026076
:10D870008A888979828081717047B0B500F0E8F8B4
:10D88000A088A9880A18206829680144202AA28053
:10D89000216021BF1F3AA28001312160884284BFEC
:10D8A0000120A071B0BD00001CB500F0E5F807D85C
:10D8B000DFE800F003090E12180000F0BDF804E0E4
:10D8C00000F0CFF80FE000F0D0F8ADF804000AE067
:10D8D00001EB8100C00003E00020ADF80400480126
:10D8E000009000E0009169462046FFF7C6FF1CBD8E
:10D8F00070B500F0ADF8204629462668FFF746FFD0
:10D90000B0F1FF3F07DC1E48864202D80120A0711B
:10D9100001E000F0A6F8A07908B9A97921B12A6838
:10D9200021680132914208D92046294600F02AF8A0
:10D9300028682168081A206014E0012811BF00201F
:10D94000A879B0FA80F040090121FEF743FC28686D
:10D950002168081A294688BF01302060204600F05F
:10D9600011F82068B04209D9A07901210138B0FA34
:10D9700080F04009FEF72EFC0020A07170BD00BFB2
:10D98000FF47E801898882888A423FBF0368013BDC
:10D9900003601F32511A8180704700001CB500F0EF
:10D9A0006BF807D8DFE800F003090C161C0000F044
:10D9B00043F80CE000F055F813E000F056F806E0EC
:10D9C00001EB81004100C0000090A1EB9000ADF898
:10D9D000040006E00020ADF804004801009000E0DB
:10D9E000009169462046FFF783FF1CBD026892EA5A
:10D9F000010006D48A4204BF002070474FF00100A6
:10DA00000CE0501A03D96FF00043984204D3881AEF
:10DA100008D9074B984205D801208A4288BF4FF0A9
:10DA2000FF3070474FF0FF308A4288BF01207047B7
:10DA3000FEFFFF7F401A704788007D22B0FBF2F0A6
:10DA40004FF6E172A1EB9001009000FB02107047CD
:10DA5000044688790D460121B0FA80F04009FEF7AE
:10DA6000B9BB00200121FEF7B5BB01EB81008100AD
:10DA7000A0EB91000091704704460020CDE9000022
:10DA8000501E04287047000010B500F017F809492F
:10DA900000200022DC2A03D08B1814321882F9E708
:10DAA000054C606800B110BD32200021FEF716FC65
:10DAB000606010BD3040012010410120F8B5094DD3
:10DAC00000260027C5F8DC60DC2F04BF0020F8BD6D
:10DAD000EC19204600F0FDF9EE512672666014370D
:10DAE000F2E700BF3040012000EB8000034B03EB66
:10DAF0008000C26001740020704700BF30400120E8
:10DB000070B500EB8005094E06EB8504204600F059
:10DB1000E0F90020217A46F8250060602072D6F8EE
:10DB2000DC00401AC6F8DC00002070BD3040012047
:10DB300070B500F0B2F905EB8500104E06EB8005DC
:10DB4000FEF7BCFB287A297C884207D2284621466A
:10DB500000F0CAF910B100F0A5F904E0002001219D
:10DB6000FEF738FB4D24FEF7ABFB05484068FEF797
:10DB7000BEFB1F20FEF778FB204670BD3040012021
:10DB80001041012070B500F088F905EB8500104EBA
:10DB900006EB8005FEF792FB287A297C884207D2A3
:10DBA0002846214600F0C2F910B100F07BF904E0EC
:10DBB00000200121FEF70EFB4D24FEF781FB0548F6
:10DBC0004068FEF794FB1F20FEF74EFB204670BD19
:10DBD0003040012010410120B0B50D4D04464FF0FA
:10DBE000FF312868FEF76EFB04EB8400094901EB66
:10DBF0008000027A22B1D1F8DC20013AC1F8DC20A1
:10DC000000F0B8F904462868FEF762FB2046B0BD74
:10DC1000585001203040012070B504462120FEF705
:10DC200021FB04EB8400124901EB8005687C08B1FC
:10DC3000012417E00F4E4FF0FF313068FEF742FB32
:10DC4000287A58B12046FFF7C7FF04463068FEF730
:10DC50003FFBE96829B12046884702E03068FEF7BB
:10DC600037FB00242120FEF7FFFA204670BD00BFDD
:10DC7000304001205850012000EB8000024901EBA8
:10DC80008000007A704700BF30400120B0B50C46DC
:10DC900000EB80000B4901EB8005B4FA84F14909DF
:10DCA000687CB0FA80F0400908430121FEF792FA3F
:10DCB0006C7404B1B0BD04484068BDE8B040FEF7E4
:10DCC00011BB00BF3040012010410120B0B5202021
:10DCD000FEF7C8FA0D484FF0FF314068FEF700FB31
:10DCE0000B48002500F108040B2D09D0207820B145
:10DCF000E8B2FFF791FF000602D014340135F3E7D4
:10DD00002020BDE8B040FEF7AFBA00BF10410120AF
:10DD100030400120B0B50F4D04464FF0FF31686828
:10DD2000FEF7DEFA04EB84000B4901EB8000007A79
:10DD300060B12046FFF770FF2878000609D06868B8
:10DD4000FEF7D0FA287801382870F6E728780130F5
:10DD50002870B0BD104101203040012000EB800050
:10DD6000014951F8200070473040012010B500EB08
:10DD70008000064C064A04EB800000F05BF920B1FD
:10DD8000D4F8DC100139C4F8DC1010BD304001209B
:10DD9000B1DF02082DE9F84F00F072F807EB8700B9
:10DDA000DFF84C904FF0000A09EB800B5BF80C6B2E
:10DDB000B6B100F07EF80128FAD1DBF800000028A7
:10DDC000F6D0D9F8DC00D7F800A000F060F8DBF856
:10DDD0000010504688474FF0010AB8F1010FE7D113
:10DDE0000320FEF767FA5FFA8AF0BDE8F88F00BFFC
:10DDF000304001202DE9F04700F042F807EB8700A2
:10DE0000DFF834904FF0000A59F8206066B100F056
:10DE100050F80128FAD1D9F8DC0000F038F84FF0BA
:10DE2000010AB8F1010FF1D10320FEF743FA5FFABE
:10DE30008AF0BDE8F08700BF3040012070B50E4980
:10DE4000D1F8DC00B0B100220CA30024042A0BD0CE
:10DE50009D5C05EB850501EB85056E7C012E04BFFD
:10DE60002D7A2C440132F1E7E1B2401AB0FA80F089
:10DE7000400970BD012070BD30400120060708092F
:10DE8000074603201C4615468846FEF715BA01389A
:10DE9000C9F8DC00384600F0A3B805461F200C4640
:10DEA000FEF7E0B9D6F8DC0000240130C6F8DC004B
:10DEB00070473746D6E900062946204702F06ABD7A
:10DEC00002F096BD80B502F065FD002818BF043051
:10DED00080BD10B530B1006820B14468FFF7F0FF95
:10DEE0002046F9E710BD000070B504460E480E4606
:10DEF000FFF7E4FF0546A0B10020AC60C5E9006073
:10DF0000FEF7DCF9204602C811B10168043101E0D6
:10DF1000014620460D600560207A01302072FEF730
:10DF2000CFF9284670BD00BFB44F012070B505463B
:10DF30000E480E46FFF7C2FF0446A8B100204FF07E
:10DF4000FF31A560C4E90060094E3068FEF7BAF9F8
:10DF5000286808B1606000E06C60287A2C600130AD
:10DF600028723068FEF7B4F9204670BDB44F012026
:10DF70005850012070B50D4E044600F087F8256812
:10DF80006DB16068854212BF6868002060602060E3
:10DF900000F081F828462C68FFF792FF03E0306814
:10DFA000FEF796F90024204670BD00BF58500120AE
:10DFB00070B50A4E0C46054600F068F80DB900250C
:10DFC00000E02D6825B12868A04201D00435F8E7AB
:10DFD0003068FEF77DF9284670BD00BF585001201B
:10DFE000B0B588B1124D04464FF0FF312868FEF7F6
:10DFF00069F9A0680268A24208D011465268A2429C
:10E00000FBD162684A6003E000250FE061680160AF
:10E010004268A24208BF4160017A01390172286852
:10E02000FEF756F920462568FFF74AFF2846B0BD9F
:10E0300058500120F8B5044608B1276800E00027D1
:10E0400020469047B8B1B7B10F4E054600F01EF814
:10E050002068854212D038467F68AF42FBD169689C
:10E060004160696801B9606000F015F828462C68C5
:10E07000FFF726FF00E000242046F8BD61686868CD
:10E080008D422060F0D1EEE7585001204FF0FF3173
:10E090003068FEF717B9207A013820723068FEF731
:10E0A00017B9000001490860704700BF1C410120FA
:10E0B000F8B5FEF703F900F03FF81E4A536883B144
:10E0C0009A689B8A03F0010382EA000483EA01054F
:10E0D0002C4303D0141A73EB010407D20020002153
:10E0E00007E04FF0FF344FF0FF351DE0101A63EBEF
:10E0F00001011F22C1EB4114A0FB0223800840EA6A
:10E1000081702344161843EB910704F007FC044682
:10E110008F4238BF30460D46A64238BF34468F4244
:10E1200018BF044638BF3D46FEF7CAF820462946C8
:10E13000F8BD00BF1C41012010B504F0E9FB044606
:10E14000FEF7BCF80A4881688C420AD2011D0968B2
:10E1500021B18A8A22F001028A82F8E70549002269
:10E160000A608460FEF7ACF82046002110BD00BFB5
:10E170001C410120D841012003480021C0E90011C1
:10E180000248052102F06ABD1C41012091E102080C
:10E190002DE9F84FDFF890A14FF0FF31DAF80000D9
:10E1A000FEF790F8DFF884916248DFF884B100252B
:10E1B0008046D9F804402746FFF7BEFF9BF80010C1
:10E1C0000144ACB3A28A02F00103A2688E1A75EB77
:10E1D000030305D2404543462AD8B2F1FF3F27DC6E
:10E1E000A27D012A01D12468EBE701205646D4F82C
:10E1F00000A0A075D4E903108847E07DC10707D0CF
:10E20000A18A21F4F862403101F4F8611144A1823D
:10E21000800708D42068D9F804105446504518BF28
:10E220000F46B246C8E7D9F80440B2462746C3E7CE
:10E23000DAF80000FEF74CF800F036F9DAF80000E2
:10E240004FF0FF31FEF73EF8D9F804408FB1A742F6
:10E250000FD0B97D59B138463F68C27DD20704D08E
:10E26000012902D1416800F047F9002FF1D1D9F816
:10E270000440002C41D09820FDF7F4FFD9F80400A9
:10E28000B0B32D4D0026FFF757FF2A68033246F141
:10E290000003101A73EB0100F5D2A07DD9F8041029
:10E2A000002818BF0C461CB3A068896881421FD3A0
:10E2B000E27DA18AD20717D0C1F38412C1F34403CF
:10E2C0005A4302EBD1221F2A0ED38A094B08013090
:10E2D0005A43A06001EBC22201F03F0102F47842F0
:10E2E0000A4402F50062A28201F0010104F0FDFA85
:10E2F0009820FDF7B9FF002401E04FF0FF34D9F872
:10E30000005055B100F096F9012801D1022003E038
:10E31000D9F8040008B90020A847DAF80000FDF792
:10E32000D7FF2046BDE8F88F585001201C4101203E
:10E33000F4050020FEFFFF3FD8410120F8B5074655
:10E34000532016460D46FDF78DFF1A48FFF7B6FD20
:10E3500048B3044627B3002002212661C4E9000027
:10E36000C4E90207A08AA175E17D00F0010001F077
:10E37000FC01A08205F001000F4D08444FF0FF3171
:10E38000E0752868FDF79EFF0C4E307820B90C48E8
:10E3900004F09EFA012030702868FDF799FF03E031
:10E3A0002046FFF78DFD00245320FDF75DFF20463A
:10E3B000F8BD00BFBC4F012058500120184101207A
:10E3C00091E10208B0B5002805460C4618BF0120AF
:10E3D0000121FDF7FFFEE97D04F0010001F0FD01E0
:10E3E00041EA4000E875B0BDF8B51048104D002670
:10E3F000104F041D2468FFF79FFEACB1014628783A
:10E40000A28A02F001030844A268801A76EB030096
:10E4100005D20020B94206D8B2F1FF3F03DCE07D0F
:10E420008007E7D50120F8BD0020F8BD1C41012080
:10E43000F4050020FEFFFF3FF8B520B30446807DC1
:10E4400008B3174E0D464FF0FF313068FDF73AFF25
:10E4500000F02AF820462946A77D00F04DF8114D1E
:10E46000D5E9002122B1A14202D10120904769687B
:10E47000A1420BD1012F09D08868898A01F00101DE
:10E4800004F033FA07E04FF0FF30F8BDA14202D1AB
:10E49000E07DC007F0D03068FDF71AFF0020F8BD1E
:10E4A000585001201C410120B0B5114C4FF0FF31F4
:10E4B0002068FDF707FF0F48011D0022096889B198
:10E4C0008B7D013B012B0BD8034653F8045FA94217
:10E4D00018BF134601D0002AEFD00D681D60EDE78C
:10E4E0000A46EBE72068BDE8B040FDF7F1BE00BF8B
:10E4F000585001201C4101202DE9F04104464160A3
:10E50000C07D0D46C0071CBFA068002802D1FFF7E0
:10E5100013FE00E000212D18A08ADFF8548041F19D
:10E52000000600274FF0FF31A56066F30000A775D5
:10E53000A082D8F80000FDF7C5FE0E48021D39463E
:10E54000176847B1BA8ABB6802F00102EB1A76EB92
:10E5500002023A46F3D2276050F8042F974208BFD0
:10E5600001460C60D8F80000BDE8F041FDF7B0BEF0
:10E57000585001201C41012018B32DE9F041867D3F
:10E580000446012E02D1E07DC00701D00220A07513
:10E590000020A060A08A00F00100A082FFF784FFA5
:10E5A000DFF888804FF0FF31D8F80000FDF78AFED1
:10E5B0001F4F3D6865B100F03DF8012804D10220ED
:10E5C00005E04FF0FF307047796819B90020A8477F
:10E5D0007968E1B12068814208BF002E1FD1C87D53
:10E5E0008A8AC00716D0C2F38410C2F3440358438A
:10E5F00000EBD2231F2B0DD302F03F04886844EABE
:10E60000C3230130886003F500638B8203E004F0CC
:10E6100079F904E0886802F0010104F066F9D8F89D
:10E620000000FDF755FE0020BDE8F08158500120A4
:10E630001C4101200448011D4FF0FF3001300968E2
:10E640000029FBD1704700BF1C41012080B518B1E3
:10E65000817D19B1FFF734FC002080BD4FF0FF3001
:10E6600080BDB0B504460068FFF786FF0546206808
:10E67000FFF7ECFF002128432160B0BD70B50546CF
:10E6800003200C46FDF718FE2846FFF775FF0646E7
:10E6900028462146FFF7D0FE04460320FDF70AFE78
:10E6A00044EA060070BD807D70470000B0B50B4C99
:10E6B00000210822002504F10C0002F029FA0020B4
:10E6C00000F00EF8201D00210222A56002F020FAC1
:10E6D000A580BDE8B04000F031B800BF284101205E
:10E6E000B0B5134900250C781249AC420DD0CA7957
:10E6F000824202D008310135F7E70F4808220C307A
:10E7000002F0C0F9E8B2844207D10B480949082257
:10E710000C3002F0B7F9FF2400E000240649487CE1
:10E72000897CFEF7E3FE00F009F82046B0BD00BF8B
:10E73000F4D10408E4D10408284101200748027CF0
:10E74000C168013AD2B201EB8201CA780270CA787C
:10E750004270CA788270C978C17070472841012020
:10E7600010B5064AD468137CE4780470581EC0B211
:10E77000D26802EB8000C078087010BD28410120EB
:10E78000B0B5164AD368127C013AD2B203EB8204C8
:10E7900094F903508542A8BF054693F9034084428B
:10E7A000C8BF2546281BC0B2904238BF0246012987
:10E7B00011D103EB8200E9B2C07881420BD04AB19B
:10E7C000013AD1B2101903EB8101C0B2C978884275
:10E7D000F5D100E00022D0B2B0BD00BF2841012039
:10E7E000B0B50C4D2A796AB1A96859B16B79012885
:10E7F00003D1012A08BF002B05D018B9012A08BF90
:10E80000012B02D0B0BD012400E00024204688473F
:10E810006C71B0BD284101200648C168007C0138F8
:10E82000C0B201EB800090F9031000200A29C8BF94
:10E83000012070472841012070B514460022FFF7DF
:10E840009FFF0E4E05462146F06800EB850040789C
:10E85000FEF73AFE0A4AF06810F8251000EB850032
:10E86000947CD37804F00F0444EA0111917403F00E
:10E870007F01807841EAC010D07070BD284101202E
:10E880009C41012010B50028044618BF012001F06A
:10E8900075FF0148046010BD40410120074991F80F
:10E8A0005420012A05D1096C4FF47E62B1FBF2F1CC
:10E8B00001E080007D21B0FBF1F07047C8410120EC
:10E8C00080B50848012190F84D000138B0FA80F079
:10E8D0004009FDF77FFCFDF798FC03480068013014
:10E8E00080BD00BF40410120140002482DE9F047DF
:10E8F00081461A20FDF7B6FC334D95F84D000128EE
:10E9000005D1FDF782FC31480068461C00E0002676
:10E910002F4F97F85400002841D0022818D0012822
:10E9200022D13C6C2C4A0023E0076108D1F7AAFCF5
:10E930004FEA4008A87F012818D12648864215D200
:10E940000020A877A88B00F1010AA5F81CA00FE011
:10E95000A87F012819D11F48864216D20020A87727
:10E96000A88B0130A88311E0002618E0B5F81CA0A0
:10E97000A4FB0601184A0023D1F784FC396D401A24
:10E980001FFA8AF108FB010609E0A88B4FF4FA711F
:10E99000A6FB012300FB0130510A41EAC05695F85D
:10E9A0002200C9F80060012808D10C48864205D829
:10E9B000002085F82200288C013028841A20BDE828
:10E9C000F047FDF751BC00BF404101201400024850
:10E9D000C84101202FDD240618F00100FF47E8019F
:10E9E00070B52B4805210025602280F838100921D8
:10E9F000A0F85050A0F84C50C0E909558574058224
:10EA0000C56080F823102348002102F081F8224CD1
:10EA10000020022805D004EBC00101300D638D8673
:10EA2000F7E700261D4DE66155F8040C20F00800BC
:10EA300045F8040C55F8040C40F0080045F8040CA7
:10EA4000286820F004002860286840F0040028604E
:10EA5000286840F0020028603C20FDF7ABFB012055
:10EA600000F01EF80020FDF7CEFB00F035F800F0B6
:10EA700045F80120266100F06FF8286840F020007A
:10EA80002860286820F480702860002070BD00BFD6
:10EA90004041012038820248C84101200C00024850
:10EAA000B0B50C4D044695F84D0050EA04010FD066
:10EAB000012C08BF01280BD02CB1012C06D1012854
:10EAC00004D0012000E00020FDF79CFB85F84D40BC
:10EAD000B0BD00BF4041012010B5064C00211822F6
:10EAE00004F1400002F014F8022084F854000248B7
:10EAF000206410BDC8410120FB2A0500B0B5154CAB
:10EB0000606E68B1FFF738FD01F03BFE606EFFF705
:10EB10009DFDB0FA80F000216166400901F02EFEF3
:10EB20000020002501F00AFB01F03FFE04F158002F
:10EB30000021242201F0ECFF43F69820C4E90A5595
:10EB400084F8725084F871506561A066182084F8CA
:10EB50006000B0BDC841012070B504460120012607
:10EB600000F048F80A4D012C6FF00401D5F80804B4
:10EB700066F35030C5F808040648016003D1FEF77B
:10EB8000C5F8FEF7CDFA286840F02000286070BD77
:10EB90001C0002484804024810B5154C012894F89E
:10EBA000231008BF002921D000B9F9B9012803D1E9
:10EBB000002000F01FF819E0C0B9CF20FDF752FB8C
:10EBC000052084F838000320FDF776FB0020FFF7CE
:10EBD000C3FFFEF7ADF8606C00B1804702F032F978
:10EBE0000320FDF767FBCF20FDF73EFB002010BDA3
:10EBF0004041012010B5104991F82320824218D0DD
:10EC0000012803D191F85020012A12D00D4B0BA2FC
:10EC10001C68125CC4F30614944208D01C6860F3AC
:10EC200002041C601C68C4F30614A242FAD181F8E5
:10EC30002300002010BD00BF4041012001030F232D
:10EC40002F171F3F08000248034890F82300B0FA2E
:10EC500080F04009704700BF40410120F0B58DB001
:10EC600002A82B210CF0F0FF322045490222022697
:10EC70008DF80400414800900120FDF79DFA4149BC
:10EC800002200A22FDF798FA3F4C00215822002763
:10EC9000204601F03DFF3D4D0021032205F10A0011
:10ECA00001F036FF4FF6FF7085F8227084F84F6050
:10ECB000288495F8230000F0FC0085F82300FDF778
:10ECC00055FFFFF7F3FCFFF78BFE3148012101F000
:10ECD000C5FF3048022101F0C1FF95F8540001281A
:10ECE00003D10020002100F0F3F802F097F802AC05
:10ECF0000021204600F012F99DF80C009DF821102B
:10ED0000884218D19DF80E009DF82310884212D138
:10ED10009DF80F009DF8241088420CD19DF810003A
:10ED20009DF82510884206D104F10A0069460522A3
:10ED300001F024FF88B1C720FDF798FAC720FDF73E
:10ED400095FA002001F01AFD012001F017FD0120C5
:10ED500001F014FD00200DB0F0BD04F11F006C4661
:10ED60000522214601F08EFE0B482146052201F0C6
:10ED700089FEC720FDF77AFAE6E700BF534F573008
:10ED80009DED0208B9ED020840410120C841012073
:10ED9000C1ED020831EE0208F505002080B518200B
:10EDA000FDF760FA00F0C6FB012001F05DFF1820BE
:10EDB000BDE88040FDF758BA022001F055BF0000C1
:10EDC000B0B51848184C0568012020701520FDF7D3
:10EDD00049FA05F00700042818BF022804D1134897
:10EDE000416804F10800884701F046FFA0B9A07A05
:10EDF00058B1E079012803D1FFF7F6FA012802D0D3
:10EE0000FDF72CFB28B1012004E0022001F02CFFCB
:10EE100002E00020FDF7FBF91520BDE8B040FDF74A
:10EE200023BA00BF08000248C84101204041012028
:10EE300070B51620FDF716FAFDF740FA214C207840
:10EE4000A17860700220012988BF01200026265485
:10EE5000FDF736FA1C480568E07938B11B48E671C1
:10EE600000688047A07866700130A070FDF7F6FA60
:10EE700030B100206070FDF73FFAA0780130A0703B
:10EE8000A07905F0070538B10026A67100F0CEFB89
:10EE9000A07866700130A070022D18BF042D0CD12F
:10EEA0000A48816804F108008847A0780130A07002
:10EEB0001620BDE87040FDF7D7B9207B0228EFD0BF
:10EEC000F6E700BFC8410120080002484041012088
:10EED000B0B50E4D0C4685F87000002085F8440052
:10EEE0000B48FFF7DFF87F2001F00EFA094895F88C
:10EEF000441011B901688906F9D524B1286C064976
:10EF0000B1FBF0F020800020B0BD00BFC84101205F
:10EF1000D50203084004024800B83BF2002833D071
:10EF2000F8B52FA12B22044601F0ACFD374803228F
:10EF30000A250068010EC0F3033662F31F11217128
:10EF4000010D62F31F11A171010C62F31F11E17138
:10EF5000C0F30321B1FBF5F202EB8202A1EB420107
:10EF60004131062E217210D841210B224723DFE8C0
:10EF700006F025041214161A21004C210C224323FA
:10EF80000B25A172412119E0704758230C220B2553
:10EF90005821A37212E041210DE0502100E05521DB
:10EFA0000B224C2309E053210C224F230B25A17285
:10EFB000572103E043210B2245230A25A1540321B5
:10EFC000C2B2635561F31F101149A07310090522E5
:10EFD0003030607304F11F00BDE8F84001F052BD0D
:10EFE00052544C3A582E5858582D58583058585F4B
:10EFF0004649524D574152453A312E3330412D58F2
:10F00000585858585F4C43413033000000000248C4
:10F01000F5050020F8B50B4E0130069C084D01386F
:10F0200008D04F591740DF40BC4237601CBF00205A
:10F03000F8BDF4E7002001F0A1FB4FF0FF30F8BD70
:10F0400000000248984101202DE9F04F8BB0824624
:10F05000C87991F806B0B1F804900F460E680A908E
:10F060001920FDF7FFF8FDF729F9DFF82884E44CB3
:10F0700098F85400022816D001281ED1D8F8402054
:10F0800000204FF60C01002309970892D1F7FAF8F7
:10F09000DFF808344FF47E61BBF1000F1A8C1AD0F0
:10F0A00093F822501CE0DFF8F453BBF1000F288CDA
:10F0B00000F08F8095F822208FE0A64240F25A811E
:10F0C000DFF8D80390F82210002940F05381012185
:10F0D00080F822104EE193F82250A64240F2D681E9
:10F0E0001446089A15B9012583F822504000B2FB56
:10F0F000F1F8C4490023079009980068A0FB01714A
:10F100003846D1F7BFF8089A06464FF47E63BBF144
:10F11000000F18BF4FF0010B00FB1270B0FBF3F0B3
:10F120008144681EB0FA80F0400900EA0B00B2F595
:10F130007E6F20440CD31FFA89F2C646904508D250
:10F14000B2FBFEF2B61802FB1E9941F1000100E08D
:10F15000C646079ADFF83C834FF0000BBAF1000F68
:10F16000099FE0FB026140F0058198F872000128D8
:10F1700040F00081D8E9160C8B46D8E90A2198F8AE
:10F180007850CDF814A0CDF804E0B31A012DB0FBEF
:10F19000FCF4079463D1251D00204FF0000A9D4226
:10F1A00008D2671C043BB3FBF7FAEAFB0721B31A4A
:10F1B000C8E90A219D4228BF012001F0DFFA98F832
:10F1C0007800D8E90A21D8E916EC43465C46049059
:10F1D0005EE095F82220A64203D912B9012285F8F3
:10F1E00022204002BBF1000F40EAD65118BF4FF079
:10F1F000010B501E4FF4FA72B0FA80F040091BEA7E
:10F20000000F18BF01F500714FF0000B74020023CE
:10F210004FF4FA762046D1F735F800FB1642C2EBE0
:10F220000212520092B2B2FBF6F24A4493B21E3B73
:10F2300038BF5B461E261D339CB2B4FBF6F4C4EB0C
:10F240000416A3EB4606F31A061903EB020941F173
:10F250000000A98B884288BF4FF0010B8AE004951B
:10F260000690651EE01C4FF0000A002783420BD970
:10F27000B3FBF4F3E3FB05211AEB030A47F10007A4
:10F28000C8E90A21B31AF1E7DDF818E043465C4605
:10F29000B51A4FEAEC72D3F86CB0CDF818E0A5FBC4
:10F2A0000C7064EB010805FB0200039708FB0C02DD
:10F2B000A7FB0B0193F86070029202FB0B11AEFBEF
:10F2C00007235B0143EAD2635201D0F7DBFF0499C5
:10F2D00041B1012907D1013E64F100047901BBFB72
:10F2E000F1F1081A8144DDE902316A48069A4FF0CB
:10F2F000000B876CA1FB070103FB07110023D0F76C
:10F30000C1FF0AFB070007998144681A78F10000E1
:10F310001AD2DDE90827DDF814A0481E019BB2F5DA
:10F320007E6F16D31FFA89F18B4212D2013548F154
:10F33000000885EA000151EA08010CD00136A9EB6A
:10F34000030944F10004EAE7DDF814A02846099F08
:10F3500003E0284601E04FF0000807990431081A3D
:10F360007BEB08004FF0000028BF012001F006FAF7
:10F37000DFF820814A4CBAF1000F09D0D8F810000C
:10F38000032100F099F8E06820F02000E0601AE026
:10F390004248816A01291CBF39684162D7E90012DD
:10F3A0000A9B80F81AB0A0F81890C3760C3046C0BB
:10F3B0003C491FFA89F00860FEF780F818B9002070
:10F3C0000121FDF723FC616900220BF00103081DF8
:10F3D00042F10002351A73EB020228BF3046BAF13F
:10F3E000010F14BF3046BBF1010F0DD02B498A7FAE
:10F3F000C2B9294A904215D901228A7713E000BF89
:10F40000FFB717FE18F0010011F1050FEED8264ADC
:10F410009142EBD321480121817780F84E106FF0A3
:10F4200001000EE048B1BAF1000F0AD1421C08D128
:10F4300001204FF0FF3488771FE0BAF1000FF7D0BA
:10F4400000201AA1BAF1010F51F82A10085102D078
:10F4500098F8030080B90AEB4A001649012551F8D3
:10F46000202001EB8000D0E9011013598B4305FAED
:10F4700000F00840184410510024FCF721FF192027
:10F48000FCF7F2FE20460BB0BDE8F08F1446089A58
:10F490002CE600BFC8410120FFB717FE4041012004
:10F4A000000002485C040248FDFFFFFE100000005F
:10F4B00018000000D0D60408F8B5054600200C4618
:10F4C0000090FCF7FBFE6F426E463046FFF70EFAE7
:10F4D00000983946A84238BFE9430844A042F4D313
:10F4E000BDE8F840FCF7ECBE10B500EB4000064963
:10F4F000064B51F8202001EB8000D458406824EAE4
:10F500000000D05010BD00BFD0D604080000024853
:10F51000034918B1CA78022A00D17047C8707047F1
:10F52000C84101200248016841F0010101607047B3
:10F530000C00024870B51420FCF794FE384D394C8D
:10F54000286940F080002861286920F08000286147
:10F55000FDF78AF8022808D3FCF776FF28B154F8A3
:10F56000040CC00718BFFCF72FFF2868000712D54E
:10F5700028682D4E20F040002860286840F01000D8
:10F580002860286820F01000286006F11000FFF7BE
:10F59000ADF90120F0712868800513D454F8040CEB
:10F5A000C00621D56068012140F01000606020682D
:10F5B00040F010002060206820F0100020601A4801
:10F5C000017211E01720FCF751FE1748012101726A
:10F5D000286820F001002860286840F0800028603A
:10F5E000286820F08000286054F8040C80060ED5AE
:10F5F0006068012140F020006060206840F0200039
:10F600002060206820F020002060074881710648B3
:10F610000021C1701420BDE87040FCF725BE00BF7A
:10F620000C00024844040248C84101202DE9F84377
:10F630003720FCF717FE614805210468002000F020
:10F6400043FC5F4DA86E002800F0B2800020C4F398
:10F65000132600F073FD95F8700002281BD2002ECF
:10F66000304618BF012001210124FCF7B3FD002E14
:10F6700000F09E805348EE662E6485F84440411C9D
:10F680008E4226D9B6FBF0F101FB1060002818BFAE
:10F690000131481E1EE040F08B80EC6E601C8642FB
:10F6A00002D8601E864201D23446EE667F2095F86D
:10F6B0006020D5E9169800232F6C0026A4FB0001DA
:10F6C000D0F7E0FDC21B71F1000205D2391A002209
:10F6D00008E0002028656BE03A1A76EB010109D2B8
:10F6E000C11B012207EB470342F21076B3FBF6F38E
:10F6F000994202D80021022238463E4685F87820F9
:10F7000036B13346B1FBF6F606FB13161946F7E79A
:10F71000022A07D0012A0BD0002A4B4642460ED1BE
:10F72000381A06E0012300220020C5E9163214E051
:10F73000C01BB7FBF1F3B0FBF1F2C5E916320020B4
:10F740005AB1012B09D0B3FBF2F003EB430100FBEC
:10F75000123009026043B0FBF1F0A864C2B1012B82
:10F7600016D095F87200B0B14B4508BF42451CD089
:10F770003820FCF777FDFCF7A1FDB9FBF8F101207B
:10F7800000F006FD3820FCF76FFDFCF799FD0CE05A
:10F7900001F00BF809E03820FCF764FD012001219D
:10F7A00000F0F6FC3820FCF75FFD204600F0CAFDB3
:10F7B0003720BDE8F843FCF757BD00BF840402487A
:10F7C000C841012018F00100014890F8230070475B
:10F7D00040410120022804D0012804D102484160A0
:10F7E000704701488160704740410120B0B505462F
:10F7F000054800F0CCFF049A28462146FDF7C8FDD5
:10F80000024900F0D6BF00BF8004024840410120F9
:10F8100010B50B4A0B4B02280D4C08BF13460A4A81
:10F82000012818BF1A46094B022808BF1C46094B7D
:10F83000012818BF2346002908BF1346187810BDB9
:10F84000BFD60408C1D60408BDD60408C0D6040833
:10F85000C2D60408BED6040810B5064A002902F133
:10F860000C0408BF02F10804FFF7D2FF2168084426
:10F87000023010BD943F0120032803D020B9034873
:10F880000164704701484164704700BF4041012056
:10F8900010B50E4804681D20FCF7E4FC04F00700D6
:10F8A000042818BF02280AD1094C206C002818BF70
:10F8B000012000F063FF206C8047044600E0002434
:10F8C0001D20FCF7D1FC204610BD00BF08000248F7
:10F8D000404101200649042808BF03200A6860F35C
:10F8E00042020A60086840F001000860704700BFEB
:10F8F000680402480648016841F00401016001689B
:10F9000021F004010160416A21F001014162704768
:10F91000440402482DE9F04F8DB0DDF868900026D0
:10F92000DFF8D4A40C9000200A911C469346B9F14C
:10F93000060F38BF01209AF8237000F01FFF1B9DAF
:10F94000022D38BF0126304600F018FF0320FCF7D7
:10F95000B3FC824EB9F1030F0B97099408D0B9F1AB
:10F96000050F40D8012000FA09F010F0320F3AD00C
:10F9700045B1012D13D1DFF88004012100F04CFACC
:10F9800080460CE034462E46DFF87854012105F11C
:10F990001C0000F041FAE861354680462646B8F181
:10F9A000000F404618BF012000F0E8FE00F012FFF3
:10F9B00006EB0800071D9AF8230078B1684E012D68
:10F9C0000FD10120012100F07FFAB56FFFF760FF32
:10F9D000A0B1064605F007070B9CC3E14FF0FF36C8
:10F9E000CEE1052019E05F48002114224FF0000805
:10F9F000143801F08DF848F21027DCE7B8F1000F59
:10FA000001D000F0E7FE9AF82300554E0B9003203A
:10FA1000B56FFFF7EFF805F00700DDE9182437446C
:10FA200004900A99A7F20440013AB2FA82F253090B
:10FA3000102201F0FDF8B9F1030F0CD10C9C204607
:10FA4000FCF7CEFB002818BF012000F097FE201F16
:10FA500000F0B5FE19E0B9F1050F00F2A98101200F
:10FA600000FA09F010F0320F00F0A2810C9C204641
:10FA7000FCF7B6FB002818BF012000F07FFE201F16
:10FA800000F09DFEB9F1040F18D1BBF1000F5846EC
:10FA900018BF012000F072FE9BF800C09BF8010027
:10FAA0009BF802209BF803309BF804104CEA0020DE
:10FAB00040EA0240002240EA036610E09BF804009E
:10FAC0009BF803509BF800C09BF801209BF8023084
:10FAD00045EA00214CEA0220012240EA0346C748D9
:10FAE000B9F1040F0A97CDE906212044089006D009
:10FAF000B9F1050F38D14FF00109029602E00296E4
:10FB00004FF0030947464FF0000A17F8213F3C46E3
:10FB10007E797D78B878FA7814F8041F40EA0220DC
:10FB200041EA0621029EA47841EA044443EA052101
:10FB300041EA00439BF80E009BF80F1000020D06EF
:10FB4000594640EA0C404FEA102CB87A4FEA004E72
:10FB5000012005900220039029E000BFFCFFFDB7C3
:10FB60000804024824820248474630464FF4807E0B
:10FB700017F821CF3D467978BA78FB787C7915F86B
:10FB8000046F46EA042406464CEA012042EA0321B7
:10FB90000023AD7840EA014AB87A594644EA05455F
:10FBA0004FEA004C042000240390002005904AEA0C
:10FBB0000300DDF828B0020E3870FA70020C000A5B
:10FBC000BA70787045EA04003A46ABF5816502F8F0
:10FBD000040F030ED370030C000A78714CEA0E0078
:10FBE0009370020A7A7207F8080F000C884AB870FE
:10FBF000069F47EA470000F0E6FD06FA03F3465980
:10FC0000234026EA040423444351B81C00EB40007F
:10FC1000079E00F0D8FD4259A24306FA03F32340A1
:10FC20001A4442510598084441798279C379047A8B
:10FC300041EA022141EA034141EA0463414611F8E5
:10FC4000252F0D4641F8113CCC7815F8047F90F82B
:10FC500009C090F80AA0C67A90F80CE04FF4600052
:10FC60000A70AB782F7000EA0340099B03F01F0372
:10FC700040EA03408B7843EA0423000CA8704878DC
:10FC800042EA002040EA0340624B1840179B03F011
:10FC90007F0340EA03431B0C8B70169B03F07F032A
:10FCA00040EA0320000A48704CEA0A20DDF830A040
:10FCB00040EA0640554640EA0E6041F80D0C4FF60A
:10FCC000FF7155F8040D08432860286820F0806013
:10FCD00028604E485BF80010089A89B241EA024158
:10FCE0004BF800105BF8001062F30F014BF80010A6
:10FCF0001B98F8B1444E3068DDE903170B9C68F39C
:10FD00000F003060B06F20F007000844B067306E1D
:10FD100020F0180030664846FFF7DCFD00204FF465
:10FD20008861042202230090C820FFF773F918B1FC
:10FD3000064617E0002634E0FFF7DCFD49F002003C
:10FD400002280ED12868400102D4002000F016FDE0
:10FD50001998291D1022B0FA80F04309504600F08E
:10FD600067FF00262046FEF745FF2749886F20F0F1
:10FD70000700384488670020012100F0A5F81B9D8A
:10FD800019F0FD0F0DD02DB1012D0AD11A4800F048
:10FD9000C5F806E01B4C04F11C0000F0BFF8002081
:10FDA000E0610320FCF786FA30460DB0BDE8F08F25
:10FDB000DDF830A0124DB4FA84F110224B09281D51
:10FDC000514600F035FF284600F0F9FC0F4848F294
:10FDD0002422395862F30F0139504FF6FF71286819
:10FDE000084348F21021286030680B9C049F61F39F
:10FDF0000F00012185E700BF40410120FCFFFDB756
:10FE000024820248C841012008040248F8FBFFFF91
:10FE1000E8D60408FF8080FF2DE9F0410028054660
:10FE200018BF01200C4601210127FCF7D3F9FCF78C
:10FE300045FA234E002002220021022816D006EBAC
:10FE4000C00393F834303BB9012F05D10131012CA7
:10FE50000DD00027024607E013B10021012703E07F
:10FE60000131CBB2A34227D00130E6E71046C9B238
:10FE7000A14218BF02205FFA80F80020B8F1020FFB
:10FE800038BF012001210127FCF7A4F906EBC800C7
:10FE900080F8354034302CB140F8045C07700830ED
:10FEA000013CF8E708EB4800064901EB0014FCF7B9
:10FEB00007FA2046BDE8F08110462146D7E700BF8B
:10FEC000C841012038820248B0B500F00102012388
:10FED0008A4003FA01F10F4B5C7A24EA01010E4CCF
:10FEE000114394F84C205972C9B200290D4642EAD8
:10FEF000010318BF012513B1012A01D101B1B0BD21
:10FF00000138B0FA80F04009FCF77DF984F84C50D4
:10FF1000B0BD00BFC841012040410120F8B5002814
:10FF2000044618BF012000F029FCFCF7C7F9174D63
:10FF300000200026022806D005EBC0010A6BA24271
:10FF400004D00130F6E70224002702E091F8357072
:10FF5000044602284FF0000038BF012000F00EFCDC
:10FF6000002F384618BF012000F008FCE0B23844EA
:10FF7000E1B2884205D905EBC10101340E638E86DA
:10FF8000F6E7BDE8F840FCF79BB900BFC841012087
:10FF9000B0B57D22002304467D25D0F773F900FB20
:10FFA0001541890089B2B1FBF5F101EB8000B0BDCC
:10FFB00070B50A4E044600F0F3FB094D30686C71D1
:10FFC000FCF786F995F85400012805D1A86E18B100
:10FFD000BDE8704000F006B870BD00BF5850012069
:10FFE000C841012070B53620FCF73CF9404C4FF079
:10FFF000FF312068FCF766F93E4D297921B195F86B
:020000040803EF
:100000007100C8B16A7906E06A7995F87100012A31
:1000100008BF002810D0012A33D091BB012830D16D
:100020003520FCF723F9002085F87100002000F04E
:1000300085F800F0BAFB41E03320FCF717F9686E51
:1000400030B92D4800210022FEF778F96866A8B380
:10005000FEF729FB90B3022085F8700095F8600048
:1000600000F052F9D5E919014901FEF7E5F9B0FAB6
:1000700080F0012101264009FCF7ACF885F8716099
:100080001CE0012A1AD0012818D13320FCF7EEF821
:10009000FEF7D0FA012811D1686EFEF704FB68B9AB
:1000A000686EFEF769FA00F06CFB0026002085F808
:1000B000716000F043F800F078FBAE8068790228A8
:1000C00004BF287900280BD195F87100012807D1C9
:1000D000FEF702FDFEF712FD00200021FEF7F8FEFC
:1000E0002068FCF7F5F83620BDE87040FCF7BCB896
:1000F00058500120C841012019040308B0B50D462D
:100100000446FEF7E9FCFEF7F9FC022C05D0012CB1
:1001100007D07CB94FF4FA4001E04FF4004028804A
:1001200003E001202946FEF7D3FE034880F854403F
:100130000020B0BD1220B0BDC8410120B0B5124DA5
:10014000104C88B10120A8610020FCF778F801204C
:100150000521FFF7B9FE68690221FFF7ADF92068B4
:1001600040F001002060B0BD0020A8610120FCF734
:1001700066F8206820F0010020600448205868617B
:10018000B0BD00BF84040248C841012090FBFFFFBE
:100190002DE9F04F85B00128039101904CD14A48D8
:1001A00090F87200012847D147484FF47E614FF024
:1001B000000BD0E90A89006CB0FBF1F002900398C3
:1001C000C61C002004904248848B4048D0F800A010
:1001D000B8EB0A0079EB04004FF0000038BF0120B3
:1001E00000F0CCFA38483246D0E90A89BAEB080761
:1001F000384664EB090400232146D0F743F835461E
:10020000029EA2FB0601039A03FB061100232E4661
:10021000D0F738F8103871F100000DD304988245FA
:1002200018BF0BF1010BB81B74F1000004D2BBF135
:100230000B0FCDF810A0C6D3FCF740F8234C224E8C
:10024000206920F480302061002086F87200256843
:10025000FCF736F8019801281CBF05B0BDE8F08F07
:10026000D6E91601B0FBF1F0E06096F8780048B1ED
:100270000128206919BF4FF6FF718843012161F3FE
:100280000F0003E020694FF6FF7108432061284604
:100290000221FFF711F9FCF711F8216808468142A5
:1002A00001D12068FBE7012186F872100849898B8B
:1002B000C6E90A01206940F48030206105B0BDE83C
:1002C000F04FFBF7FDBF00BFC841012014000248FA
:1002D0004041012070B50A4E044600F061FA094D14
:1002E00030682C71FBF7F4FF95F85400012805D114
:1002F000A86E18B1BDE87040FFF774BE70BD00BFB6
:1003000058500120C841012010B504460020FFF7D5
:1003100015FF0B48016C64F347010164416821F04B
:1003200020014160016841F020010160016821F075
:10033000200101600120BDE81040FFF7FFBE00BFB3
:10034000440402482DE9F84FDFF8C0B0DBF868102C
:100350009BF872204FEA4119012A42D1DBE91623AA
:100360009BF86050B2FBF3FAAAFB00234FF4FA406B
:10037000A5FB0048A4FB016739463046CFF782FF52
:10038000B01A224667EB03014346CFF77BFF4001DB
:100390001F4AA0EB5506DBE90A011268824205D22A
:1003A000002000210024FBF715FF09E00023101AAC
:1003B0000AF1010263EB01010023CFF763FF14464A
:1003C000DBF84000134A0023A0FB0401CFF75AFFDB
:1003D000864202D9341A4C4504D900200021FBF78B
:1003E000F9FE4C46DBF86400FEF7C6F800F0C9F9E8
:1003F000DBF864002146FEF71FF8B0FA80F0012117
:100400004009BDE8F84FFBF7E5BE00BFC841012039
:100410001400024818F0010080B57020FBF722FF9D
:100420000648022180F8701090F86000FFF76CFF1A
:100430007020BDE88040FBF717BF00BFC841012016
:1004400001488069C0B27047C84101202DE9F041E0
:1004500000270646324C8846154602284FF0000019
:1004600038BF01200121A047B8F1030F4FF0000071
:1004700038BF01200121A047022D38BF012738468F
:100480000121A047274F012E05D1B86C18B1804734
:1004900008B1BDE8F08197F84F00012E08BF02288F
:1004A000F7D0B0420DD0FDF709F818B101200021B6
:1004B000FCF7ACFB97F8230001281CBF0120FEF7D6
:1004C00099FB012E12D026BB97F84F0028B10020CF
:1004D0000024FBF7A3FE87F84F40B8F1010F0CBFD3
:1004E00000200120BDE8F041FEF77AB915B90020DF
:1004F00000F01AF897F84F000128CAD00020FEF744
:100500006FF901200124FBF789FE87F84F40BDE811
:10051000F08100200121BDE8F041FBF75BBE00BF88
:10052000D5C1020840410120B0B504460020022C8C
:1005300038BF012000F022F9054D95F85100A04286
:1005400004D02046FBF794FE85F85140B0BD00BFB3
:1005500040410120B0B50D46044600F08DFB022C51
:1005600000D308B1012D01D91220B0BD0248C572D7
:1005700084720020B0BD00BFC841012070B506469E
:10058000472014460D46FBF76DFE0B48AE4201684E
:1005900066F345110160016821F0006118BF01F1A7
:1005A00000610160016864F3040101604720BDE857
:1005B0007040FBF759BE00BF88040248024800683B
:1005C000C0F30420704700BF880402480248006856
:1005D000C0F34430704700BF8804024810B5044699
:1005E0004620FBF73FFE0548016864F3C711016030
:1005F0004620BDE81040FBF737BE00BF8804024824
:10060000054890F82210012905D190F823008007B1
:1006100048BFFBF725BE7047C841012001498864E7
:10062000704700BF4041012010B50028044618BFA4
:10063000012000F0A3F80E4800F13001002010F175
:10064000600208D00A79012A04BF0A68A24204D0D5
:1006500008313038F3E7002401E006490C1A002C79
:10066000204618BF012000F089F8204610BD00BFC9
:10067000C841012038820248F8B50028044618BF56
:10068000012000F07BF8144E0025022D04BF00204D
:10069000F8BD06EBC50797F83400012804BF386B96
:1006A000A04201D00135F0E797F83500022803D2C7
:1006B000002000F063F8F5E7012121EA000000F0D6
:1006C0005DF897F83500054905EB5000C0B200EB26
:1006D000400001EB0010F8BDC841012038820248FB
:1006E000B0B5214D4FF0FF3495F84E0068B1FBF7DF
:1006F000E5FD1E481E4A0068411C914208D80020B2
:1007000085F84E004FF0FF3528E04FF0FF3527E029
:100710006FF00101081A174991F85420022A09D0F4
:10072000012A0ED1096C144A0023A1FB0001CFF766
:10073000A9FD07E04FF4FA71A0FB0101400A40EA6D
:10074000C15000211F22C1EB4114A0FB02238008ED
:1007500040EA81702344141843EB9105FBF7B0FD88
:1007600020462946B0BD00BF404101201400024888
:10077000FF47E801C841012018F001000121FBF703
:1007800029BDB0FA80F001214009FBF723BD0C46DA
:10079000016864F30201016028462146FCF744BE6B
:1007A0004FF0FF313068FBF78DBD00200121FFF7CE
:1007B000EFBC280C88874D8781F83840B0BD0021F8
:1007C000042200F0A5B902EB800352F82000D3E91F
:1007D0000143704740460021302200F099B90000E3
:1007E000BCB5124C00201249124D0C22352300904A
:1007F0002046A8470120104918222423009004F124
:100800000800A847022004F12001102201230090D3
:1008100004F11000A8470320084940F20112062302
:10082000009004F11800A847BCBD00BFB44F0120E0
:1008300044420120410803089445012084490120D5
:100840002DE9F047002804460E4618BF01201D463A
:10085000904600F013F9DDF8209000270020B9F150
:100860000E0F38BF012000F009F9294843F6FE5168
:10087000304488420DD808F10700264920F00300D3
:1008800000FB056088424FF0000038BF012000F0F7
:10089000F5F8B9F1400F4FF00000DFF87CA038BF49
:1008A00001200121D047B5F5806F4FF0000038BF1F
:1008B00001200121D047B8F5803F38BF01273846D5
:1008C0000121D04708F1070020F003002080EDB19E
:1008D0002846002266606FF39F2040EA89206080EE
:1008E0000E4800EB89018E634FEA094101F12A416C
:1008F0003DB13160013D2288B318324673601E4617
:10090000F6E70AB10021516040F82940BDE8F087C0
:10091000FF7DFDB701C00248D5C10208E84F0120A4
:10092000F8B50446FBF7CAFC6288194904F1040CC7
:1009300000264FF06E430025C2F3852001EB8000B6
:10094000816B17466FF39F27BD4216D2278805FBA0
:100950000717F878B3EB006F0DD016B17760628897
:1009600001E0CCF8007002F47C403E46800100F1CA
:100970002A40386062880135E3E7002E18BF06F18F
:10098000040C0020CCF80000BDE8F840FBF798BC50
:10099000E84F0120B0B50028044618BF012000F040
:1009A0006DF8FBF78BFC6068D0B1054601680F4B12
:1009B00055F8042F62606288920102F16E421A407B
:1009C000026001F07F40B0F12A4F06D000200021E4
:1009D000FBF700FC2046FFF7A3FF0020286000E0A3
:1009E0000025FBF76DFC2846B0BD00BF00003FEEC0
:1009F00070B5044610F8010C0006B0F12A4018BF8B
:100A000001200021FBF7E6FB254655F8040D00F018
:100A10007F41B1F16E4F0EBF000C284600F012F876
:100A20000749C0B251F82060FBF748FC7068756058
:100A30002060AA2004F8010CBDE87040FBF740BC20
:100A4000E84F0120F0B50C4A0021002300240E29B4
:100A500004BFD8B2F0BD02EB810500260027AD6BC4
:100A6000A54288BF0126854298BF01273E401CBF92
:100A70002C460B460131EAE7E84F01200121FBF744
:100A8000A9BB0000F0B5EAB100F0E0F838BF1546A8
:100A9000042A28BF25462E1F01F0030418BF2E4646
:100AA0009C4211D1A2EB060C04228C198319F6B2D8
:100AB00000279CFBF2FEBAB2B2420DD28D5C013728
:100AC0008554F8E70020F0BD00231404FBD0CC5C73
:100AD000013AC4540133F8E71FFA8EF100268E4222
:100AE00005D254F8262043F826200136F7E70749B7
:100AF00001EA8E02A11813440CF003020024A24262
:100B0000E1D90D5D1D550134F9E700BFFCFF03007D
:100B1000F0B500F00303C3F104039A421C4638BF4A
:100B20001446042A28BF1C46231F18BF2346D21A86
:100B30000024A5B29D4202D241550134F9E74FF09D
:100B400001340344002701FB04F5042492FBF4F470
:100B5000A6B2B74203D243F827500137F9E7064D52
:100B600002F0030205EA840423440024A24298BF51
:100B7000F0BD19550134F9E7FCFF0300F0B500F0B2
:100B800065F838BF1546042A28BF25462E1F01F0F8
:100B9000030418BF2E469C4213D1A2EB060E04227A
:100BA0008B198419F6B200279EFBF2FCBAB2B2424E
:100BB00013D28D5C825CAA4232D30137AA42F5D9A6
:100BC00019E0002314042DD09CB20D5D045DAC42ED
:100BD00026D310D8013A0133F4E71FFA8CF0002134
:100BE00081420AD253F8216054F82150B54217D3FC
:100BF0000131B542F4D9012015E00C480EF0030292
:100C000000EA8C001918231800240120A24209D9F7
:100C10000D5D1E5DAE4203D30134AE42F6D902E053
:100C2000FF2000E0002040B2F0BD00BFFCFF030049
:100C300023B1884218BFFFF725BF70470139002A4A
:100C4000FBD08B5C013A00F8013BF8E700F00303AE
:100C5000C3F10404A242254670470000014A42F84D
:100C6000210070475C500120014951F820000047E5
:100C70005C500120FDF780BA00207047F8B5124D96
:100C80000446687EF8B10026082E05D006EB460023
:100C9000285C38B10136F7E700200121FBF79AFA0A
:100CA000082000E0304600EB400006EB4601012240
:100CB00002272E186A5400210222751C2846FFF7CD
:100CC00027FF77702560F8BD78500120F8B50446FD
:100CD0003148427E32B1012905D051B9007EC0F3BE
:100CE000C00446E0F8BD54B12068002818BF0120B8
:100CF00006E0002001210024FBF76CFA3DE0002013
:100D00000121FBF767FA25682878042822D1012001
:100D100001216F780126FBF75DFAD4E9011042F258
:100D20001072784342436420B2FBF0F291420FD23A
:100D3000D4E9031240F2E24300265A436FF09503D0
:100D400003EB52027A43B2FBF0F0814228BF012646
:100D5000287800E00026012803D00024042801D1CF
:100D600006B10124022807D003280DD0042800D1A1
:100D700016B10022214602E0002400210022204674
:100D8000BDE8F840FFF7FABB6A78002A144618BF9E
:100D900001240021F3E700BF7850012009494A7E71
:100DA00042B1012807D0002812BF0020087E00F0C1
:100DB000010003E07047087EC0F3400001460022B6
:100DC000FFF7DCBB785001200548417E012918BFA0
:100DD0007047007E0022C0F380000146FFF7CEBBC3
:100DE000785001200548417E012918BF7047007ED8
:100DF0000022C0F300100146FFF7C0BB785001206D
:100E000010B5054C607E012805D1FFF7D7FBE076D1
:100E1000FFF7DCFB207710BD78500120B0B5084CFF
:100E200000211D2200252046FFF772FE0020082821
:100E300008BFB0BD00EB400101306554F7E700BFCB
:100E4000785001200348407E012804BF0120FFF7AD
:100E5000C5BB704778500120B0B50E4D0446687E82
:100E6000B8B1002C204618BF01200121FBF7B2F9D0
:100E70000020182805D029180131A14207D00330DD
:100E8000F7E700200121BDE8B040FBF7A3B900213E
:100E90002954B0BD7850012080B50948017801B1CE
:100EA00080BD01210170FBF780F9FFF799FCFCF789
:100EB000EBFDFFF7DFFEBDE88040FDF7CFBE00BFD2
:100EC00098500120FFF746BBFFF718B9F0F7A1BE15
:100ED000F0F78DBE7CB5154C04201549154D302218
:100EE0000523052600902046A847134904F1080071
:100EF000A8220B230096A847062010494FF4B2728F
:100F000008230826009004F11000A84707200C4988
:100F100010227A23009004F11800A847094904F12F
:100F20002000182202230096A8477CBD046E0120F1
:100F30009C50012041080308A051012004590120C0
:100F400044640120CC6D0120F8B5144E0920144CE6
:100F5000144D40F2851208230090214606F1280026
:100F6000A8470A2004F5466130220C230C27009084
:100F700006F13000A8470B2004F56D640022002321
:100F8000009006F138002146A84706F140002146AE
:100F90004FF4997226230097A847F8BD046E0120EC
:100FA00098820248410803081CB50028044618BF6F
:100FB000012001F0B5FAD4F8D000002818BF0120B4
:100FC00001F0AEFA0DF1070001F0D0FB9DF807002B
:100FD000EFF774F8618B6422484301EB8101B0FBA9
:100FE000F2F07D228000B0FBF2F000EB8111D4F82A
:100FF000D000FDF743FB1CBDBCB5002804460D46E0
:1010000018BF012001F08CFAD4F8D000002818BFD6
:10101000012001F085FA0DF1070001F0A7FB9DF812
:101020000700EFF74BF868434FF47A71B0FBF1F02B
:101030007D218000B0FBF1F000EB4511D4F8D00029
:10104000FDF71CFBBCBD10B50022052A04BF002023
:1010500010BD8B5C845C01329C421CBF012010BD22
:10106000F3E700002DE9FC41002804460D4618BFB7
:10107000012001F055FA002D284618BF012001F08B
:101080004FFAB4F8E800002840F0908094F9370156
:1010900010F1500FC0F28A8010F1140F00F3868017
:1010A00095F82C00800740F18180DFF80881B8F8BE
:1010B00004000130A8F8040080B240097C2803D85D
:1010C00098F80000232823D30DF10305284601F0EA
:1010D000C7FA04F130012846FFF7B5FF012865D1B2
:1010E00008F106000DF103010522FFF7CBFC3248A1
:1010F000002400219422A8F8044088F80040FFF75B
:1011000007FDA8F8024008F10600F1F7E9FF4DE0FD
:1011100095F8281008EBD10201F007039279DA4024
:10112000D2070CD0244A32F81130013322F81130A2
:1011300002EB4101B1F84A200132A1F84A20B8F887
:1011400002100131A8F8021089B2B1F57A7F2DD3CF
:10115000194A00210024002318E002EB410732F86D
:101160001150B7F84A70B7EB550F0ED908EBD107FD
:1011700001F0070501240130013304FA05F588F870
:101180000000BE7926EA0505BD710131242903D886
:10119000042B98BF2228E0D907480021942200257B
:1011A000FFF7B6FC012CA8F80250ACD00020BDE837
:1011B000FC8100BFFA0500204C6E012028B10068B8
:1011C000401AB0FA80F040097047002070470000D4
:1011D00080B5064A02200821FCF786FC044A032059
:1011E0000121BDE88040FCF77FBC00BFF51103087A
:1011F00041150308F0B589B00026054604688D2026
:101200000896FBF72FF8CC48082E00F0C78000EBBB
:1012100086010136C968A142F6D128790F2800F26B
:10122000BD80DFE800F0202908084B5B69290875BC
:1012300081BB9CB0BB2094F8330128B92046F2F75B
:1012400025FF002800F0AA8004F1D800FDF709FA74
:1012500094F83601282812D12046282100F056FDA6
:101260000B2028719AE0D4F8CC00EFF7C9FB0821D5
:10127000002808BF3E218EE0204622218CE02879FC
:10128000082800F09B80032800F08D80022840F0A1
:10129000B780B4F89600E18A814240F0B580B4F896
:1012A0008800228B824240F0B180B4F88A00618BC2
:1012B000814240F03D8100261046AAE09F48006828
:1012C0000569ADB1B4F84200B4F8403094F8442058
:1012D000B4F8EA1000900020A84709E09748006899
:1012E00043692BB1B4F8EA1004F146020020984794
:1012F000002084F82F0151E0D4F8E000FDF73CF91C
:101300008E480068416C002948D0B4F8EA0038E003
:1013100094F83A1194F83B2120460023002500F070
:101320004FFE84F8AC5039E0D4F8E000FDF724F922
:1013300008A9204600F0B4FCB4F8E400089900EBDA
:101340008000C1EB40004101D4F8E000FDF774F8E3
:10135000062084F874002046F1F758F91EE077481B
:101360000568E868D0B101AC1821201D0AF06CFCBA
:10137000FF20ADF81600022001900020E9680390DC
:10138000204688470AE094F87C0006281ABF1621F8
:1013900084F87C100621204600F0B8FC8D20FAF776
:1013A00063FF09B0F0BD01F0D5F84FF0FF30A4F8AD
:1013B000E80094F83301002871D169E001F0CAF81F
:1013C0004FF0FF30A4F8E80094F8A80004280CD0EF
:1013D00094F8A910042908D094F83A11042904D0EB
:1013E00094F83B11042940F0A580042508B184F845
:1013F0003A0194F8A900002855D084F83B0154E044
:10140000002001F08DF8C9E7B4F88800B4F88A101C
:101410000126208394F898004FF0FF326183052164
:10142000A4F8E82084F82000B4F890002082D4F8D2
:10143000C800FAF735FEB0FA80F001210127400913
:10144000FAF7C8FE1EB994F892000B2801D184F86F
:101450004671B4F8C600B4F8C010814209D03748CC
:101460000068466B2EB101F066F8B4F8B8700097CA
:10147000B04794F830010A2804BF002084F83001F6
:10148000B4F8C010A4F8C61094F82F11012903D1A4
:10149000002084F82F01E3E601287FF4E1AE00206C
:1014A00084F83001DCE694F83B0194F83A11002608
:1014B000BE2284F84261042908BFC022A15AA4F8C0
:1014C000BC10C221042808BFC421605AA4F8B80087
:1014D000D4F8CC00EEF716FA94F82F0184F84651B0
:1014E0000C2808BF84F82F6194F830010C2804BF41
:1014F000002084F83001002084F8AC0094F8450105
:1015000001287FF44BAF94F83B0194F8431101425A
:101510003FF444AF04F130000521FAF71BFE94F8C4
:1015200044118842BFF43AAF2046F1F7ABFD35E7EE
:1015300010466BE7032559E7E06E0120403B012090
:101540001FB504468E20FAF78DFED4E9062311203C
:10155000E16F8DF80E00E08AADF80200ADF80000F2
:10156000D4F8CC00CDE90123EFF744FAADF80C0034
:10157000B4F8EA006946F1F72FFC10B103480021E6
:1015800001708E20FAF770FE1FBD00BF103C0120D5
:10159000F8B5204E204800219422B468FFF7B8FA2D
:1015A0001E4D00210C222846FFF7B2FA1C49A81D47
:1015B0000522FFF767FA03270B2F0FD056F82750A5
:1015C00055B1D5F8CC0008B1EDF738FF284600F04A
:1015D00029F82846FCF774FC0137EDE70220FCF7F8
:1015E0008FFA00213046042200F8011B0021FFF78A
:1015F0008FFA06F10C0000212022FFF789FA3CB196
:10160000B0684069B0602046FCF75AFCB468F6E761
:10161000F8BD00BFE06E01204C6E0120FA050020ED
:1016200018D7040810B5044650F8D01F09B1FDF7CB
:1016300018F8204650F8D41F09B1FDF712F82046DB
:1016400050F8DC1F09B1FDF70CF8204650F8D81F00
:1016500009B1FDF706F854F8E00F20B12046BDE8C7
:101660001040FCF7FEBF10BD70B5044628B93A48DB
:10167000FCF724FC044600286CD0204600214FF4DF
:10168000B2720025FFF744FA4FF0FF304FF4A47117
:10169000324A334B84F854502465A0670B20A4F8D9
:1016A000B410A4F8B010A4F8BE102146C4E930323A
:1016B000082284F85C001B2021F8AE0FA4F8B200C9
:1016C00004F1B600FFF7DEF940F6B83004F1460148
:1016D0002467A4F8E4000A2084F87400002001F0D4
:1016E00065F87B2004F15002002184F846001D4873
:1016F000FCF724FE0028C4F8D00018BF012000F039
:101700000FFF19480026082D05D000EB8501CA6897
:101710001AB10135F7E7002007E0E8B2CC60A4F881
:10172000EA00B5F1080018BF012001210125FAF7F0
:1017300051FDFF2084F84261A4F83E61A4F83C51B9
:1017400084F8530184F8520140F20110A4F83A01E0
:10175000204670BD0024FBE7146E0120900A900A19
:10176000900A480105210308E06E01202DE9F04FA1
:101770008DB08A46DDE91781064601201F46934653
:101780008DF8330000200B9031B196F821504FF0C6
:1017900000094FF4807203E080224FF00009002519
:1017A0000392344604F8240F84F80F11211D2046BB
:1017B000F3F7D2F908F0010084F814014748484CC7
:1017C0000178013101702068C16821B3B6F8EA00E0
:1017D00096F83321CDF818B08DF82B500596ADF85A
:1017E000220096F823008DF820200AF0FE028DF8E2
:1017F0002A0000200490022A18BF0746F08A0797A3
:10180000ADF82400308BADF82600708BADF82800C1
:1018100004A888472068C26C22B196F83811B6F83F
:10182000EA00904796F82320012A04BF1698012861
:1018300044D000200121334600900020F3F7C4FA81
:101840000BAA00F09FFE0B9848B100688DF833009A
:10185000C10704D1C1B201200022F3F709FCF18ACB
:10186000D6F8D00001EB8101890801EB4101890123
:10187000FCF704FFF4F7FCFD10B1012086F83501F8
:1018800006F5AC70FFF7FAF9164B002503984946A8
:101890003246CDE900650295EDF72AF80028C6F832
:1018A000CC0018BF012000F03BFED6F8CC100E484B
:1018B000EEF771F828460DB0BDE8F08F707900F0B2
:1018C000C0004028B5D10DF1330300F04CFE0546B1
:1018D0000028EFD19DF83300BAE700BFE06E012089
:1018E000403B0120212103083D2403082DE9FE4F40
:1018F0009B4615460E460746FAF71AFC053800F0D7
:101900002CFE002D284618BF012000F009FE3046AD
:10191000FFF7AAFEA0B30646DDE91004DDF8389013
:1019200010B196F8EA100170DDE90C8A30462946BC
:101930003822C6F8C870FFF7A5F896F82000318A5B
:10194000032201EB500106F10800FBF7ADFF40F266
:10195000E240318AB4FBF0F0084405F1080130821E
:1019600006F13800FBF782FF06F59A7000F0FEFEE4
:10197000B9F1020F07D1BAF1010F0BD0002210E02C
:101980000720BDE8FE8F0022BAF1010F08BFB9F1B0
:10199000030F06D10F9A507900F0C000402818BFFD
:1019A000002296F8220095F82310012302935B464B
:1019B000CDE900803046FFF7D9FEBDE8FE8F00007C
:1019C0002DE9F04F85B00E46082813D81AD0AC493F
:1019D00001EB8000C768AFB1D7F8CC0090B197F8A1
:1019E0005401012815D1B07BE8B100200021FAF79D
:1019F000F1FB1AE03046F9F76BFC4220FAF736FCAF
:101A0000072003E03046F9F763FC022005B0BDE88B
:101A1000F08FB08960B9012087F854013046F9F79A
:101A200057FC0020F2E70120B073002087F8540132
:101A300097F84201D8B1012000F072FD012000F0BA
:101A40006FFD97F8421197F83A5105292DD897F86C
:101A5000A800DFE801F05003491D505097F83311FA
:101A600009B197F8A900002818BF054643E097F888
:101A70003A11B7F8BC0097F82E51042919D0022961
:101A800023D0012926D16FF00D0101EBD00426E00F
:101A900097F83311012908D197F8A91011EA00022B
:101AA00078480CBF455C855C25E0002000F038FDDF
:101AB00021E0B7F83C1102291DBF7349084404090D
:101AC000724904BF0844840909E06FF00E0101EB7C
:101AD000900404E0002001210024FAF77BFBB5FA12
:101AE00085F04009850043E097F83311012902D1C0
:101AF000644928430D5C681E022804D2B7F8BE0072
:101B0000A7F8BC000DE0042D06D1B7F8C00097F887
:101B10002E41A7F8BC0011E0002000F001FDB7F84D
:101B2000BC0097F82E41042D08D0022D12D0012DB3
:101B300015D16FF00D0101EBD00515E0B7F83C11A0
:101B400002291DBF504908440509504904BF0844F3
:101B5000850909E06FF00E0101EB900504E000201B
:101B600001210025FAF736FBB4FA84F0400984001D
:101B70006019B7F8BA4080B2A04238BF0446B089B5
:101B8000A04256D9002C2046009718BF012000F033
:101B9000C7FCB28931687089049600250026A31815
:101BA0000844A1F10109013BB3FBF4F77B1E039745
:101BB00003FB040803FB142AE01C4FF6FC721040E0
:101BC0000C30019060420290002F42D0B7F1010B1F
:101BD00017D02F48FCF772F9B0B30021019A466084
:101BE0008173049949890BFB0211043141815146EB
:101BF00049B14A1E468918F802304E4473541146C2
:101C0000F6E7049846600646039887421EBFB07BFD
:101C100040F00400B073A6F80CA00498006830608F
:101C20003046F8F795FF0298013D5F46A246804492
:101C3000CAE73046F8F78CFF0546D7F8CC003146A6
:101C4000EDF78AFD2846E1E6049800680438FCF7C1
:101C500037F9009E049C002D3FF4E3AE37B92CB158
:101C6000D6F8CC002146EDF777FD03E02CB12046F5
:101C7000FCF726F964680135EDE70024FBE700BFB7
:101C8000E06E012012D20408F2FD0F0030FC3F008C
:101C90001C6E012001480078704700BFE06E0120F3
:101CA000B0F8E420C08A00EB800002EB82028008DA
:101CB00000EB40005200A2EB4003B2EB400F38BFF4
:101CC000052300200B60704770B5072819D80E4E09
:101CD000044606EB8000C5689DB1D5F85801FFF7B2
:101CE000BBF8D5F8CC0008B1EDF7A8FB2846FFF704
:101CF00099FC2846FCF7E4F806EB84010020C86054
:101D000070BD022070BD00BFE06E01202DE9FF47CD
:101D10000028064618BF0120884601210127FAF74E
:101D200059FAD6F8C8004FF00009B6F8EAA08DF8C5
:101D30000F70CDF80890FAF7FBF9052807D0D6F810
:101D4000C800FAF7F5F90638B0FA80F04709514CA7
:101D500038460121A047D6F8CC00002818BF012042
:101D60000121A047D6F8CC00EDF768FBD6F8C800F3
:101D70000021C6F8CC90FAF793F9B0FA80F001216F
:101D80004009A047D6F8D000002818BF0120012143
:101D9000A0473046FFF746FC96F82F01102804BFF5
:101DA000002000F081F8F9F7EFFF96F82320012AD0
:101DB00006D1717901F0C001402908BF012812D075
:101DC00000200121334600900120F2F7FDFF074675
:101DD00000285AD102AA00F0D5FB029898B10068F9
:101DE0008DF80F0008E00DF10F0300F0BCFB074673
:101DF00000284AD19DF80F00C10704D1C1B20120CB
:101E00000122F3F735F90027234BADF806A0072090
:101E1000002186F842718DF8047001AAFBF7EAFFF1
:101E20005046FFF751FF1D4C20782546013805F834
:101E3000080B0320FAF740FA286898B14188514509
:101E40000CD1A168814204BF4169A1600FB1416911
:101E500079614569FCF734F82846EEE700F114058E
:101E60000746E9E70320FAF725FA0D4B0220002187
:101E700032460027FBF7BEFF0A480068836823B19B
:101E800000205146424600279847384604B0BDE836
:101E9000F08700BFD5C10208F59E0208E06E012060
:101EA000BD110308403B01201CB5134C0146002026
:101EB0008DF8070022790AB1084621716278A1786D
:101EC000013A6270120608BF012900D01CBD0B49FF
:101ED00009680A6D0AB1E178904700202071A0706E
:101EE0000DF1070000F042FC9DF80710E0788842F1
:101EF00038BFEEF78FFD1CBDE06E0120403B012096
:101F00002DE9F041224D0446287888B38C420FD247
:101F1000002008280CD005EB8001C96831B191F888
:101F20004E2072B391F8491049072AD50130F0E7E5
:101F300000264FF010080020082E1DD005EB860764
:101F4000F96899B1B0B22146F1F7F8FF3A280DD1FE
:101F5000F868002102290ED04218013192F852216E
:101F6000FF2AF7D1084480F8518100200136E3E7C9
:101F70000220BDE8F0813A200121EC70A970BDE893
:101F8000F0814320FAF772F90C20BDE8F08100BF20
:101F9000E06E012010B5094A0021082908BF10BDD4
:101FA00002EB8103DB683BB193F83341012C14BF92
:101FB00083F8210083F834010131EEE7E06E01205F
:101FC00010B514460A460A490968D1F838C0BCF170
:101FD000000F08BF10BDB0F8EA10042A08BF0322A2
:101FE0001846042C08BF03242346BDE81040604770
:101FF000403B012070B5002805460C4618BF012063
:1020000000F08EFA002C204618BF012000F088FA5C
:10201000288807281CD81B4901EB8000C668BEB180
:10202000A978481E032884BF112070BD4FF4A87002
:10203000032908BF40F2511096F83A21305C9142D2
:1020400008D0042A08BF032904D07E20207016E09F
:10205000022070BDE978884209D048B200210122EF
:10206000FCF78EFB0849096801EB8000C0782070FE
:10207000A978032914BF86F8500186F85101002081
:1020800070BD00BFE06E0120344101202DE9F8430E
:10209000DFF86C801446894606460027082F08BFE3
:1020A000BDE8F88308EB8705E86838B32078315C31
:1020B00051B101302070C0B20A284FF0000038BF83
:1020C000012000F02DFAF1E7E96891F8331119B118
:1020D000012903D1022100E005213154E86821786B
:1020E00090F8EA0009F811002078E96809EB40004F
:1020F00091F8EB1041702078013020700137CDE766
:10210000E06E012010B504465E20FAF7ABF802201D
:102110002146FBF70DFD5E20BDE81040FAF7A4B89C
:102120002DE9F04F85B0044600200F46ADF81200AF
:102130007C20FAF797F8002C00F07581A14639F859
:10214000EABF99F8760010B1013884F8600197F879
:10215000201097F82120387F1144814288BF08461B
:10216000C1B22046F0F7F2FB97F82E0004F1080AFE
:10217000394684F85E015046FBF778FB94F8460137
:1021800010B1204600F0A0F997F822007F2808BF80
:1021900097F8230084F8370100F0DCF93E4616F882
:1021A000270F16F80B1C081A0AD0A24909680B6AF7
:1021B00033B1ADF812000DF11202012049469847E3
:1021C000787F30B997F8201019B997F821100029B5
:1021D00053D0B4F8E81031B9D4F8D81019B14FF091
:1021E000FF31A4F8E81040B194F82E11012904D170
:1021F000D4F8F4100844C4F8F40097F8200010B99B
:1022000097F82110C9B394F82E11013901292ED85D
:1022100097F82A30984216D148B3D4F8F8001844F9
:10222000C4F8F80094F82F01062820D0D4F8E00074
:10223000E8B1FCF7A1F903A92046FFF731FD0399A6
:1022400000F096F913E090B194F83001082802D11B
:1022500000F09DF90BE0B86828B1F9F739F8B868D3
:102260004068B860F8E720463D21FFF74FFD72480F
:1022700000EB8B01C968A14245D06F4E06EB8B0085
:10228000C068A04228D1B4F8E8004FF6FF75A84214
:1022900004D1B87F10B1208BA4F8E800D4F8C800AE
:1022A000F9F746FF052813D100F067F9002840F040
:1022B000BA8094F8330101280AD104F1380051465C
:1022C000FBF7D4FA00200C21A4F8E85000F03CF908
:1022D000D4F8CC00EDF724FB94F82F01002840F04F
:1022E000A28094F85F01800700F19D80B06800280B
:1022F00062D0002700285FD005464088584556D058
:1023000068692F46F6E7CDE901A9B4F8EAA0D7F845
:10231000089000EB8A084D46B9F1000F31D0D8F88B
:102320000C00A0422DD1D5E900296989505C00F04C
:102330000300032807D197F82A3020462946324661
:10234000F0F740FFE7E711444978B1B1411E022997
:1023500013D294F82B11AA2949D00238A97BB0FADC
:1023600080F040090843A87332480068C269002A17
:10237000D1D0504629469047CDE72846F8F7A8FF28
:10238000C9E7DDE901A925B12846F8F7A1FF6D6885
:10239000F9E7307800283FF470AFD8F80C00A0427D
:1023A0007FF46BAF97F82A3000F0F1F865E7284624
:1023B000F1F710FE3A2821D194F85201FF2832D0CB
:1023C00094F85311FF291ABF84F8521101210021FA
:1023D000FF222144022881F852211BD010281DD051
:1023E000032820D1B9F80000F0F74AF91BE0204695
:1023F0003D21FFF78BFCDDE901A93EE70FB16869DC
:1024000078612846FBF75CFDB068A84204BF6869A4
:10241000B06008E02046F0F735FE04E0B9F80000AF
:10242000F178F1F78BFD7C20F9F71EFF05B0BDE8D0
:10243000F08F00BF403B0120E06E012070B50D46DB
:102440000446B0F8EA001F4901EB8000C068A042D2
:1024500000D070BD95F82C0028B3800725D5D4F89E
:10246000C800F9F765FE05281FD104F108062946C2
:102470003046FBF7FBF900F06DF800F07EF800281D
:10248000E7D194F8330101280FD104F13800314627
:10249000FBF7ECF94FF6FF700C21A4F8E8000020E0
:1024A00000F052F801E000F055F894F8460110B140
:1024B000204600F009F8D4F8CC00BDE87040EDF7F4
:1024C0002FBA00BFE06E01207CB5044690F84601AB
:1024D000012806D0042810D003281AD100F023F8D0
:1024E00017E00E480068C56A9DB1B4F8EA10608B29
:1024F000238BE28A009000200AE000F014F80748DD
:102500000068456B2DB1B4F8B86000F014F800967F
:10251000A847002084F846017CBD00BF403B012055
:102520000121F9F757BE94F83A1194F83B2120465F
:102530000023FFF745BDB4F8B630B4F8BC20B4F8BA
:10254000BA10B4F8EA00704784F82000D4F8CC0040
:10255000EDF7B8B92046FEF727BD0121B0FA80F0AB
:102560004009F9F737BE032001213246F2F7A6BB36
:10257000D4F8E0004901FBF75FBFD4F8C80006219A
:10258000F9F78EBD022031460023F9F771BA2046D3
:1025900000213246F0F716BEF8B5164D4FF4A47080
:1025A000002600210122E8801B202E70A8800A202E
:1025B000FCF7E6F8104F0721114C05226E812E81A1
:1025C000AE70797039700D49096801EB80002146C1
:1025D000C0786870B81CFEF755FAF81D2146052230
:1025E000FEF750FA05F10C0000210622FEF790FAE2
:1025F000EE70F8BD0C6F012014060020344101205C
:1026000018D70408B0B50546002908460C4618BF7F
:10261000012000F053F9022D4FF0000038BF0120D7
:1026200000F04CF90CB1012D01D91220B0BD09D137
:1026300009480A49062200F10C052846FEF79EFAD1
:1026400008B9F2E7034D204629460622FEF71AFA9A
:102650000020B0BD060600200C6F01201DD7040825
:1026600010B50028044618BF012000F02AF90448DC
:102670000522811C2046FEF705FA002010BD00BF90
:102680001406002010B50028044618BF012000F0F1
:1026900015F964B1074890F90100C1B2802908BF5B
:1026A00081211428C8BF14212170002010BD1220E0
:1026B00010BD00BF0C6F0120024949780170002055
:1026C000704700BF0C6F012001494870002070471F
:1026D0000C6F012090F900107F2910D0094A0A23BD
:1026E000B2F90A2092FBF3F212B2114411F17F0FFA
:1026F000D8BF6FF07E011429A8BF142101700020FB
:10270000704700BF0C6F0120094A0A23B2F9082064
:1027100092FBF3F2104402B212F17F0FB8BF6FF0D8
:102720007E007F2AC8BF7F2008700020704700BF4E
:102730000C6F0120094A0A23B2F9082092FBF3F238
:10274000801A02B212F17F0FB8BF6FF07E007F2AAD
:10275000C8BF7F2008700020704700BF0C6F0120A9
:102760000149C870002070470C6F012010B5002887
:10277000044618BF012000F0A4F80248C078207079
:10278000002010BD0C6F012010B50028044618BFB2
:10279000012000F096F84FF4C04040F60E61208012
:1027A000A0803020E1806080002010BDB0B50546DB
:1027B000002908460C4618BF012000F082F8FCF7FB
:1027C0002BF830B101280AD10A48407860F07F0028
:1027D00003E00848407800F07F00064948701DB1CA
:1027E000002000F06EF802E0024900F06DF80020D1
:1027F000B0BD00BF0C06002002480078002818BFBA
:10280000012070470C06002010B50028044618BFB0
:10281000012000F053F834B1044821460622FEF7A7
:1028200031F9002010BD122010BD00BF06060020A7
:10283000054A938803701B0A4370D0880870000A09
:1028400048700020704700BF0C6F012001480078DD
:10285000704700BF0C6F012010B50028044618BF58
:10286000012000F02BF83CB10448214606220C3030
:10287000FEF708F9002010BD122010BD0C6F0120DA
:10288000054B9870C30704BF044B197080075CBFE9
:1028900002484270002070470C6F0120140600208F
:1028A000044B9B780370044803780B7040781070D9
:1028B000002070470C6F0120140600200021F9F75A
:1028C00089BC0121F9F786BC20460822FEF7DAB858
:1028D00010B50028044618BF01200121F9F77AFC41
:1028E0002046FBF7CFFF002010BDE0B58DF80610A5
:1028F000002100900120ADF804106946FCF7A4FB0C
:1029000000208CBD80B50120FCF7EEFD002080BDCD
:10291000E0B501A8FBF7EAFF01988CBDFDF7E0BE2A
:1029200080B5C2B000F084FD05218DF80B000DF1DB
:10293000060000F002F842B080BD41700421002280
:102940000023017081780331E8F7FEBB80B5C2B087
:1029500000F06EFD08218DF80B000DF10600FFF769
:10296000ECFF42B080BD80B5C2B08DF809000820F0
:102970008DF80A108DF80C208DF80D308DF80800B8
:1029800044988DF80F00000A8DF81000180A8DF891
:102990000E00080A0C218DF80B000DF10600FFF760
:1029A000CCFF42B080BD80B5C2B001218DF80900D6
:1029B0000DF106008DF808101021FFF7BEFF42B0A0
:1029C00080BD80B5C2B08DF8090003208DF80A10D3
:1029D0008DF80800080A30218DF80B000DF1060073
:1029E000FFF7ABFF42B080BD10B5C2B08DF80A0052
:1029F000080A0DF106048DF80D208DF80B1044998E
:102A000000F036FDFEF73EF848983E218DF81B0099
:102A100001208DF8090013208DF8080047988DF8E3
:102A20001900000A8DF81A0046988DF81700000A60
:102A30008DF8180045988DF81500000A8DF81600DD
:102A40002046FFF77AFF42B010BD00002DE9F047A5
:102A5000C2B082468DF80A000DF10600DFF88090C2
:102A600001F10806002700F10408BAF1000F28D090
:102A700016F8080C16F8071C08EB07050622687004
:102A8000A970E81CB11FC8473146B078327811F8F8
:102A9000013F6A720A3543EA00208B78C97843EA1D
:102AA000012140EA01412846C8473478711D0122BE
:102AB0002819C84738190E36AAF1010A00F10A0789
:102AC000D3E702203E218DF80900B81C8DF80800DC
:102AD0000DF10600FFF731FF42B0BDE8F08700BFFF
:102AE000850A030880B5C2B08DF80A0003208DF86E
:102AF0000B108DF80F308DF80D208DF809000A208D
:102B00008DF8080044988DF81100000A8DF8120025
:102B1000180A8DF81000100A8DF80E00080A3E21E0
:102B20008DF80C000DF10600FFF707FF42B080BDE5
:102B300010B5C2B08DF80A00080A0DF106048DF830
:102B40000B10114608228DF80C00E01DFDF79AFFCE
:102B500004203E218DF809000C2000F07EFC42B0DC
:102B600010BDB0B5C2B08DF80A00000A0DF106051F
:102B7000144608228DF80B00A81DFDF783FF0520E1
:102B80003E218DF814408DF809000D208DF80800C5
:102B9000200A8DF815002846FFF7CFFE42B0B0BDE1
:102BA00010B5C2B0062400F0C2FB0DF1060000F023
:102BB000FAFB42B010BD10B5C2B0072400F0B7FB5D
:102BC0000DF1060000F0EFFB42B010BD10B5C2B031
:102BD0000DF106048DF80A004022601DFDF752FF3A
:102BE00008203E218DF80900422000F036FC42B05A
:102BF00010BD10B5C2B00DF106048DF80A002022F8
:102C0000601DFDF73FFF09203E218DF809002220BD
:102C100000F023FC42B010BDB0B5C2B08DF80A0080
:102C2000080A0DF106041A4D8DF80D208DF80B10D1
:102C3000469900F01DFCA84704F10F0047990622B1
:102C4000A84704F1150048990622A8474C983E2150
:102C50008DF827000A208DF809001F208DF8080044
:102C60004B988DF82500000A8DF826004A988DF8BB
:102C70002300000A8DF8240049988DF82100000AED
:102C80008DF822002046FFF758FE42B0B0BD00BFCD
:102C9000850A03082DE9F043C1B00C464FEA00193C
:102CA00000260DF102088DF80600B14518D0A519CF
:102CB00008EB0607A05D062278716878A91CB87138
:102CC000F81DFDF7DFFE287A05F109010622787369
:102CD00007F10E00FDF7D6FEE87B10363875E4E705
:102CE0000B203E218DF8050009F102008DF804004B
:102CF0000DF10200FFF721FE41B0BDE8F08380B581
:102D0000C2B08DF80A000C208DF80B108DF80E3033
:102D10008DF80D208DF8090006208DF80800080AAE
:102D20003E218DF80C000DF10600FFF706FE42B0C3
:102D300080BD80B5C2B08DF80C1014218DF80A004A
:102D4000000A8DF8091004218DF80B000DF1060022
:102D50008DF808103E21FFF7F0FD42B080BD10B5A0
:102D6000C2B08DF80B000020449C8DF80C10FF21A0
:102D70008DF811308DF80D208DF80A0004208DF8A3
:102D800012408DF809000A208DF80800100E8DF809
:102D90001000100C8DF80F00100A8DF80E000DF1C8
:102DA0000600FFF7CAFD42B010BDB0B5C2B00C4678
:102DB0000DF106058DF80C108DF80B001146E81D7D
:102DC0002246FDF75FFE0020FF218DF80A00062055
:102DD0008DF80900201D00F08EFA42B0B0BD80B51C
:102DE000C2B00420FF218DF80A0000208DF80900F0
:102DF00002208DF808000DF10600FFF79EFD42B09D
:102E000080BD80B5C2B000F003FB01218DF80C003D
:102E10000DF106008DF80910062100F083FA42B08A
:102E200080BD80B5C2B0042100F0E4FA022200F0B7
:102E3000D1FA0DF1060000F0E1FA42B080BD80B594
:102E4000C2B0042100F0D6FA032200F0C3FA0DF15B
:102E5000060000F0D3FA42B080BD80B5C2B00421B4
:102E600000F0C8FA052200F0B5FA0DF1060000F0F6
:102E7000C5FA42B080BDB0B5C2B00DF106058DF8FF
:102E80000C108DF80B00194614468DF80D2005F135
:102E90000800FDF7F7FD0420FF218DF80A00072048
:102EA0008DF80900601D00F026FA42B0B0BD80B573
:102EB000C2B0042100F09EFA082200F08BFA0DF156
:102EC000060000F09BFA42B080BD80B5C2B004227B
:102ED00000F090FA8DF80D108DF80A2009228DF877
:102EE0000C000DF106008DF8092008228DF808204D
:102EF0000A0E8DF810200A0C090A8DF80E10FF2119
:102F00008DF80F20FFF719FD42B080BD80B5C2B02B
:102F10008DF80D1004218DF80B00000A8DF80A10B1
:102F20000A218DF80C000DF106008DF8091005211D
:102F300000F0F8F942B080BD80B5C2B000F068FA88
:102F40000B218DF80C000DF106008DF809100621FB
:102F500000F0E8F942B080BD80B5C2B0082200F0B0
:102F600040FA002200F04FFA0DF1060000F02AFAB4
:102F700042B080BDB0B5C2B000F03CFA0C460DF1D5
:102F800006058DF80D1011468DF80C0005F10800AE
:102F90002246FDF777FD0820FF218DF80A00012069
:102FA0008DF80900601D00F0A6F942B0B0BD80B5F3
:102FB000C2B08DF80D10082100F045FA02218DF8FD
:102FC0000C000DF106008DF809100F218DF8081086
:102FD00046998DF81610090A8DF8171045998DF845
:102FE0001410090A8DF8151044998DF81210090A69
:102FF0008DF81310190A8DF8111000F033FA42B051
:1030000080BDB0B5C2B08DF80D10110A00F0F2F914
:103010000DF106058DF80E201A461C468DF810306D
:103020008DF80F108DF80C0005F10B004699FDF797
:1030300029FD0820FF218DF80A000A208DF80900DB
:1030400004F1080000F057F942B0B0BDB0B5C2B00D
:1030500000F088F90DF1060500F03CF900F050F998
:1030600001208DF8090004F10A0000F044F942B093
:10307000B0BD80B5C2B000F06EF902218DF80C0031
:103080000DF106008DF80910042100F04BF942B053
:1030900080BD80B5C2B00C2200F0A3F9032200F07D
:1030A000B2F90DF1060000F08DF942B080BDB0B567
:1030B000C2B0F82A144628BFF82200F0B4F90DF186
:1030C000060500F022F900F01BF90E2000F0D8F9F7
:1030D00028BF084600F0F8F842B0B0BDB0B5C2B0A5
:1030E000F82A144628BFF82200F09DF90DF10605D4
:1030F00000F00BF900F004F90F2000F0C1F928BF2F
:10310000084600F0E1F842B0B0BD80B5C2B08DF81D
:103110000D1000F020F910218DF80C000DF10600C3
:103120008DF80910052100F0FDF842B080BDB0B562
:10313000C2B000F022F90DF1060514468DF80F20FB
:103140008DF80E108DF80C0005F10A001946FDF7F8
:1031500099FC00F0D5F813208DF80900E01D00F06F
:10316000CAF842B0B0BD80B5C2B00C2300F005F97A
:103170008DF80F20120A8DF80A30142300F043F95D
:103180000DF10600FF218DF810208DF8093008237D
:103190008DF80830FFF7D1FB42B080BDB0B5C2B0AA
:1031A00000F028F90DF106038DF80D108DF80C00D4
:1031B000002081420AD003EB400412F8105025721F
:1031C00002EB400501306D786572F2E70C208DF856
:1031D0000A0015208DF80900052000EB4100FF21B1
:1031E0008DF808000DF10600FFF7A7FB42B0B0BD57
:1031F00080B5C2B00C2200F0F4F8162200F003F9FA
:103200000DF1060000F0DEF842B080BD80B5C2B01E
:1032100000F0A1F817218DF80C000DF106008DF8D3
:103220000910042100F07EF842B080BDB0B5C2B0F4
:103230008DF80F20120A00F0A0F80DF1060500F03D
:10324000A3F800F05DF818208DF8090004F10900DA
:1032500000F051F842B0B0BD80B5C2B000F07BF8CC
:103260001B218DF80C000DF106008DF809100421CA
:1032700000F058F842B080BDB0B5C2B000F072F8AE
:103280000DF1060500F026F800F03AF81E208DF842
:10329000090004F10A0000F02EF842B0B0BDB0B54C
:1032A000C2B000F05FF80DF1060500F013F800F071
:1032B00027F81F208DF8090004F10A0000F01BF820
:1032C00042B0B0BD00F08EBD8DF808002846FF2149
:1032D000FFF733BB8DF811301B0A8DF810208DF8E5
:1032E0000E108DF80C0005F10D00469922468DF860
:1032F0001230FDF7C7BB8DF808002846FFF71DBB4D
:103300000C20FF218DF80A0070478DF80F20090A64
:10331000000A8DF80E108DF80C0005F10A00194610
:10332000FDF7B0BB8DF80810FF21FFF706BB8DF845
:103330000C10090A8DF80A00000A8DF810301B0ADB
:103340008DF80E20120A8DF809400B248DF80D100F
:103350008DF80B0070470C218DF80B00000A8DF8DA
:103360000A1070478DF80F20120A8DF80D10090A07
:103370008DF80B00000A1C4670478DF80D10090AE5
:103380008DF80B00000A70471C468DF811308DF83F
:1033900010208DF80E108DF80C0005F10C004699E8
:1033A0001A46FDF76FBB3E218DF811308DF80F20C6
:1033B0008DF80840449C8DF81240240A8DF8134083
:1033C000FFF7BBBAFF218DF8092006228DF80820EF
:1033D000FFF7B3BA8DF80C008DF80A108DF80810BD
:1033E00070478DF80D10090A8DF80B00000A8DF852
:1033F0000A2070478DF80B00000A7047FF218DF8F6
:103400000920FFF79ABA8DF80E108DF80C0070475E
:103410008DF80D1004218DF80B00000A8DF80E2098
:103420008DF80A1070478DF80D108DF80B0070475D
:103430008DF8090004208DF80A108DF80C208DF805
:103440000800080A70478DF80B00000A8DF810304C
:103450008DF80E208DF80A1070478DF80800204670
:10346000FFF76BBA110A8DF80F10FF21FFF765BA4D
:1034700006228DF80E308DF80C0004F1090070471B
:103480008DF80900E01DFF28704700001CB50446B8
:103490000E4830222146FDF7F5FAA068E289A1899D
:1034A00008F00EF90020FF210022002300900020E8
:1034B00008F0C2F903301CBF032008F047FA00F0FF
:1034C000A3FABDE81C4000F003B800BF206F012044
:1034D000BCB5E8F74EFC264800214FF40D72FDF70D
:1034E00017FB00F07BFA01F01BF800F09BFA00B12B
:1034F000BCBD204D00212C68AA8820460094FDF711
:1035000007FB6868B0F50D7F0ED36C46204604F0CB
:10351000DDFF204601F084FC204605F001FE204638
:1035200004F07EFD6868009C2968611A81420EDC07
:103530002869AA8A00210190FDF7EAFA01A802F0A1
:1035400057F8D5E90401019A101A884201DD0720D5
:10355000BCBD00F03DF804F0CFFF04F06FFD05F0B6
:10356000EDFD01F077FC01F0BFF80020BCBD00BF0D
:10357000506F0120206F012080B501F06FFD05F034
:10358000B3FE00F08DFABDE8804000F02FBA0000D5
:103590004FF0FF3101EB10210C290CD8DFE801F0CE
:1035A00007090B0C0B0B0B0F0B0B0B12150001F08B
:1035B00041BA01F00FBC7047C0B204F085BEC0B282
:1035C00001F024BFC0B207F0FBB8C0B207F0BCBB2B
:1035D00004480549C0F82C124FF6FF71A0F82812D4
:1035E000704700BF506F0120FFFF030080B5FFF759
:1035F000DCFB002080BD000080B50548B0F8280243
:10360000800503D508461146FFF7A6FC002080BDC3
:10361000506F01207FB50B48B0F82802C0050DD5CA
:10362000106A4479C288038945898689C0890290D5
:1036300008462146CDE90056FFF7B9FC002004B04A
:1036400070BD00BF506F01201CB5136A08461A896F
:1036500059799C790A33009304F10E0303F00F03A8
:10366000FFF7CFFC00201CBDE0B50648B0F82802EB
:10367000400505D508460DF107020021FFF77AFC49
:1036800000208CBD506F01200348B0F82802C0070D
:1036900018BFFFF7A4BB7047506F01200548B0F872
:1036A0002802000658BF7047084611460022002332
:1036B000FFF7E1BB506F01200448B0F82802400733
:1036C00044BF0846FFF7ADBB00207047506F012094
:1036D0000548B0F8280280045CBF00207047084607
:1036E0001146FFF7F2BB00BF506F01200548B0F84C
:1036F000280240045CBF0020704708461146FFF7CF
:1037000005BC00BF506F01200448B0F82802000536
:1037100044BF0846FFF7CBBB00207047506F012025
:103720000448B0F82802800644BF0846FFF795BB5E
:1037300000207047506F01200548B0F8280280072C
:103740005CBF00207047084611461A46FFF759BB78
:10375000506F01200448B0F82802000744BF084613
:10376000FFF76DBB00207047506F012008461146DF
:103770001A46FFF7E1BB08461146FFF739BD084678
:10378000FFF744BD054890F82E02C00704BF002093
:10379000704708461146FFF7B8BC00BF506F0120C4
:1037A000044890F82C02800744BF0846FFF761BC2C
:1037B00000207047506F0120084611461A46FFF757
:1037C000D2BC084651081A46FFF7E8BCF0B5C1B0B4
:1037D000DDE9466001AF14460D46191D3B463246F1
:1037E00004F05BFF2846214632463B46FFF79FFC2C
:1037F00041B0F0BD2DE9F041C2B048980E4602AF8D
:103800001C461546011DDDE949803B46424604F051
:1038100044FF30462946224643460097FFF706FDFF
:1038200042B0BDE8F0810000054890F82C02400746
:103830005CBF0020704708461146FFF72ABC00BF56
:10384000506F01200846FFF707BD00002DE9F04F3B
:10385000C3B004461D4890F82C02C00731D015466D
:103860004FF400474FF0000B88460493CDE9024126
:103870001FFA85F8A9461FFA8BFA0DF117042046A6
:10388000B8F1F60F28BF4FF0F5091FFA89F603EBE0
:103890000A013246FDF7F6F80094DDE90241B8F17D
:1038A000F60F38BF002747EA0B00334682B22046A6
:1038B000FFF7CCFBA5EB0905049B0AEB060B2804DC
:1038C000D6D1002043B0BDE8F08F00BF506F01207B
:1038D000034B4FF400114FF4005200F003B800BF47
:1038E000AF3003082DE9F04FC3B082463148D0F81D
:1038F0002C0208423DD0BAF804004FF4004B0024DB
:103900000DF10C09C71FDAF820004179807941EAEE
:10391000002002901FFA87F820463D464B466FF381
:10392000DF30B8F1F60F28BFF525AEB2C11D504605
:10393000324604F0B2FEB8F1F60F38BF4FF0000B7C
:10394000DAF82010BAF808004BEA040209791D29B8
:1039500004D100F03BF8FFF78FFC03E000F036F8ED
:10396000FFF79DFCA0B27F1B84193804D2D1002040
:103970001DE01042FBD0BAF804000DF10C081D4602
:103980004346073886B2F82E28BFF826DAF820001A
:103990003246072144798779504604F07EFE44EA96
:1039A0000721BAF808003246434689B2A84743B017
:1039B000BDE8F08F506F0120034B4FF480014FF4AE
:1039C0008042FFF78FBF00BFDD300308029992B23B
:1039D0003346CDF8009089B27047000002480621B6
:1039E00080F83A10704700BF506F0120054890F8EA
:1039F000391090F83A000140081AB0FA80F04009F6
:103A0000704700BF506F012010B5044C207820B9DA
:103A10000348DFF7B5FB0120207010BD8471012041
:103A2000A13E03082DE9F041DFF8608000212C223F
:103A30004046FDF76DF808F102051549154C0822BE
:103A40002846A04708F10A06134908223046A04735
:103A500008F11207114908223846A0472846EEF718
:103A600055F93846EEF754F93046EEF753F914207D
:103A7000EEF766F90A2088F80000EDF76BFF0446C0
:103A8000E8F7D3FEE0B2BDE8F08100BF8871012005
:103A900023D70408850A03082BD7040833D7040862
:103AA0002DE9FF41144D687820B100206870022094
:103AB000EEF70FF900206F6A0DF1030805F12406F7
:103AC0000390CDE901008DF8030001AC97B1B888EF
:103AD000214642463D6800F035F858B9304639462F
:103AE00004F0B6FE9DF803203846214600F088F821
:103AF0002F46EBE7BDE8FF8188710120BFB5104D6F
:103B0000044600200390CDE901008DF80300686AA7
:103B100030B9A08801A90DF1030200F013F838B103
:103B200005F12400214604F083FE002004B0B0BD5E
:103B30009DF8032001A9204600F062F8F6E700BFD7
:103B4000887101202DE9F84380B20C46FB21002743
:103B50009046FA30B0FBF1F900205FFA89F5042DA8
:103B600038BF01200121F8F735FB244EBD4214D0A7
:103B70003046FAF7A3F944F8270098B10021102243
:103B8000FCF7C6FFEEF754F854F82710086054F815
:103B900027000068D0B10137E8E7002088F80090DE
:103BA000BDE8F88300250026B74223D054F826004C
:103BB000016839B1081FFAF783F954F82600056047
:103BC00054F82600FAF77CF90136EDE700250026C7
:103BD000BE420FD854F82600016839B1081FFAF721
:103BE0006FF954F82600056054F82600FAF768F9D2
:103BF0000136EDE70720BDE8F88300BF1C6E012009
:103C00002DE9F84FB0F804A090460E4681464FF0DB
:103C1000000BFB2701250024A04546D0B8B21FFAAF
:103C20008AF71FFA8BF1B84238BF074656F82400CE
:103C30003A460068031D484604F02FFD56F824104C
:103C400004204881E8078F8105D099F80A000138DF
:103C500018BF012000E000208873B9F8080001387F
:103C600080B2EDF72CFF0546000605D1BB44AAEB58
:103C7000070A01340025CFE7A8F101074FF0000A39
:103C8000A74210DD56F82700016841B1081FFAF776
:103C900017F956F82700C0F800A056F82700FAF7E1
:103CA0000FF9013FECE7444505D3044849461C3071
:103CB00004F0BEFD0025E8B2BDE8F88F8871012050
:103CC00080B5027841781046EEF752F8C0B280BD58
:103CD0001FB5099CADF80210ADF8000068468DF8DC
:103CE00005308DF804208DF80E40089C07308DF8C3
:103CF0000D40DDE9064119B10622FCF7C3FE03E0E1
:103D000000210622FCF704FF68468DF80640EDF717
:103D1000C7FDC0B204B010BD80B5EDF7B6FDC0B2AE
:103D200080BD80B5EDF7A8FDC0B280BD80B5EDF7D0
:103D300086FEC0B280BD1CB542F218040C80049C03
:103D40000DF106010094EDF761FD1821C0B221705C
:103D50001CBD80B5EDF75BFEC0B280BD80B5EDF750
:103D600088FEC0B280BD80B5EDF776FEC0B280BDE2
:103D700080B5EDF78EFEC0B280BD80B5EDF74DFE8B
:103D8000C0B280BD80B50138002180B2EDF72CFEB5
:103D9000C0B280BD80B5013880B2EDF725FEC0B25B
:103DA00080BD80B5013880B2EDF725FEC0B280BD80
:103DB00080B5EDF769FEC0B280BD0000B0B5084A1D
:103DC0000021082906D05418435C0131A57A2B4301
:103DD000A372F6E702F10A00BDE8B040EDF79ABF22
:103DE0008871012070B514460D46064610B920466C
:103DF000EDF73AFD304629462246BDE8704000F016
:103E0000B3BB00002DE9F04393B021486FF01304D9
:103E1000042988BFA1F11904047060B2EDF79AFE7D
:103E2000010630D10DF131080DF105094046494632
:103E3000EDF709FF8DF84B40002412AE0DF1470756
:103E4000E5B2DFF785F90230A8421BD918F8050062
:103E5000052818BF022813D109EB450119F81500F0
:103E60000125497840EA0120ADF84800042D07D823
:103E7000304639468DF84A50EDF751FE0135F5E7E9
:103E80000134DDE70020C0B213B0BDE8F08300BF0D
:103E90008871012080B5EDF7D1FEC0B280BD000071
:103EA0002DE9FE4F0446002873D0A089022870D364
:103EB000A17B10291BD008296BD1608921680A5C7D
:103EC0000B185978FF2A45D03E2A52D13E4DD81CB6
:103ED0009A7800230B2B5CD015F83360B24204D1E2
:103EE00005EBC30677788F425FD20133F2E70428EF
:103EF0004FD361892268A0F1040B0020002502EB5A
:103F00000109535C1FFA8BF899F801A0424643EA75
:103F10000A214F1C6FF31F37394604F01BFBA8B171
:103F200006460560A0F804B007814FEA1A1009F1AF
:103F3000040300214246B072304604F0CEFB304606
:103F400004F08CF830B3304604F03AFB1D480125EC
:103F500045701FE09878002505281BD1092919D83C
:103F6000DD785E7902A8EDF740FE08B300220292E8
:103F70001FE0164D981C0023082B0AD015F833605B
:103F8000B24204D105EBC30677788F420DD20133DC
:103F9000F2E70025B5FA85F0400924B11DB92046A5
:103FA000EDF7A6FD0120BDE8FE8F7168884707E0A8
:103FB000029A00203146002300902846FEF7CFFEEB
:103FC0000546E7E7887101203CD7040894D7040828
:103FD000B0B50D4608461146144606F081FF084864
:103FE000417A890604D590F90A00B0F1FF3F00DD5F
:103FF000B0BD28462146BDE8B040FEF7E7BD00BF92
:1040000088710120B0B50D4608461146144606F0E9
:10401000CDFF0748417A890602D5C07AC00700D192
:10402000B0BD28462146BDE8B040FEF7E2BD00BF66
:10403000887101202DE9F04F89B0C17A827890F81B
:104040000E8090F80F9090F810A004790578C6784B
:1040500000F1050B00230891017B0691417B05913E
:10406000417C07914178CDE900B3234641EA022023
:104070003246013087B22846394600F06FFB059979
:1040800049EA0A20089A069B41EA082142EA0322EB
:10409000234680B289B292B2CDE902100798CDE9E9
:1040A00000B23946324604902846FEF79DFC09B01E
:1040B000BDE8F08F2DE9F04F85B00DF1040890F8C0
:1040C00000A004464FF0000B01270026002508F150
:1040D000020955453BD2F8B20622205C8DF8040057
:1040E000781CC0B2205C8DF80500B81CC0B2211845
:1040F0004846FCF7C7FC07F10800C0B2225C07F194
:104100000900C1B217188DF80C206318F8B2190E07
:10411000205C8DF80D308DF81010190C8DF8110001
:1041200000208DF80F10190A8DF80E109DF804105C
:1041300000F092FD40B101204146FEF787FC834626
:1041400008B1300603D0013601370135C1E75FFA07
:104150008BF005B0BDE8F08FF8B5017AC2794379EC
:10416000857904784678877842EA01210279C07817
:1041700040EA022089B282B243EA0520009183B26C
:1041800046EA0720013081B22046FEF7ABFCF8BDBD
:10419000C21C03784178807841EA0020013081B266
:1041A0001846FEF7C5BC70B5044614F8020B14F8A7
:1041B000011C227A637A42EA032240EA0120214666
:1041C00095B201302A4686B2304606F011F930B178
:1041D000304621462A46BDE87040FEF7C2BC0020AA
:1041E00070BDF8B500F07EF9FEF7DAFCF8BDF8B561
:1041F00000F078F9FEF7DFFCF8BD2DE9F04F8DB047
:10420000C17D067990F81CA004788278C57800F109
:104210000B0B00F1050800F111090B91017E3346EB
:104220000A91417E0991817E0891C17E0791417F6B
:104230000C914178B007484658BF4046CDE9000B85
:10424000002E18BF012341EA02202A46013087B21E
:104250002046394600F082FADDE908210798CDE9C9
:10426000008B40EA0A2080B241EA0221DDE90A32ED
:1042700089B2CDE904100C98394642EA032206902F
:104280002046334692B2CDE902922A46FEF7C4FC9C
:104290000DB0BDE8F08FBFB5044640786D460622EC
:1042A000A1788DF80000A81C8DF80110E11CFCF726
:1042B000E9FB607A04F10A0106228DF8080005F195
:1042C0000900FCF7DFFB207C29468DF80F00012058
:1042D000FEF7E0FC04B0B0BDB0B541788578037955
:1042E0000478C27841EA0520013081B22046BDE859
:1042F000B040FEF704BD02784378817842EA03209B
:10430000013080B2FEF715BD2DE9F843417882787F
:10431000047890F8038041EA02277D1C9CB9DFF8FD
:104320004090AEB200220123314609F11C0000F09A
:10433000A3F809F1240031460022012300F09CF883
:10434000304600F02DFAA9B220464246FEF7E8FAC0
:10435000044610B9B8B2EDF7DFFC2046BDE8F8839B
:104360008871012070B541788278C578047841EA77
:10437000022021462B46013086B20020324606F04C
:1043800078F8204631462A46BDE87040FEF7DEBA8E
:104390007CB5C1798279047845788678037942EAD8
:1043A0000121C278407943EA002089B283B245EA0C
:1043B00006200091013081B22046FEF7D4FA7CBD80
:1043C000007880F08000FEF7EEBA00002DE9F04F93
:1043D000BFB0E846814604780021FC220027404611
:1043E000FCF796FB04F07F004FEA440B022509EB33
:1043F000400A144800F11C06BB451FD009EB070119
:104400000AEB070008EB05034C788978427880783E
:1044100044EA012108F8052042EA0022587030469B
:10442000013103F8021C6FF31F310C0A03F8014C31
:10443000002300F021F804350237DDE700203FB00B
:10444000BDE8F08F8871012000207047B0B5047876
:1044500041788078012341EA00202146013085B26D
:1044600001202A4606F005F820462946BDE8B0405E
:10447000FEF7A7BA002070472DE9F84F804605687F
:104480001846002B1C4692460E464FF0000B18BFF4
:1044900001204FEA80095FFA8BF0214650454FF02A
:1044A000000038BF0120002C18BF01210843BDB116
:1044B00090F0010114D12F462D683989B142F6D10F
:1044C000B879394600F0FB0040EA0900B87140466F
:1044D00004F0BEF9384603F093FE0BF1010BDAE766
:1044E000BDE8F88F417A027A90F800C04578867866
:1044F000C7788379C47942EA01210279407942EA96
:10450000002089B282B243EA0420009183B246EAD5
:10451000072081B24CEA0520013080B270470000CC
:1045200010B50F4C4FF42070A080E120E0700D48D2
:1045300090F82C00C00658BF10BD04F10800DD2122
:104540001022FCF7E5FA04F11800AA211022FCF76A
:10455000DFFA04F12E00BDE8104007F021B800BFDB
:10456000506F0120206F0120B0B50B46044608B9FA
:10457000062B1FD0082C08BF102B1BD0182C08BFEF
:10458000102B17D02E2C08BF062B13D0342C08BFAD
:10459000012B0FD0352C08BF012B0BD0C42C1BD006
:1045A000B02C1CBF1220B0BD0E49107881F89400C9
:1045B000002010E00B4D11461A462819FCF762FA4C
:1045C00000202E2C07D195F8C311012902BF00202D
:1045D00085F8C301B0BDB0BD1046BDE8B040FFF7DF
:1045E0006FBB00BF506F012070B5144E96F85C0091
:1045F000E8B996F8350030B1114906F13C002022A7
:10460000FCF740FA0EE00F4D06F13C04082021466D
:10461000E7F7C5FB20462946202207F03AF8B0F11B
:10462000FF3FF3DC06F13C00E7F7F2FB08B13A206C
:1046300070BD012086F85C00002070BD506F012025
:10464000D4D70408F4D70408F0B591B0104F04464D
:1046500097F85C0008B13A2007E007F13C052021FB
:10466000284607F000F810B11F2011B0F0BD01AED0
:10467000214640223046FCF705FA28463146E7F746
:10468000DEFB0028E7D1022087F85C000020ECE781
:10469000506F0120B0B590B0124D95F85C00022823
:1046A0000BD0012819D16C462046E7F7BDFB00204E
:1046B00000212246FFF78CFC0FE06846E7F7CDFBB0
:1046C00030B16846FF212022FCF722FA122100E0D7
:1046D00000216A460020FFF795FC002085F85C0069
:1046E00010B0B0BD506F0120704700002DE9FF41B0
:1046F000194D074695F8A00108B10C2028E017F0E5
:104700000F0807D008461C46164600F0CDFA18B12F
:1047100097201DE092201BE00020CDE9020095F8D3
:10472000370010B102208DF8090002A8FFF746FB00
:1047300017F0050F09D0DDE90A3031462246009016
:10474000404602F0A1FF0028E2D1002085F8A081B8
:1047500004B0BDE8F08100BF506F01207CB5144665
:1047600080B9DDE906601A460D46334600900846DA
:10477000214604F0FBFC284600F0BCFE28462146FA
:1047800003F040FD054800F5D0701CB1BDE87C4049
:1047900000F062B9BDE87C4000F030BB506F0120F2
:1047A00010B5044600F0C8FE204604F037FD204650
:1047B000BDE8104003F037BD2DE9F04F8FB00DF18B
:1047C00018080D4604461F211E461746404607F0AE
:1047D0003BFADFF8FCA19AF8A10108B10C203FE0F8
:1047E000291F1898C9B2FD2903D8032801D19220A6
:1047F00036E056EA07010BD1042D07D8754A69B295
:1048000032F81170744A32F8116001E0062606276A
:104810009AF8A011402C02D18907DFD50AE0C90718
:10482000DCD0202C0CD0042C0ED0022C02D14FF066
:10483000050B0BE001214FF0000B4FF0010908E0E0
:1048400001214FF0040B02E04FF0060B00214FF066
:10485000000904910DF11701002200F04DFA10B18A
:104860000FB0BDE8F08FDDE91E311A9AB9F1000FE3
:10487000ADF83A30ADF8381002D04FF0000B07E039
:104880008DF81AB04FF481704FF0030BADF818009B
:10489000A2B19AF8370088B90BEB02001E28A6D8FF
:1048A00008EB0B000BF101091B999346027008EB12
:1048B0000900FCF7E7F8DDE91E31CB44DDF8709024
:1048C000B9F1000F14D05FFA8BF000EB09011E293B
:1048D0003FF68DAF0BF1010B08F800901D994A4689
:1048E0005FFA8BF04044FCF7CDF8DDE91E31CB4494
:1048F000F3B1E9B15FFA8BF01A283FF678AF0521E2
:10490000022208F800104044122141700BF102000D
:104910000DF13A01C0B208EB00094846FCF7B2F8C5
:1049200009F102000EA90222FCF7ACF80BF1060B0C
:10493000049890B95FFA8BF01C283FF658AF02211B
:1049400008F8001040440A2141700BF10200C0B287
:104950004044FFF712FA0BF1030B229A5AB15FFAA7
:104960008BF000EB020BBBF11F0F3FF640AF23991A
:104970004044FCF787F85FFA8BF006A900F0E0F8F6
:1049800000287FF46DAFDDE920E007219AF8C4210B
:10499000DDF864C09DF8173000280CBF0AF2C5107E
:1049A0007246CDE9021C3146D2B2CDE9002038462C
:1049B0002A46FFF78DF900287FF452AF0120FFF758
:1049C000B0F900287FF44CAF00208AF8A14147E7F6
:1049D000506F01201ED8040814D8040852EA0103BD
:1049E0000BD08A4228BF062901D292210EE0A2F6FE
:1049F00081414FF27E329142F7D30021042808BF53
:104A00006FF06D01012808BF6FF06D01C8B27047EB
:104A10002DE9F0438DB000F009F908D100F0F8F865
:104A20000420CDE90232CDE9041C00F00FF90DB0ED
:104A3000BDE8F083B0B5074C94F8A101800708D514
:104A400000200025FFF76DF90120FEF71DFE84F818
:104A5000A151B0BD506F012000F000B810B5044660
:104A60004078800744BF4FF48070E7F71AFA0020BF
:104A7000607010BD2DE9F04F89B01F2803D9922036
:104A800009B0BDE8F08F83460C4600205946C2B2FB
:104A90005A4509D2A25C32B1CBB29A42EFD201326E
:104AA0001044891AF3E783465FFA8BF6EEB30DF1F3
:104AB0000508214632464046FBF7E4FF1F4F4FF002
:104AC000000A97F8A3915FEA096030D05FFA8AFC88
:104AD00000220CF10101D2B2B24209D27818531C63
:104AE00090F8A401E55C854216D0A05C1A18F2E7A4
:104AF00007EB0C005FFA8BF390F8A4114D1CEAB29F
:104B000002EB030BBBF11F0FB9D800F5D27108EB14
:104B10000300FBF7B7FF04E007EB0C0090F8A401DB
:104B2000451CAA44A9EB0509CDE70020A8E75FFAD8
:104B30008BF00DF1050100F003F8A1E7506F0120A3
:104B4000F8B50D460446FFF7E7F8064640B9054FAD
:104B50002946224607F5D270FBF794FF87F8A34158
:104B60003046F8BD506F01202DE9F04389B0DFF8E1
:104B700074900DF105080646404699F8A35109F5D1
:104B8000D2712A46FBF77EFF00210022280623D09F
:104B9000C9B2144609EB010090F8A421E2B1531CFC
:104BA000DFB29F421AD1EAB2BA4217D390F8A501F8
:104BB0001A19ED1A3944B042E8D1C9B2E0B2EAB2EA
:104BC0004944404401F5D271FBF75CFF2819414686
:104BD000C0B2FFF7B5FF02E0002000E01F2009B0DF
:104BE000BDE8F083506F012010B5084C94F8A10186
:104BF00020B10020FFF795F810B110BD0C2010BDBA
:104C000004F5D070FFF72AFF002010BD506F01207F
:104C1000DDE9171CDDE915320020CDE90679CDE983
:104C20000800CDE90A00CDE9004070474DF808EDD5
:104C3000DDE91B7990460D461C46064639464A4634
:104C4000FFF7CCFE00285DF808EB704731462A4696
:104C50004346FFF7B1BD0000F0B5124890F8A2013D
:104C600010F0B30F1BD0840718BF042901D1012015
:104C7000F0BD0025A91C914211D25E5D7EB16F1C72
:104C8000BD19DE5D012EF5D1C00705D1002C06D57A
:104C9000585C8007EBD102E0585CC007E7D10020E8
:104CA000F0BD00BF506F0120044981F8370010B1FA
:104CB0000120FFF74EB80020704700BF506F012061
:104CC000B0B594B0FFF74AF8A0B96C46002104F1E2
:104CD0003E05C8B2214603F0D2FD50B99DF801004F
:104CE000294600F00100FFF73EF801210028F0D02E
:104CF00000E0002014B0B0BD2DE9FE43DFF8B09015
:104D00000DF10604002A054616460F4618BF144644
:104D100099F8370080B1281F10F1020F1DD304F05D
:104D20001FFA8046032D1BD101203870204606F063
:104D300049FCC6BB032524E0012D0ED899F8A1013A
:104D400099F8A211084303D099F83600A84204D17B
:104D5000EDB101204FF0010806E09220BDE8FE838E
:104D6000B8F1000F18D00320387009F12E01204649
:104D70000622FBF787FEB6B999F8C301012812D0C5
:104D800001252046FFF714F858B1BDE8FE834FF027
:104D9000000887F8008006E002204FF00008387015
:104DA00001E089F8C351002089F83680BDE8FE8310
:104DB000506F012080B500200021FEF7B7FF0449A5
:104DC00091F8A22102F04C0281F8A22180BD00BF1F
:104DD000506F012010B5084890F8A20110F00304AC
:104DE00008BF10BDFFF7E6FF012021460022BDE805
:104DF0001040FEF753BC00BF506F0120074890F8E9
:104E0000A22112F04C0108BF704702F0B30280F8F3
:104E1000A22100200022FEF741BC00BF506F0120FC
:104E2000B0B5044609480A4D2422817F204685F802
:104E3000CD1106F03CFCC5F8F001204601214FF4ED
:104E4000807206F034FCC5F82402B0BD206F01204A
:104E5000506F01200D481723D0F8F02190F8CD11A4
:104E6000023219B122F8243B0139FAE70849898C4A
:104E7000B1F5007FA0F8CE1102D94FF4007102E025
:104E8000162902D81721A0F8CE117047506F0120C3
:104E9000206F0120B0B5044600F0ACF80546A079BB
:104EA00078B1400748BF0025206A00791B2823D02D
:104EB0001D2829D11DB12846012100F0B1F8022199
:104EC0001BE0002D00F08F80A088021F100400F06E
:104ED0008A806868410700F18080216A09794B0661
:104EE00032D41B2918BF1D2950D190B203287AD380
:104EF0003F4800F5FE7032E001210120224601F01A
:104F00002BFA002872D10FE075B1C10704D11E2819
:104F10002AD12846032105E06868002120F010000E
:104F20006860284600F06AF8204603F049FB3048E4
:104F300090F9CC11B1F1FF3F58DC90F8391001F035
:104F4000FD0180F8391051E0688892B282424AD857
:104F500041F08000D22846D1254800F5FA7021465C
:104F600003F066FC2248E8E7696821F04000090583
:104F70006860D9D540F4807002216860284600F04E
:104F80004FF8686820F400606860CDE71E290DD1F5
:104F9000010728D520F0080001216860284600F0AC
:104FA0002DF829880020FEF7EAFB1CE0CA0718BF8D
:104FB000152909D1C20612D440F010000021686002
:104FC000284600F02DF893E71929F3D8410504D4B9
:104FD00040F480602C626860C4E79520B0BD2888EA
:104FE000012200F02FF8204603F0EAFA0020B0BDBD
:104FF000506F0120008900F0AFBA0000064AD2F8D5
:10500000F021801A242290FBF2F0C0B241EA800025
:1050100000F50060E6F745BF506F0120008870473B
:10502000074AD2F8F021801A242290FBF2F0C0B295
:1050300041EA800047F2305100F50060E6F721BFF9
:10504000506F0120E0B5120642EA014108440421F4
:10505000019001AA0220FEF7C9FA8CBD2DE9F04F9C
:1050600085B0DFF86C8398F8390098F8CC1140F0DF
:10507000020088F83900C80700F0A6814FF0000947
:105080004FF0000A98F8CD01824580F096800AEB37
:10509000CA00D8F8F02132F82010D1B302EB800416
:1050A000264656F8042F500230D490022BD45007D5
:1050B00006D5204601F024F9306820F00402326061
:1050C000274657F8200FE8B3016AD3050D792CD590
:1050D00053052AD594F81AC065451DD122F4806085
:1050E000022130602046FFF789FF3068E16920F433
:1050F0008070306020468847952802BF306840F4B1
:10510000806030601EE00120FEF74AFB204600F080
:1051100061F90AF1010AB5E7012D06D18388062B52
:1051200003D3497901316145D8D003F049FA306899
:1051300029460022C7F8009020F480603060208863
:10514000FFF780FFD8F8FC71002FE2D03889218862
:105150003D463F688842F7D1296A09791D2911D156
:105160007178C90615D42846FEF7B2FB218829813B
:10517000E0B93068032140F4805030602046FFF7EA
:105180004FFF0AE02046294600F032F90028DBD123
:1051900003E01D210222FFF755FF08F5FE702946A6
:1051A00003F056FB284603F00BFACDE798F83900D8
:1051B00000F0FD0088F83900ABE7D8F8FC4108F5AD
:1051C000FE79002C00F09380254624682846FFF7DE
:1051D00011FFA8B11C21074600F0D8F9002800F003
:1051E0008680AA880646286A01797888043A82422D
:1051F0000CDD04201EE0304600F0D0F9002FE0D195
:105200004846294603F024FB2E4666E08A1E062007
:105210001B2A0FD8DFE802F0140E190E1E0E230E03
:105220002B0E330E3B0E430E480E0E0E500E580E34
:105230000E0E0E6100223346002701F009FADAE76C
:1052400000F0C6F902F0B2F942E000F0C1F902F054
:10525000DBF83DE000F0BCF901F008F938E0B8797E
:1052600000073AD400F0B4F901F082FA30E0B879DE
:10527000000732D400F0ACF901F016FC28E0B87950
:1052800000072AD400F0A4F901F08BFC20E0B879E3
:10529000000722D400F09CF901F0F8FC18E000F0BF
:1052A00097F901F097FD13E0B879800715D400F065
:1052B0008FF901F06BFE0BE0B87980070DD400F098
:1052C00087F901F001FF03E000F082F901F076FFB9
:1052D00007460C2818BF692F03D1304603F070F938
:1052E0006FE7952F7FF487AF304603F069F9D8F860
:1052F000F47108F5FA74FFB13D463F682846FFF7A0
:1053000079FE88B10646286A007940F08000D228EC
:1053100007D1B079400704D430462946012202F073
:105320000EF8B0794007E6D42046294603F090FAFB
:10533000284603F045F9DEE7EB461421584606F00F
:1053400083FCD8F810724FF0240A08F504754FF06A
:10535000010907B33E463F683046FFF74BFE002881
:10536000F7D0D8F8F011401A90FBFAF0C4B21BF84D
:1053700004000028EDD12846314603F069FA304692
:1053800000F020F90028E4D02846314603F05AFA0C
:105390000BF80490DDE798F9CC01B0F1FF3F13DC86
:1053A000D8F8FC0180B9B8F8CE0103F00BFA58B177
:1053B000024600200021FEF7DEF928B998F8CC015A
:1053C00000F07F0088F8CC0105B0BDE8F08F00BF89
:1053D000506F0120B0B50121044602F039FD20468E
:1053E000258800F031F82846BDE8B04003F03EBF04
:1053F00080B50A6A12791B2A1CBF912080BD0088E3
:1054000008810846FEF7D8FA002080BD07498008C9
:1054100000EBC000D1F8F01131F820202AB101EBE7
:105420008000416841F4001141607047506F0120D5
:105430000449D1F8F011401A242190FBF1F0C0B2D8
:10544000704700BF506F0120F8B51D4D1D4F044639
:1054500005F5FA71B84705F501712046B8470026F1
:1054600005F5FE712046A5F80C62B84705F50471F4
:105470002046B847144F20460021B8472046012156
:10548000B84720460221B84720460321B847D5F83F
:105490002002A04208BFC5F820626079800603D5CB
:1054A0002046912100F098F8206A08B103F088F8AE
:1054B000204600212422FBF72BFB17206080F8BD3B
:1054C000506F0120CD540308FD4F0308F8B50C467A
:1054D00005460F686FB13E4628883F683189814292
:1054E000F8D12046314603F0B3F9304603F068F8AE
:1054F000F0E7F8BD0E4A92F8CC11CB0716D041F078
:10550000020182F8CC110B49D2F8F021897F243AAC
:10551000013101390AD002F12403928C002A1A4683
:10552000F7D11880586840F004005860704700BFF9
:10553000506F0120206F012080B5064991F8CC11F1
:10554000C90706D000F008F818B1416841F480019D
:10555000416080BD506F012080B10A49D1F8F0113F
:10556000A1F124020849897F4B1C013B06D002F1BE
:105570002401928C82420A46F7D100E000210846BD
:10558000704700BF506F0120206F01200388081D65
:1055900082B20120194602F0DDBF0000B0B5084D0F
:1055A0000446D5F8100218B9204600F00BF830B1C7
:1055B00005F504702146BDE8B04003F039B9B0BD2F
:1055C000506F01200146042002F039BDFFF7C4BF2F
:1055D000384629463246704710B50C46FFF71EFD87
:1055E000014601202246BDE81040FEF7CBB800007E
:1055F0002DE9F843DFF87C901F4E01210446B9F8ED
:105600001C20B047DFF87480B9F818102822C8F8B9
:10561000D4012046B047B9F81A100546204630227A
:10562000B047044608F5EC7005F0A2FF08F5F476E3
:10563000304605F09DFF0027B9F81800874206D2D2
:105640002846314605F097FF28350137F4E708F57D
:10565000F075284605F08CFF0026B9F81A0086423E
:1056600028BFBDE8F883204600F0FDFE3034013647
:10567000F3E700BF206F0120AFB60308506F012091
:1056800001281CBF00207047088842F6021188429A
:1056900004BF0120704742F62931401AB0FA80F069
:1056A0004009704710B5044600F005F8A169228C46
:1056B00002FB001010BD60B190F82320012A0BD12D
:1056C000008942F62932904203D042F602129042FB
:1056D00002D10846FFF7ACBE00207047F0B58FB08E
:1056E0002A4E96F8CC01C0071AD1294F41F6010085
:1056F00001250DF13A010123ADF80C0086F8CC51DB
:105700000091788D800758BF042303A9012001224E
:1057100000F042F840B10020972486F8CC0100E068
:10572000622420460FB0F0BD4FF4E06000248DF8F5
:105730001E50BDF83A50ADF8340097F82A008DF8A5
:1057400036408DF83340ADF81C508007E9D4202056
:105750008DF832000420ADF8300042F60520ADF897
:1057600020000EA807A900F0A9F80028D3D1094805
:10577000BDF83810002204230024029002A80090F3
:10578000284600F02DFA0028C5D1CAE7506F012045
:10579000206F01200100FFFF2DE9F84F9B461746BF
:1057A0000E46054600F04CFA08B1BDE8F88FBBF193
:1057B000000F4AD0DFF800A1DAF8E0110AF5F07026
:1057C000814208D00AF5F47005F0E1FEABF1010466
:1057D00080B2A04202DA9820BDE8F88F0AF5EC709A
:1057E000009005F0D4FE000411D0DAF8DC8108F155
:1057F000180005F0CCFE814608F1200005F0C7FE38
:10580000B8F828104844084400F1010801E04FF0BE
:1058100001086FEA080080B2013058453CBF6120A2
:10582000BDE8F88FDAF8E091012F04D0022F0CD1F7
:1058300042F6010001E04FF42050012DA9F82A00A2
:1058400006D0022D01D1102203E09220BDE8F88F8E
:10585000022209F1080031460A9FFBF713F9484676
:10586000A7F8008089F82C50A9F8288005F089FE57
:105870004846009905F07FFE09F11805284605F015
:1058800077FE09F1200005F073FE002C09DDDAF83F
:10589000E861304605F075FE304600F0E4FD013C5D
:1058A000F3E738880BEB0001013989B200F0DCF92D
:1058B0000020BDE8F88F00BF506F01202DE9F04FA8
:1058C0009FB00E460E9091F80280102236F804BB6D
:1058D0001BA8314606F0B6F90020348A96F81390DA
:1058E000357D96F815A0B77D96F91260ADF8660083
:1058F00000F0A6F9002840F06A81B4F5007FCDE9F8
:1059000007A7CDF834B0CDE90959CDE90B8601D907
:1059100092205CE11AA90D9800F0B2F908B160205C
:1059200055E10C9ADFF8AC82D0B210F0300398F851
:105930001E109A4618BF4FEA410A10F0010718BF1F
:105940000AF1020AB2F1FF3F1A46D8BF0AF1020A71
:105950000221002B08BF0121069318BF01220597E1
:10596000002F18BF0A461A9D02EBD01605F1180B3E
:10597000584606F1020905F00AFE87B24F4501D2EA
:10598000982024E105F120000396049005F0FFFD26
:1059900080B248B13844298D0844696A898B401A1D
:1059A000484501DA612012E14346DBF800800B989C
:1059B0000128D8F800B00DD10520A8F81E00BDF8C8
:1059C0006C0081B242F60210814209D11F46997FD4
:1059D00005200FE002289BD11320A8F81E0007E045
:1059E000052042F62932914202D11F46997F01E0FB
:1059F00001211F46784A5044BF8B04FB0100B2F8D6
:105A0000D23186B29820FB1AB342C0F2E080D2F8BD
:105A1000D4210E9E002A00F0DA80049804FB01F7DE
:105A200005F0B5FD0004CDE901470EBF05F12800E2
:105A3000686A1C30DDF82CA0079D0088013030809A
:105A4000A8F81C00002088F826004FF48070A8F801
:105A5000220030885E46013026F81C0F42F6030013
:105A6000A8F80800B8F81E0000F01EF9B8F81E10DB
:105A70000C9FC8F81800DFF864910222A8F82010E3
:105A800007703146D8F818000130C8471026BAF11F
:105A9000010F08BF0226D8F818001BAC3246214679
:105AA0000330C8470BF1080021463246C847089822
:105AB0008BF823A08BF822000198ABF81E00ABF8FE
:105AC0002000029886B2304600F0EEF800213246FF
:105AD000CBF81800FBF71CF801241020C7F3400294
:105AE00007F00401A8F82440072D98BF0725102DC2
:105AF00028BF0546099811440A9E8BF827508BF859
:105B0000260002208BF8256000EA9700084408214F
:105B100001EAD70108448BF82400404605F031FD26
:105B2000049D404600F09FFC584605F02AFD58466B
:105B300000F099FC039D002D41D00D988DF85E403A
:105B40008DF85440ADF83C000DF1660016904FF012
:105B5000021014900F208DF85D0000208DF8600079
:105B6000B8F81C00ADF83E0006F038008DF85C0077
:105B70009BF827008DF85F00059838B142F60310B6
:105B8000ADF8400019A80FA900F0A6F8069838B1A2
:105B900042F60210ADF8400019A80FA900F09CF8D9
:105BA000B7F1FF3F0BDC4FF42450ADF840004FF449
:105BB0008070ADF85C0019A80FA900F08DF80E9860
:105BC00000882918013189B200F04EF800201FB07A
:105BD000BDE8F08F206F0120506F0120850A030877
:105BE000F0B587B00546154890F8CC01C00701D143
:105BF00097200EE00C4606A928461E46174600F0E0
:105C00003FF828B9069905AA204600F0CCF910B152
:105C1000602007B0F0BD0C981FB105990968098C88
:105C200000E03146CDE90017CDE9026000202946A9
:105C30002246032300F0C6F9EBE700BF506F0120B6
:105C400080B5084890F8CC01C10704BF972080BDFB
:105C5000800703D51C2002F0B5FD08B1002080BDEF
:105C6000642080BD506F0120E0B5ADF80610ADF89E
:105C7000040001AA0020002100F04EFB8CBD0000B2
:105C800010B5084A02F5EC7213461B68934204BF34
:105C9000912010BD1C8D844202BF0B60002010BDFE
:105CA000F3E700BF506F012010B5094A0949B2F867
:105CB000D231898BCC1AD2F8D41184421944B8BF9E
:105CC000002111B11844A2F8D201084610BD00BF4E
:105CD000506F0120206F01202DE9F04F97B01090F8
:105CE00091F82400D1E9016AD1E90348B1F802B082
:105CF000B1F80090CF8A8D8A0F9091F823000C9014
:105D000091F822000B9091F821000A9091F8200060
:105D10000990C8690E90087E0D90FFF791FF78B941
:105D20004A46CDE90384CDE905A6CDE907B7DDF8FC
:105D30004090B5F5007F9CBF0898854203D992201A
:105D400017B0BDE8F08F0F9909B98542F7D112A9B4
:105D50001046FFF795FF30B9129C11AA079821460B
:105D600000F021F908B16020EAE704F11806304696
:105D700005F00DFC87B2002F00F0888004F12000B0
:105D8000804605F004FC80B2218D636A38440844E3
:105D9000998B884201D16120D2E7119842F6030223
:105DA00001899142CBD190F823100129C7D1DDE9B7
:105DB000052CDDE903AE00680D9F07930468012FF1
:105DC00034D11FFA8CF0A0F5245005282ED8DFE836
:105DD00000F0032D03030609022DB0D126E0072DA4
:105DE000ADD123E0922002960195042DA8D3DDE9E0
:105DF000052C0DF1080E019D0D9F15F001019EE887
:105E000040440F997FF49CAF81B1922008990429F6
:105E1000FFF496AFDDE9052C0DF1040E08990D9FF6
:105E20009EE8604411F001017FF48AAF1FFA8CF103
:105E3000CDE915EAAB46012FCDE913C28A460AD156
:105E400042F6021081421CBF42F62930814202D143
:105E50003948857F00E001250898684380B2FFF744
:105E600023FF98B1844642465346944210D094F89A
:105E70002300012808D12089A0F52451052903D841
:105E8000042901D0984254D02468EEE7982057E7BF
:105E9000394637680F9887F822000898A7F81EB08F
:105EA00038840798808B0130B88307F108000129F6
:105EB00003D113AC1ECC1EC005E013A9102264460A
:105EC000FAF7E0FDA4460D980024C7F818C087F83B
:105ED00023004DB1B8690E995A462044FAF7D2FD15
:105EE0000898013D0444F4E70B9887F826000A98C7
:105EF00087F82400099887F825000C98072898BF90
:105F00000720102828BF102087F82700384605F002
:105F100038FB3846414605F02EFBB88B42F602119D
:105F2000A9F800008A451CBF0146FFF79DFE00202E
:105F300006E7622004E700BF206F0120F0B587B0BC
:105F40000C460646684611461D460430224600F0BF
:105F50001CF8C0B9DDE90E32DDE90CC7DDE910102F
:105F6000ADF81450ADF800608DF802408DF81A10AD
:105F700069468DF818308DF816C08DF819208DF807
:105F80001770FFF79BFC07B0F0BD012A05D0022A6D
:105F90001CBF92207047102200E0022280B5FAF761
:105FA00071FD002080BD10B520310B461B688B426F
:105FB00004BF912010BD9C8B844202BF136000205F
:105FC00010BDF3E72DE9F04F93B00DF130080D4609
:105FD000064614211C461746404605F035FEDFF8FC
:105FE0001CA39AF8CC01C00701D197270CE012A995
:105FF0002846FFF745FE30B9129D11AA38462946BA
:10600000FFF7D1FF20B16027F8B213B0BDE8F08FE1
:10601000119890F82310012917D1018942F6030243
:10602000914212D1DDE91DC2D0F80090B9F820707C
:1060300002EB0C01B94208D899F822303BB1DDF8E7
:1060400070B05F4501D3594503D99227DCE7B9F811
:106050001EB0E1070FBF002781690978C1F300175F
:10606000A10751BF002180690078C0F3401147EAC1
:106070000100012803D19AF8CC01800758D40B976E
:1060800000200125002700264FF0000800240A9078
:10609000D9F818001F996044FAF7F4FC99F8220027
:1060A00008B1A9F81EB035B10B980028ACD048460D
:1060B00000F0A8F9A8E7DAF8F0119AF8CD01A446A3
:1060C0000CAA0A9C043150B131F8043C1BB113787E
:1060D0000D682B430B60013224310138F3E7A00730
:1060E00010D5F01CD9F81830B9F81C106546CDF859
:1060F00000C082B2022001F091FA002002212A465B
:1061000000F02AF9E0073FF47FAFCAF81C92F01CB8
:10611000D9F81830B9F81C1082B20120CDF80080EF
:1061200001F07CFA00200121424600F015F96BE7EE
:10613000079105F1200042F6030142F602124C4697
:10614000246884423FF481AF94F82330012BF7D1C7
:1061500023898B423FF479AF9342F1D130460B97BC
:10616000CDE9029BFFF732FA014600204FF000090B
:10617000002200274FF0000B0A9008460691089174
:106180009AF8CD01834559D2DAF8F00130F80910B8
:1061900000294DD000EB090516B10698854247D17C
:1061A00028460992FFF744F9A16911F810000B99EC
:1061B00010EA010200F00200079901EA500008BF4E
:1061C00000280AD0CDE9040228462146022200F028
:1061D00068FA28B16527099A2AE0DDE9085225E026
:1061E0000598099A78B118F80B000A9941F0010155
:1061F00040F001000A9191B208F80B0068888842CB
:1062000001D9089500E01046049969B118F80B10FF
:106210006A8841F0020108F80B100A9941F0020166
:106220000A9181B28A4201D80246089D2EB908958A
:1062300009F124090BF1010BA2E708950A9919B39A
:106240009AF9CC01002856D49446DAF8F02101F0EE
:10625000010601F002009AF8CD110CAB0432D1B165
:1062600032F8044C64B138B11468A5071ED41D7807
:10627000AD0701D5240731D416B11478E40715D140
:10628000013324320139EAE70020DDE91DC2DDE9EE
:10629000029B0125F7E6ACF103018CB20399A14200
:1062A00038BF0C4620B90020099006E09327ABE6E2
:1062B00000F0D4F801460990B8B11EB900254FF09E
:1062C000000804E000F0CAF850B180460025DDE97E
:1062D0001DC2DDE9029B2646099CD9E60C2793E600
:1062E000099810B1099802F06BF99AF8CC0140F0C6
:1062F00080008AF8CC01642786E600BF506F012039
:10630000BCB501AD0446294601F020FB01462046FC
:106310002A4600F001F8BCBDF8B50D4B93F8CC311E
:106320009B0714D599B90B49498D11F002010ED183
:10633000002108B1008800E000200423CDE90031ED
:10634000CDE90232012102220223FFF73BFE8FBD7D
:10635000506F0120206F01202DE9F84391460C4633
:1063600030B1012C04D12648D0F81802484538D164
:10637000DFF88C80002600220027D8F8F00198F87A
:10638000CD1161B14368234206D043880132B5B2D2
:10639000AB4284BF1E46074624300139F1E7012C89
:1063A0000AD1D0B2022807D2D8F81C0220B100F0DE
:1063B00029F80020C8F81C029FB1B9F80410B0B247
:1063C00004398142C4BF301DA9F804003888A9F8F7
:1063D00008004846FFF7E2F8012C05D1C8F81892EA
:1063E00008E00020BDE8F883022C02BF786840F086
:1063F000080078607868A04378609320BDE8F8834F
:10640000506F012090F82610090758BF7047818B04
:106410000120FDF717BA000010B5D8B101460E48AB
:10642000D0F8D83100F5EC7218461B68934203D0BF
:106430001C8D8C42F8D910BD028D8A42FBD20246D7
:1064400052F8203F9A4205D0426A928B8A4238BF66
:10645000002010BD002010BD506F0120E01C81B253
:106460000898FFF793B8294605F085B82DE9F04F55
:1064700089B08C8817460A2C07D8042006210022F0
:106480003B46002400F0E4F823E00646086A89460B
:1064900041798279C379057A41EA022143EA0523E9
:1064A0001FFA81FB5B450DD309040BD090F80A80DD
:1064B00090F809A071883846049302F0A7F860B1FB
:1064C000952406E0012006215A463B4600F0C0F81C
:1064D0000024204609B0BDE8F08F386A07210596F0
:1064E00001710120ADF822005846FFF795FF002802
:1064F00000F0A9804AEA08210546A4F10B000097A4
:1065000080B2039121F00101079001914F4901F5FB
:10651000EC710291DDE904610298854200F08B8004
:106520002C4634F8283FB34200F28580BDF82200A3
:106530004A88121A042AC0F2808001980695B0F5A4
:10654000205F23D19B4574D805F1080301F096F82C
:10655000DDE90515039B6A8D93426AD1079A022AE9
:1065600014BF102A002864D128462346224650F83A
:10657000201F88421CBF686A00F11C030DF1220134
:10658000009800F074F8DDE9051552E0A84658F8C7
:10659000204FA0454DD044454BD0A2463AF81C0FA1
:1065A000584522D3B04246D894F8230001281CD184
:1065B00020460E46FFF776F8034601F05FF80546E1
:1065C0003046214601F054F82189039A8A4208BFD7
:1065D000002805D1E08B079A904208BF002D07D014
:1065E0002746049EDDE9051500E027463C68D2E712
:1065F00005984288BDF82200121A042A1DDB42F6D3
:106600000300814242F6030108D1049E2746246814
:1066100044451CBF20898842F8D101E02746049EEA
:1066200007F11C0300980DF12201524600F01FF8FB
:10663000D8E72D6870E7BDF82200009F022802D33A
:106640000430B88044E70A203DE700BF506F0120C6
:10665000B0B51C6A012525711C6A6171110A1C6A9A
:10666000E171A271196A087209209880B0BD70B5F5
:10667000064608881C4613460D460222043081B2A5
:10668000304602F02AF8288802222346811C063070
:10669000298081B2304602F020F828880230288014
:1066A00070BDB0B50C4691F827100088154602F071
:1066B0009FFE012D1CD194F82510CA0704D010F0BC
:1066C000600F34D0C20632D58A0744BF42B2002AD6
:1066D0003BD411F0040102D010F010021DD009B11A
:1066E000000734D494F82400022121EA4000B0BD10
:1066F000082D03D1C10644BF0420B0BD94F8251075
:106700000A070CD4CA0644BF42B2002A1DD411F0B5
:1067100020010ED010F010020BD10F20B0BD10F0F0
:10672000600F04D0082DEDD010F01002EAD1052042
:10673000B0BD09B100070AD4042D0AD0022D0DD135
:1067400094F8240080070FD510E00820B0BD0C207D
:10675000B0BD94F82400400706D507E0082D05D108
:1067600094F82400000701D40320B0BD0020B0BD80
:106770002DE9F04FD1B00546888814460F460B2806
:1067800018BF192826D1386A41798279C379007AED
:1067900043EA002B41EA02201FFA80F9CB4511D3CE
:1067A00000040FD0A9494DA81022FAF76BF949A9A6
:1067B000384600F04FF96988204601F027FF88B17C
:1067C00095250BE0012008214A462346FFF740FFAC
:1067D000002503E00420082100F038FF284651B0CE
:1067E000BDE8F08F4846FFF717FE002800F01C8137
:1067F00007464DA84FF0000805940895CDF808B05D
:106800000C3006900020019002200990904800F57D
:10681000EC700390002004900398874200F0F4800D
:10682000079737F8280F584500F2EE8009986988D5
:106830005FFA88F580B2081AA842C0F2E480079E89
:106840000698022206F12A01FAF71CF94DA849A977
:106850001022FAF793F9002800F09580344654F896
:10686000207FBC4200F09980089DA74200F09680EE
:10687000BA463AF81C0F4845C0F08380584500F2EC
:10688000C38097F8230007F10801012804D1069876
:106890000222FAF7F7F84DA9084649A91022FAF79B
:1068A0006DF900286DD12846394600F0E1FE5FEA17
:1068B000086101D0698812E0002840F0C180FA8B9D
:1068C00002F1020811460492FD2A88BF4FF0FF38FA
:1068D00069885FFA88F28B1E9342B8BF9846099A7E
:1068E0005FFA88F592B2891AA942C0F28C8000281A
:1068F00040F089800498F98B80B2814240F0838017
:1069000008988079000710D497F8260040070CD526
:10691000019ABAF800000DF12A03D1B2013223F82E
:106920001100D0B201927C286DD84E46DDF824903B
:10693000C346DDF814800222534609F1040081B2F7
:10694000404601F0CAFEA246089C38462146FEF7A2
:10695000A9FE034609F1060081B2A81E82B2404694
:10696000D84601F0BAFEA9446188DDF808B01FFAE4
:1069700089F0CDF82490B146081AA842254654461D
:1069800042DB3F6871E765B1042D18D0122D3AD172
:106990000798089D90F82C000CE0089D059C079F27
:1069A0002FE00798089D90F82C00012802D14FF0A5
:1069B00004080CE04FF01208022808D024E00798E1
:1069C0004FF00408089D90F82C0001281CD109986C
:1069D000C24602223B468046043081B2204601F086
:1069E0007CFE08F10600079F81B2AAF1020007F1C0
:1069F000080382B2204601F070FED044CDF8248016
:106A0000D0463F6808E7089D0998059C80B2032896
:106A10000AD30199080609D0C9B20DF12A02284605
:106A200000F036F86925D9E60A20CCE6206A09216B
:106A30000171206A80F8058009980430A080C7E6BB
:106A4000BAF800200821059BC0E600BF28D804083A
:106A5000506F0120B0B5054680880C460B280DD13B
:106A60000A4920461022FAF70DF804F10C032846D3
:106A700009210222BDE8B04001F00FBE28460921DD
:106A800010222346BDE8B04001F007BE28D8040814
:106A9000B0B500F0E0FD014668002346C2B2012017
:106AA000BDE8B040FCF78DBE2DE9FC410646888864
:106AB0001446072821D1086A00F0D5FD85B2284682
:106AC000FFF7AAFC18B30146008DA8421AD1206A2C
:106AD0000B2201F1080302711022204691F82C507C
:106AE000012D08BF0222052101F0F7FD1120012D23
:106AF00008BF03200430A0800EE004200A2100F02B
:106B0000A5FD0AE001AA2846FFF74DFA40B1012091
:106B10000A212A4600F0AFFD00252846BDE8FC8189
:106B20000199304600F0A4FD0028F1D1019991F8B7
:106B30002600400708D5B079000705D4304600226A
:106B400000F024F86925E8E77188204601F05EFD31
:106B500008B19525E1E7206A0B21017101983146C2
:106B6000B6F80280C78BFEF79DFD0346A8F1010031
:106B700080B2B84238BF074620463A46052101F0A8
:106B8000ACFD781C81B28142B4D0C0E7B0B500F052
:106B900062FD0146AA8B01202346BDE8B040FCF708
:106BA0000BBE2DE9F843064688881446092812D101
:106BB000086A4179827990F80780077A41EA0220D1
:106BC00085B22846FFF728FC78B10146008DA8421F
:106BD00006D10B200AE004200C2100F037FD0AE06A
:106BE0006A462846FFF7DFF940B101200C212A460A
:106BF00000F041FD00252846BDE8F88300993046A5
:106C000000F036FD0028F1D100997288C88BD31EA0
:106C10008342DEDA48EA07271FFA87F8804501D960
:106C20000720E3E791F82600400708D5B079000770
:106C300005D430464246FFF7A9FF6925DBE7204629
:106C4000114601F0E3FC08B19525D4E7206A0D2137
:106C500001710098C18BB6F80290C91B8FB2314602
:106C6000FEF720FDA9F1010100EB080320468EB2DA
:106C7000B74238BF3E463246052101F02EFD4FF6A1
:106C8000FF708642B1D0701DA080B3E72DE9F04FB0
:106C9000C3B0054688889346092801D3C0070AD1A6
:106CA00004200E2100225B460025FFF7D1FC284678
:106CB00043B0BDE8F08F0E466988584601F0A6FC47
:106CC00008B19525F3E7B0880DF5857901240538DD
:106CD0001FFA80F80020019001201FFA80FAC245B7
:106CE0005AD2043002224B4681B2304601F0D5FC24
:106CF000BDF80A01FFF790FB002849D00146028D3C
:106D0000BDF80A0182420CD16888A2B290423CD9F7
:106D100091F82C20102701F10803012A08BF02274F
:106D200027E041AAFFF73FF990BB4199284600F0C0
:106D30009FFC00283ED1A0B26988814225D9A8795C
:106D4000000741980FD490F8261049070BD5019BF6
:106D5000818B0DF10A07DAB2013327F81210D9B28C
:106D600001937C2918D82946C78BFEF79BFC034664
:106D70006888001B80B2B84238BF07463A46201DDB
:106D800081B2584601F0A9FC3C440AF10200A4E794
:106D9000BDF80A2101200FE0A0B2022810D301990A
:106DA00008060FD0C9B20DF10A022846FFF770FE9F
:106DB00069257CE7BDF80A210E215B46FFF748FCF8
:106DC000002574E7DBF820000F210171201DABF8CE
:106DD0000400F5E72DE9F04F87B080468888924699
:106DE0000B2818BF19283FD1086A42798379C479E2
:106DF000007A44EA002942EA032085B2A9452BD350
:106E0000000429D00DF10A0708463946FFF722FE93
:106E100007F10C010DF11A000222F9F733FEBDF85B
:106E20001A0020F00100B0F5205F28D1564800F587
:106E3000EC7637463F68B74200F0A380388DA84211
:106E4000F8D3002F00F09D80B8F80210504601F0F2
:106E5000DDFBB0B195250EE0012010212A465346F6
:106E6000FFF7F6FB002506E0042010210022534620
:106E70000025FFF7EDFB284607B0BDE8F08F102096
:106E8000EBE700204FF0000B0190B74271D03C4679
:106E900034F8280F48456CD8BDF81A10788D884210
:106EA00065D15FEA0B400FD1DAF8200011214FF0D5
:106EB000020B0171142197F82C00012808BF06214C
:106EC000DAF82000019141711FFA8BF0B8F8021036
:106ED000081A042850DB019880B2142806D006282E
:106EE0004AD197F82C00012804D045E097F82C00EF
:106EF000022841D10BF1040002222346009081B206
:106F0000504601F0EAFB384650F8201F884207D06F
:106F10000BF10601786A022200F11C0389B204E039
:106F20000BF106000222234681B2504601F0D5FB48
:106F30005946B8F80200DDF800B007F10803A0EBED
:106F40000B0084B20198043880B2A04238BF0446D6
:106F500001F10800224681B2504601F0BEFBA34475
:106F6000B8F802101FFA8BF0081A042801DB3F68FA
:106F70008BE75FEA0B4004D00BF10400AAF8040091
:106F800070E70A2069E700BF506F01202DE9FC413E
:106F9000054688881446072802D2002704201BE0F3
:106FA000086A0E4602234179807901AA41EA002746
:106FB0002846B9B200F046F870B9B0880199A0F13E
:106FC000070891F8220008B1088C00E0C88B1FFA6E
:106FD00088F2824207D90D20BAB2122100F04BFB91
:106FE0000020BDE8FC8191F8260080070ED5A87925
:106FF00080070BD44FF400301FFA88F2334600901C
:10700000284600F03CF86920BDE8FC810846294686
:10701000FEF748FB07461FFA88F2304607213B4639
:1070200001F03BFB019991F8220008B1A1F81E8004
:10703000206A1322027105203A46A080284600F0FB
:1070400032F8CDE7F8B5064608461C4615460F4609
:10705000FFF7E2F950B10146008DB84204BF0320AA
:10706000F8BD38462A46FEF79EFF08B10120F8BD5C
:10707000296830462246BDE8F840FFF712BB7CB5D0
:1070800015460E464168069A1C4611434160FDF7BD
:10709000C5FF0146E8B2B28B0323CDE9000401200D
:1070A000FCF794FB7CBDB0B50D4691F82610C907DE
:1070B00008BFB0BD1446FDF7B1FFEA8BA98B23468C
:1070C000BDE8B040FCF7C2BB2DE9F04385B00746F0
:1070D000084615460C4601F0A3FB8146A088092806
:1070E00002D20026042015E0206A0223417980792B
:1070F00004AA41EA00263846B1B2FFF7A3FF48B917
:10710000DFF8B0802C49B8F80C02C97F48448842A7
:1071100009D90920B2B216212B46FFF799FA0020AF
:1071200005B0BDE8F083049E96F8260080071FD5C1
:10713000786881031CD4216A40F40030257991F8E5
:10714000078091F8089078603846FDF767FF0146A0
:10715000A5F109000523B28B0294C0B2CDE900303D
:1071600048EA092083B20120FCF744FB6920D7E7F5
:10717000A088043881B2284601F048FA08B1952069
:10718000CEE72846214601F0C7FA286A1721017187
:1071900008F5FE70214601F05BFB08F50170214601
:1071A00001F046FBB8F80C024844A8F80C0267202E
:1071B000B6E700BF506F0120206F01202DE9FE4F80
:1071C000009088889046062828D1534F0E46096AB9
:1071D00000200DF1040B91F805A001900290D7F862
:1071E000049207F50174B9F1000F20D04D46D9F88B
:1071F0000090308929898142F5D12046294601F045
:1072000027FB284601F00CFBB7F80C12081A294698
:10721000A7F80C02584601F00BFBE4E70420182104
:1072200000224346FFF714FA0020BDE8FE8FD8F88D
:107230002000192101710520BAF1010FA8F80400FE
:107240002DD1019DF5B1286A2C6800F00CFA86B2A8
:10725000304600F063F8C0B12A6AA988D379127A5F
:10726000093943EA022290F822300BB1008C00E089
:10727000C08B90420BD989B2254611448142E1D995
:107280000D2005E04FF0010A09E0012000E0072091
:10729000182132464346FFF7DBF94FF0000A019D03
:1072A000002DC1D02C68BAF1010F30D1286A00F04E
:1072B000DAF91FFA80FB584600F030F800990646CC
:1072C000FEF7F0F98146286AC179007A41EA002781
:1072D000A8880921A0F1090828461FFA88F209EBBD
:1072E000070301F0DAF996F8220010B108EB070065
:1072F000F0831CB1206A00F0B6F900E0002080B2F3
:10730000834504D0009831464A46FFF7CCFE284614
:1073100001F056F92546C3E7506F0120BCB505467C
:10732000FFF77AF8002440B1014601AA2846FEF78B
:107330003AFE0199002808BF0C462046BCBD2DE945
:10734000FE438146086A0D4608260F210779522F11
:1073500008BF042608BF0321AB88043B8B420EDB29
:107360004179807941EA0024200408D04AB1D22F23
:1073700007D1B9F80000294604F0B0F808B1BDE81B
:10738000FE83A1B202AA48463346FFF75BFE0028FF
:10739000F5D14FF6ED70522F08BF4FF6F970A9885E
:1073A0004718029991F82200BEB208B1088C00E09B
:1073B000C88B8642E3D891F8260080070DD599F84E
:1073C0000600400709D44FF4802032462B46009037
:1073D0004846FFF754FEBDE8FE8308464946FEF7DF
:1073E00061F98046284607213246434601F055F9A7
:1073F000029991F8220000B1CF8348464246FFF738
:1074000052FEBDE8FE8300002DE9F04F85B08346B3
:1074100088881446092815D1086A41798279C37988
:10742000007A43EA002741EA022085B2AF420ED338
:1074300000040CD0BBF80210204601F0E7F888B138
:1074400095250BE00420042100F000F906E001205E
:1074500004212A462346FFF7FBF80025284605B0FD
:10746000BDE8F08F28460394FEF7D6FF002800F011
:107470008C8006464C480024CDF804B000F5EC7032
:107480000290002002998E427AD0334633F8281FAA
:10749000A94228BF8F4201D2A24623E0A1B200290F
:1074A00004BF01200224BBF80220A1B2511A042912
:1074B00071DBC1B201296ED104F1040ADDF80C8040
:1074C00002221FFA8AF1404601F007F9A01D06F1D9
:1074D0002A03022281B2404601F0FFF8318D0120DB
:1074E0008F424ED006F120094C4624684C4544D0CA
:1074F000A18BA942F9D3B94243D81FFA8AF294F872
:107500002380049662B1C1B2884543D1BBF80230F2
:107510009A1A042A07DB012905D14FF0010808E077
:107520004FF0020A05E0122A34DB022932D14FF073
:107530000208DDF80CB00AF1040604F11C03022273
:10754000B1B2584601F0C9F80AF1060004F1080387
:10755000B8F1010F81B2584605D1022201F0BDF801
:107560000120B24605E0102201F0B7F80AF1120A34
:107570004046DDF804B0049EB7E73668544681E71C
:10758000A2465FEA0A41544605D10A2004212A4650
:10759000039B60E75446039B0522196A0A71196A26
:1075A0004871201D988058E7506F012010B514468F
:1075B0008A88072A10D143689A051ED4096A4A7935
:1075C000897942EA0121172904D3134AB2F8CE215E
:1075D000172A07D2172208E004200221002200F017
:1075E0004AF816E0914238BF0A4643F400714280DF
:1075F000416001880120FCF717F9206A032101711D
:107600000549206AB1F8CE114171090A817107203C
:10761000A080002010BD00BF506F012070B5049CF9
:107620009CB116460546206A0A0A41718271F01E15
:10763000072182B2204601F050F8301DA0801D20A5
:10764000012D08BF1B20216A087170BD002223464E
:107650000025FEF7FDBF0D464168144641F40021A8
:107660004160FDF7DBBC4179807941EA0020704739
:107670000122FFF716B82346FEF7EABF48460B2162
:10768000079A00F0E8BF00002DE9F0438FB0804674
:107690006648DFF8A09117460D460DF12A021E46F6
:1076A000099063480092092208904FF4C05099F85D
:1076B0003710ADF82C0099F83400002908BF0722D4
:1076C0000BA9104401220124C3B20120FEF764F883
:1076D000002858D1BDF82A0000218DF80640ADF8E9
:1076E00018508DF81E408DF81B103880ADF804003E
:1076F0004FF42850504FADF8080040F20170ADF83B
:107700001C00788D40074FF0020058BF0A208DF80A
:107710001A000AA801A9FEF7D1F8A0BBBDF82810ED
:10772000BDF82A00082D318008AE009628BF082534
:1077300000222B460024FEF753FA20BB02208DF8CE
:107740001E40ADF8180042F60120ADF80800788D13
:10775000C0054FF00A0058BF02208DF81A000AA891
:1077600001A9FEF7ABF870B9BDF8281016980022F1
:107770000223018000200096ADF82000BDF82A0009
:10778000FEF72EFA18B197200FB0BDE8F0835FEA3C
:10779000C87026D199F8370008B3002001248DF86D
:1077A0001E008DF81C000220ADF818408DF81A005C
:1077B00042F6A620ADF808000AA801A9FEF77EF857
:1077C0000028E0D1BDF82810BDF82A0000220123CE
:1077D0008DF820400096FEF703FA0028D3D1002050
:1077E000D2E700208DF81C0002208DF81A00082036
:1077F000ADF8180042F60420ADF808000AA801A967
:10780000FEF75CF80028BED14FF0FF30BDF828101D
:10781000002208230096089008480990BDF82A0025
:10782000FEF7DEF90028AED1B4E700BF325742219F
:1078300053544D33506F0120206F01200000FFFF93
:107840002DE9F04F8BB00027019206460D46CDE999
:107850000977CDE9077707A8E4F7C0FA3A4C06F1B3
:107860000809ADF80C7003AE42F6011ACDF8089085
:10787000D9F800900298814552D0B8B209F1280198
:1078800000F0BAFBBDF80C0009F12A0100F0B4FBCE
:10789000BDF80C0099F82C10102233460129284419
:1078A00009F1080108BF0222A04709F12008474654
:1078B0003F68474531D097F823000128F8D1BB46EF
:1078C0003BF8080FA0EB0A0105290BD2BDF80C000C
:1078D00007F11C0100F09EFBBDF80C00594600F0BA
:1078E00099FBE5E742F60201411A022902D3B0F5FD
:1078F000245FDDD1BDF80C0007F11C0100F07CFB1A
:10790000BDF80C00594600F077FBBDF80C00B969D2
:10791000FA8B33462844A047CAE7BDF80C70A7E7A6
:10792000B9B22846B1F5287F28BF4FF4287103AEBD
:107930003246E4F75EFA01983146102203F0A1FEC8
:107940000BB0BDE8F08F00BFDD7F03082DE9F04FDD
:10795000ADF5337D83464FF42870DFF8A8540C460C
:107960000390012048804FF0FF300880688D00F0C0
:107970002200202808D1DFF890040DF1220104AA8A
:1079800000F5E870FFF75CFFBBF800000DF1220A7C
:1079900003A9524601F017FD002840F02E82688DA1
:1079A000810610D40398042814D30AEB00014A1E60
:1079B00000210B1D10D0535C0B2B0DD14318013946
:1079C000013B0393F5E7800700F1D4810398102869
:1079D00080F0D281972010E2CDF804B000EB010BCB
:1079E000DFF824044FF00008B1AE4FF0000E00F5B0
:1079F000EC7002901FFA8EF90DF2C2200222754639
:107A00000AEB09073946F9F73DF8BDF8C2023146DD
:107A1000B2AA00F0FBF9022807D001280DD15FEAD5
:107A2000086030D0AE46012077E15FEA086059D0A7
:107A30004FF001080120AE466FE1BDF8C212208868
:107A4000AE46884228BF084620806088884288BFAA
:107A5000014609F1020061801AF8001001290FD1D6
:107A6000F9783A7941EA022142F6293289B2914203
:107A700000F0D58042F60212914208BF8646D0E05F
:107A80000EF1130ECFE0DDF8C4A2384602220AF14F
:107A900028084146F9F772F809F10209002841D196
:107AA0000DF1220010F809109AF82C00884239D103
:107AB00001280CD1F91C0AF108000222F9F75EF83E
:107AC000002800F053810DF1220010F8090002286F
:107AD00028D1F91C0AF108001022F9F74FF8AE4638
:107AE00008BB2EE0B19E97F802803846022206F1CC
:107AF0001C094946F9F742F80028AE4640F0A68036
:107B000096F82300404540F0A180F91CB8F1020F1F
:107B100000F09480B8F1010F40F0988006F1080061
:107B200002228EE0AE46B8F800102088884238BFA6
:107B3000014621806088B8F80010884288BF01465D
:107B400061800DF1220111F8090001284FF01300A6
:107B500008BF052086441FFA8EF9CB450AD949444F
:107B60000DF2C22002227546F8F78CFFAE464FF0A8
:107B7000000801E04FF001080021CB4598BF01212A
:107B8000BDF8C2220298824554D0AAEB00000AF147
:107B90002003B0FA80F01F464FEA501C3F689F4216
:107BA00017D0BE8BB24208D84FF000054FF000004E
:107BB00038BF01250D40012D2ED12088B04238BF9D
:107BC000064626806088BD8BA84288BF0546658032
:107BD000E4E7DAF800A002988245B1AED2D0BAF854
:107BE0002800824206D84FF0000338BF01230B4023
:107BF000012BC7D12388834238BF18462080BAF8AA
:107C000028306088984288BF03466380CB45B9D945
:107C10004FF0000860460EE00DF1220A7CE00EF104
:107C2000010E0EF1050E1FFA8EF90120CB4598BF0B
:107C3000804672E001200DF1220A6EE006F1080094
:107C40001022F8F79BFFAE4600287CD0B9F8001050
:107C50002088884238BF014621806088B9F800102A
:107C6000884288BF014661801320B8F1010F08BF28
:107C7000052086441FFA8EF9CB450BD90AEB090182
:107C80000DF2C22002227546F8F7FCFEAE464FF018
:107C9000000801E04FF00108BDF8C2123368B29A43
:107CA000029882424DD0101A02F12007B0FA80F0FB
:107CB0004009BB4213D09E8BB14203D8CB4598BF3D
:107CC000B14228D22588B54238BF2E462680658825
:107CD0009E8BB54288BF2E4666801B68E9E7126816
:107CE000029B9A423B46DBD0178D136AB9420DD9ED
:107CF0002588BD4238BF2F4627806588168DB5423E
:107D000088BF2E466680CB45CAD905E0CB4598BFD3
:107D1000B942C5D2ECE70020B1AECB454FF000012F
:107D2000ABEB090298BF0121042A4FF0000238BFD3
:107D3000012200283FF45EAE51EA02003FF45AAE41
:107D400054E00120E8E706F108014046FDF798FC01
:107D500070B130460199FDF7A5FC791D328CF8F71A
:107D600091FE308CAE4600EB050E7DE7AE46E8E6B0
:107D7000AE4679E700270DE004A80DF1220110229C
:107D80001027F8F7FBFE28B14FF6FF701027608030
:107D9000012020800DF531780DF53279FD1C039816
:107DA000854223D80DF122014A4601EB070AC85D3E
:107DB0009AF8011040EA0120414680B200F026F80E
:107DC00002282F46EAD1B19E96F8230006F1080159
:107DD000FDF756FC00282F46E0D030465946FDF707
:107DE00061FC9AF802102F460170D7E7618822885B
:107DF00000208A4288BF6FF06E00C0B20DF5337D5F
:107E0000BDE8F08F206F0120506F0120F0B50F4BBF
:107E100003F5EC731C4624689C4204BF0020F0BDAF
:107E2000258D85420DD004F1200514602E4636685C
:107E3000AE42F0D0B78B874202BF0E600220F0BD89
:107E4000F5E701200C601360F0BD00BF506F01200A
:107E50002DE9F04FADF5337DCDE9031000205C4EE8
:107E6000ADF816005B48D6F8D871408D00F02200BE
:107E700020280FD10DF12A0406AD06F5E870611C2B
:107E80002A46FFF7DDFC0DF1160320462946102295
:107E900000F0A4F8DFF8409106F5EC7097240DF19E
:107EA0002A080DF1160A01900198874271D04948BD
:107EB000408D800617D4BDF8160007F12801022274
:107EC00000F09EF8BDF8160007F12C01012200F029
:107ED00097F8BDF8160097F82C1000F094F808BF3A
:107EE0000222C847044607F1200B02975F463F680D
:107EF0005F454BD03748408D800617D4BDF816003B
:107F000007F11C01022200F07BF8BDF8160007F112
:107F10002301012200F074F8BDF8160097F8231031
:107F200000F071F808BF0222C847044697F8230002
:107F300007F10801FDF7A4FB0028D8D038460499C2
:107F40003D8CFDF7AFFB23490646BDF81600498D71
:107F50004044890602D431462A460AE007F11C0152
:107F60000222534600F03AF8BDF8160031460122CD
:107F70004044534600F032F8044603980028B6D037
:107F8000304600212A46F8F7C3FDB0E7029F3F685C
:107F90008AE7CCB90F48BDF81610408D80060CD486
:107FA00088070AD021F0030208EB0100141D611AB2
:107FB0008AB20B21F8F7ACFD2146049889B20DF185
:107FC0002A02008801F0D4F90DF5337DBDE8F08F69
:107FD000506F0120206F0120DD7F030810B51C8841
:107FE00014441C80A3B2B3F5287F84BF912010BD38
:107FF000F8F748FD002010BD0222334628442047F0
:10800000534640444847102253460129404407F153
:1080100008017047022233462844FFF7DFBF000003
:1080200080B504490C22897F03F041FB0249C867EF
:1080300080BD00BF206F0120506F012070478B88EA
:108040000A6A043B13701B0A5370020A0B6A987089
:108050000220DA7088720846FBF750BDF8B5044676
:1080600000890DF1030100F04FF8002841D0A77AF4
:1080700005468068022F06D178B1E9889526042943
:108080002CD3012212E030B3A18849B1EA8811440F
:10809000E980214600F04EFB02E0A088AC60E88059
:1080A000E988042915D3A86800260022036A1B88E2
:1080B00004339BB2994211D80FD1818000F03CF873
:1080C000E8B1A868A04202D10020E880A860952607
:1080D00013E000260AE0002600E03AB10120022168
:1080E0002A46FBF783FA284600F080F82EB9012FC4
:1080F00003D1204600F064FA00263046F8BD002087
:10810000E880A860F2E70000B0B502460848094BD5
:108110009C7FC06F00239C4204BF0020B0BD058837
:10812000954204BF0B70B0BD0C300133F3E700BFC4
:10813000506F0120206F01201CB50446006A408862
:10814000062807D0052809D0042809D12046FCF7C5
:10815000A1FE1CBD204601F093F81CBDA07920B102
:10816000204600F02DFA00201CBD20890DF10701EA
:10817000FFF7CAFF0028F3D0216A087913281AD024
:1081800012281ED0012822D19DF80700164B00EBC3
:108190004002DB6F03EB820293789B07E0D51279F4
:1081A00049798A42DCD100F04FF82189002022462B
:1081B000FBF74AFAD4E79DF80700214600F02EF9B4
:1081C0000EE09DF80700214600F052F908E09DF806
:1081D00007000022497900230092002200F0B9F83C
:1081E0000028C1D1BCE700BF506F012010B5044684
:1081F000806820B100F0E4F90020E080A06010BDAC
:10820000FFF79ABFBCB50C4605460DF107010020EB
:10821000FFF77AFF30B101210580C170B4FA84F113
:1082200049098170BCBD1CB50DF10701FFF76CFF5A
:1082300040B10446FFF7DAFF9DF8070000F004F8AC
:10824000002020801CBD0000B0B504460748C56F63
:1082500004F58060E3F725FE04EB440005EB8000A5
:10826000817801F0F1018170B0BD00BF506F012035
:1082700070B505460B481446C66F05F58060E3F7F8
:1082800000FE05EB450006EB80008178C2782143B3
:10829000027141F0020181702846BDE8704000F093
:1082A00003B800BF506F0120064900EB4000C96FC2
:1082B00001EB8000C1780131CAB28A4218BF0122A5
:1082C000C2707047506F0120084900EB4000CA6F30
:1082D00032F8201041B102EB8000827802F0F10206
:1082E00082700120FBF7C0B9704700BF506F0120BA
:1082F000F8B50C46124900EB400016461D46C96F02
:1083000031F820100120052C08BF0220043292B25F
:1083100000F020F978B1042132462B46074600F0E0
:10832000DCF920463946FFF78AFE30B1044638466C
:1083300000F046F902E0642400E000242046F8BD85
:10834000506F01200B46498804318AB20521FFF79E
:10835000CFBF1FB5ADF80C300223069CADF80A2044
:10836000022AADF80E4008BF0623ADF80830090216
:108370000131ADF806100DF10601FFF7E3FF04B07F
:1083800010BDF0B585B00C460DF113011E46154623
:10839000FFF7BAFE01469220B5F5486F08D8062CC3
:1083A00006D329B19220AC429CBFB2087C2A01D9E5
:1083B00005B0F0BD0A9A922040F67647A2F10A0372
:1083C000BB42F5D8731C97006B43BB42F0D888784A
:1083D000800701D00C20EBE70820ADF81020ADF8A5
:1083E0000E60ADF80C50ADF80A40ADF80800C87842
:1083F0000DF1060100021230ADF806009DF81300E1
:10840000FFF7A0FF0028D3D19DF8130047F23051A9
:108410000422FFF72DFF0020CAE700001CB5134A15
:108420000C4600EB4001D26F02EB81029378D90732
:10843000216A497901D15B0708D400220023009208
:108440000022FFF786FF044620461CBD12799142A8
:1084500009D1FFF7F9FE206A218900240289002052
:10846000FBF7CAF8F0E70024EEE700BF506F0120E9
:10847000F8B5154B0A4600EB4001DB6F03EB8107B3
:108480003E4616F8021FCB06136A5C790CD4C90766
:108490000FD0118900200025FBF7BCF830787C71E3
:1084A00040F0100030700CE07979A14201D1002534
:1084B00007E000210022002300912146FFF749FF39
:1084C00005462846F8BD00BF506F012070B5084D25
:1084D00024220446298C03F0EAF8064E0422B067F1
:1084E000288C013081B2204603F0E1F8706770BD3E
:1084F000206F0120506F012010B5154A0124134848
:108500000021938CA0F86810118C927F2333A0F87F
:10851000701004EB5314A0F86640022404EB5313CC
:108520005A430132A0F8642071B1836F0122446F75
:10853000914244F8223005D003F1240401321C6238
:108540002346F4E70020186210BD00BF506F0120E1
:10855000206F012070B50E46054602F11F00012173
:10856000144601EB5011284600F006F810B10681C0
:108570008571848070BD0000B0B50C46054600F0E2
:108580002DF9A0423CBF0020B0BD0C4800EB4501D6
:10859000B1F86A202244A1F86A20426FB0F8701046
:1085A000091BA0F8701089B202EB810040681EBF61
:1085B00052F8211000220A62B0BD00BF506F0120A6
:1085C000817900F001B8000070B50F4AB2F8703040
:1085D0001BB1546F54F8234020621C4640B1013453
:1085E000556FA6B2A2F8704045F82600006AF5E77C
:1085F00001F00301181B02EB4101B1F86A2010449D
:10860000A1F86A0070BD00BF506F0120F8B50D1DC4
:108610000446006A0021AAB2064668B12031074626
:10862000006A8BB23E469342F7D378B1A179FFF747
:10863000CBFF0020386209E088B2101A1F30C0F367
:108640004F11A079FFF798FF18B130620020A58084
:10865000F8BD9120F8BDF8B51D4614460646200425
:1086600004BF0020F8BD366AAEB188B2202801D31D
:108670002039F4E7C1F12001A7B2304489B2B942F0
:1086800038BF0F4629463A46F8F778FA20B9E41B76
:108690003D440021E3E7A0B2F8BDF8B51C461546FD
:1086A000064614E088B2202801D320390FE03218A2
:1086B000C1F12000AFB280B21146B84238BF0746C0
:1086C00020463A46F8F7DEF9ED1B3C440021280429
:1086D0001CBF366A002EE5D1F8BDF8B51C4615461C
:1086E000064613E088B2202801D320390EE0C1F1FC
:1086F0002001AFB2304489B2B94238BF0F4621469B
:108700003A46F8F7BFF9ED1B3C44002128041CBF92
:10871000366A002EE6D1F8BDB0B50C4605462D6A86
:108720003DB1246A2CB1284621462022F8F7AAF947
:10873000F5E7B0BD2DE9F04F89B08046026A1046DA
:10874000126A002AFBD10A6A0262B8F804308A88E9
:10875000D418A8F80440002413F01F050C628C8084
:108760002AD002F01F010DF10409DFF854A0C5F171
:1087700020070091A9EB050101F1200B016A0446D5
:10878000484620220E46D047601949463A46D0470F
:10879000304659462A46D047316A30460029EED144
:1087A000009848B12844202806D898F8061030468A
:1087B000FFF70AFF0020206209B0BDE8F08F00BF7C
:1087C000850A030810B52330012101EB5014012064
:1087D00000F004F8B0FBF4F010BD000010B50F4934
:1087E000B1F87020BAB1B0FA80F35B0901EB430332
:1087F000B3F86A40B3F864301B1B23EAE373D21A60
:10880000022809D0B1F86E00B1F86810081A20EA01
:10881000E070121A00E0002290B210BD506F0120EB
:1088200000210A460131006A0028FAD190B270474F
:1088300000220A600268002A024618BF42681160DE
:108840004160704702680A6002B941600160704788
:1088500003688B420AD01A461B688B42FBD10B6817
:10886000136043688B4208BF426002E00968016000
:1088700001B17047002141607047E3F784BA1CB52D
:108880000B465021002200240091002102F0D4FF69
:10889000033008BF5C2420461CBD2DE9F843144674
:1088A0008946064639B1707900F0C0004038B0FA08
:1088B00080F0450900E0002504F11E0704F13E08A0
:1088C0000021C8B22146FFF7DAFFB0B925B138461A
:1088D000314602F0BAFE0AE06078012100F00100A2
:1088E0004845EED1404631460622F8F747F90121C6
:1088F0000028E6D10020BDE8F8835C20BDE8F883BD
:10890000BCB500244FF0FF350020C0B2002100228A
:108910000023009402F090FF033005F101054FF0B1
:108920000100F2D1E8B2BCBD2DE9FF4101AE88469D
:10893000054600210C24771CC8B2012100223346D1
:10894000009402F079FF03300CD038462946062205
:10895000F8F714F901210028EED10398C8F80000B7
:10896000002001E06FF0020004B0BDE8F08170B5B6
:1089700096B00446407802AA04F13E0600F00101D8
:108980003046FFF78AFF68B16078102859D3002578
:1089900000F00AF9411C4FD0043052D1002000F001
:1089A00052F84EE002AD204650222946F8F7E6F88C
:1089B000002846D000F0FFF89DF80B10E0788842C0
:1089C000E2D16078C1060ED49DF80910C9060AD517
:1089D00004F1440005F144010222F8F753F86078ED
:1089E00040F010006070810614D49DF809108906CB
:1089F00010D504F11E0005F11E011022F8F742F80F
:108A000005F13E0130460622F8F73CF8607840F068
:108A1000200060704006BAD49DF809004006B3D526
:108A200004F12E0005F12E011022F8F72BF86078E2
:108A300040F040006070AAE7032002F087FF00F0DA
:108A4000B3F816B070BDE0B58DF807000DF1070260
:108A500003200121FAF7CAFD8CBD2DE9F0419CB03D
:108A60001C4617460D46064691B1707900F0C000CD
:108A700040280DD10DF10808304629464246FFF73F
:108A80000CFF002867D108F13E010DF16A0002E0F9
:108A90000DF16A0031460622F7F7F4FF0DF16A0086
:108AA00019A9FFF741FF58B91998B84206D1BAB2CF
:108AB0000C20214602F028FF00284ED000F07BF861
:108AC000FE209DF86B109DF86C209DF86D30189776
:108AD000BFB28DF858009DF86A0000978DF85B20B2
:108AE0008DF85C308DF85A100C2223468DF8590011
:108AF0009DF86E008DF85D00FF208DF85F009DF8F9
:108B00006F008DF85E0016A9012002F0E7FD20B38A
:108B1000411C05D004301ED10120FFF794FF1CE05A
:108B200002AA30462946FFF7B8FE0546032002F0A8
:108B30000DFF45B9002050220023009002A900201B
:108B400002F0CCFD38B9009716A901200C2223466B
:108B500002F0C4FD08B1972000E000201CB0BDE881
:108B6000F08170B596B002AE15461C463246FFF74E
:108B700094FE28B906F13E0001A9FFF7D5FE10B119
:108B80005C2016B070BD29680198884201D99820F0
:108B9000F7E7286080B201210C22234600900220D2
:108BA00002F04AFE0020ECE700202146502200237C
:108BB000009502F093BD022002F0C8BE2DE9F041FD
:108BC0008EB0054603200DF104080E4614460DF143
:108BD0001601ADF8160000204346ADF81400144805
:108BE00005AA183000F026F80AAF002110223846F6
:108BF000F7F78EFF384631460822F7F743FF06AEF7
:108C0000404639463246E3F7D9F80DF102003146C5
:108C10000222F7F737FF9DF8021028789DF803200D
:108C2000484020706878504060700EB0BDE8F08118
:108C3000506F01201FB500240394CDE901440C7846
:108C400049788DF80110117852788DF800408DF830
:108C500002108DF8032069461A46E3F7AFF81FBDEE
:108C6000F0B585B001AF1546064608221C4607F14F
:108C70000800F7F707FF384629460822F7F702FFF2
:108C8000304639462246E3F799F805B0F0BD0000BA
:108C90002DE9F04188B0804604AE254F14460D46BC
:108CA000072206F1090008F11701B847B01C08F1C6
:108CB00010010722B847701C08F125010122B847AE
:108CC00008F11E0130460122B84700206F461028E7
:108CD00005D0295C325C514039540130F7E74046F9
:108CE00039462246E3F76AF806F10C000021042217
:108CF0000025F7F70DFFB01D08F11F010622F7F759
:108D0000C1FE08F1260130460622F7F7BBFE102D02
:108D100005D0605D715D484078550135F7E76946DB
:108D200040462246E3F74AF808B0BDE8F08100BFAC
:108D3000850A0308E0B50B46014600200DF1060246
:108D4000ADF8060002480830FFF774FF8CBD00BF85
:108D5000506F0120E0B50B46014601200DF10602DF
:108D6000ADF8060002480830FFF764FF8CBD00BF75
:108D7000506F0120E0B5034601200DF10601ADF86A
:108D800006000020ADF80400024801AA1830FFF7E1
:108D900051FF8CBD506F01202DE9F0419AB00DF1CB
:108DA0002708124F15460E46014620221C46404613
:108DB000B84708F1200031462022B8478DF86740B7
:108DC0000DF11704294610222046B8470DF107057A
:108DD0002046414641222B4600F00AF820982946B9
:108DE0001022B8471AB0BDE8F08100BF83B603086F
:108DF00070B51C4615460E46E2F7F0FF3046294690
:108E00002246BDE87040E2F7F4BF00002DE9F04FC4
:108E1000A3B00DF1540B0D460646352199469246F6
:108E2000584602F011FF0120264C314620228DF8D1
:108E3000870065208DF8580046F67440ADF856005E
:108E400062208DF8550009AF3846A0470DF144085F
:108E50001D481E4E394620224346B0470BF10500FF
:108E600029461022A0470BF1150051461022A047B9
:108E70000BF126002C9906228DF87990A0472D98A9
:108E80002E9906228DF880000BF12D00A04705AD2C
:108E90004046594635222B46B0472F982946102286
:108EA000A0470120594635228DF8540001AD4046B7
:108EB0002B46B047309829461022A04723B0BDE882
:108EC000F08F00BF83B6030838D80408F18D03087B
:108ED0002DE9F0419AB00DF127041D4D174680464B
:108EE00010221E462046A84704F1100039461022E1
:108EF000A84704F1200031461022A84704F13000B1
:108F000020990322A8472198229906228DF85A0019
:108F100004F13400A8472398249906228DF86100B3
:108F200004F13B00A8470DF10706414610223046E8
:108F3000A8470DF117073046214641223B46FFF76F
:108F400057FF259839461022A8471AB0BDE8F0818E
:108F500083B603082DE9F0419CB00DF12008134CB5
:108F600015460F46014620221E464046A04708F1FE
:108F7000200039462022A04708F140003146102247
:108F8000A04704AE294610223046A0476D46304621
:108F9000414650222B46FFF72BFF05F10C0122988A
:108FA0000422A0471CB0BDE8F08100BF83B60308CF
:108FB0002DE9F04F91B08146002015468A469B4628
:108FC000CDE90F00CDE90D000DAE09AF00F0A3F81B
:108FD0009DF9338005AC3846214600F082F8B8F19F
:108FE000FF3F66DD9DF9238005A801AC214600F016
:108FF00078F8B8F1FF3F68DD3046002110224FF0CD
:109000000008F7F785FDECB2112C19D348F00400E5
:1090100010223B4600F07BF80020102805D0395C78
:10902000325C514031540130F7E700F074F83046BB
:1090300039461022F7F726FD103D08F11008E2E747
:10904000102C07D148F0040009AB102200F05FF8A3
:1090500005A81AE0CDF800B00DF1240B0021102274
:109060005846F7F755FD280608D0ABEB040022461A
:1090700000F1100348F0040000F049F8ABEB0400E5
:109080008021C17301A8DDF800B00021102907D0AC
:109090007A5C435C5A40735C5A4072540131F5E784
:1090A0000DA948465A46E2F789FE002011B0BDE8F6
:1090B000F08F87208DF8340000200F2892D0215C9B
:1090C000325C514021540130F7E787208DF834009D
:1090D00000200F2890D0215C325C51402154013097
:1090E000F7E710B50278520001F8012B00220F2A91
:1090F00008BF10BD83185B785B008B548456B4F1B5
:10910000FF3FDCBF43F001038B540132EFE781B234
:109110005046FFF7C2BA484631463A46E2F74EBEDD
:1091200080B504498022897F02F0C1FA0249C1F862
:10913000B80080BD206F0120506F0120064800213B
:1091400080F89010012180F8951080F89210034962
:10915000C0F88810704700BF506F01200101071050
:10916000014890F891007047506F01202DE9F84FA9
:10917000274E054696F89400C00746D12548DDF8ED
:109180002890D6F8B8709B4690468A460024807F87
:10919000C001A04239D0395B09B18034F9E7B9F197
:1091A000000F04D04846062102F05DFA30B196F86F
:1091B0003690B9F1000F18BF2E3602E04E464FF040
:1091C00001093D533C444FF0FF30A062002084F879
:1091D0001FA02084584601F0E9FD0F4D207604F1D0
:1091E0000A003146062284F80990A847E01C594637
:1091F000062284F80280A84704F11100594606228D
:1092000084F81080A8471020E075BDE8F88F00BFF3
:10921000506F0120206F0120850A030880B500F0FF
:109220004DF903D0BDE8804001F0DABA80BD0000FE
:10923000A8B10C4991F89420D20710D1D1F8B810F8
:10924000A1F180020849897F4B1C013B07D002F144
:109250008001B2F8802082420A46F6D100E0002167
:1092600008467047506F0120206F012080B500F044
:1092700025F903D0018C41F08001018480BD0000FC
:1092800010B50446008900F019F91CD0A17941B14C
:10929000490718D4216A09790B290BD101F060F82C
:1092A0000AE0A08845280ED8094821468030FFF7FB
:1092B000BFFA0BE001F054F9054890F8391001F0BD
:1092C000FB0180F839102046FFF77AF9002010BD25
:1092D000506F0120034890F8391001F0FB0180F82D
:1092E00039107047506F0120F8B51F4F1F4C0025F3
:1092F000002697F8390040F0040087F83900A07F75
:1093000086420AD2D7F8B8104A5B1AB1481900F061
:1093100053F9A07F80350136F2E701F0CBFD07F16C
:109320008004D7F88050EDB120462946FFF790FA27
:10933000288900F0C3F804D00146284600F008FC54
:1093400018B92846FFF73CF9EBE7064620462946C0
:10935000FFF778FA952E05D197F8390000F0FB0059
:1093600087F83900F8BD00BF506F0120206F012041
:1093700070B514460D4600F0A1F803D0064600F083
:109380000CF808B15E2070BD06F11100317C2A4650
:109390002346BDE87040FFF760BB10B594B00446AB
:1093A000017C11306A46FFF778FA48B1E07DF12878
:1093B00004D1207FC10701D0800701D45E2000E0E6
:1093C000002014B010BD70B514460D4600F076F8BC
:1093D00003D00646FFF7E1FF08B15E2070BD06F13D
:1093E0001100317C2A462346BDE87040FFF7B9BB27
:1093F00010B50C4600F062F806D0017E807FA042D6
:1094000038BF41F0080100E00021C8B210BD0000E3
:1094100004288FBF9220024981F8950000207047F0
:10942000506F01202DE9F84F01289CBF0D460129FE
:1094300002D99220BDE8F88FDDF82880B8F1070F37
:10944000F7D3DDF82C90B9F1100FF2D8C145F0D365
:10945000DDF830A0BAF1010FEBD8DDF834B00446E6
:10946000144883459CBF0E980128E2D8022A16466C
:109470009CBF1F46012BDCD800F076FE10B10C20FB
:10948000BDE8F88F0C480E9980F8937080F89260D0
:1094900080F8895080F8884080F890A080F88B9000
:1094A00080F88A8080F89110C0F88CB00020BDE868
:1094B000F88F00BF3F420F00506F01204DF808EDBC
:1094C000FFF7B6FE00285DF808EB704710B50446BC
:1094D0008178084890F8D5208A4205D1D630E11C21
:1094E0000622F7F74BFB00B110BDA07E40F0010053
:1094F000A07610BD506F0120024800212822D430F0
:10950000F7F706BB506F012080B505481021983051
:1095100002F0A9F818B1BDE8804000F003B880BDA2
:10952000506F0120024800F198010420E2F737BC97
:10953000506F012070B586B00446807EC00701D10F
:1095400000241DE0104E02AD0023009506F5AE701C
:1095500006F1DC020146FFF71FFC06F1EC0029468C
:109560001022F7F70BFB08B1042409E0A07E800766
:10957000E6D406F19800002110220024F7F7C8FA7B
:10958000204606B070BD00BF506F0120074B31B1BF
:10959000807EC00708BF704703F1DC0101E003F1E2
:1095A000980110461022F7F76DBA00BF506F0120E6
:1095B00001880120FAF7CEB8F0B599B00446C07D15
:1095C000E3280CD12046258800F0B7FA012029466F
:1095D0000122002319B0BDE8F040FAF7ADB8218CA4
:1095E000C9065DD504F1340501A810222946F7F714
:1095F00049FAE07DBC2837D0F12811D1E07F00077F
:1096000032D404F1440605AF294630463A46FFF706
:10961000D5FA04F13C0138460222F7F7AFFAF8B167
:10962000207E00F0EF0020762088FAF7ABFB3A2886
:109630002ED0208C80070DD0204600F079FF2188A5
:10964000012003220623FAF777F8208C20F00F0080
:10965000208420E0062002212246F9F7C7FF1AE005
:1096600030462946FFF766FB05AE294610223046F4
:10967000F7F708FA2046314600F0F3FE208831461D
:10968000FAF788FB3A2806D101A9284601F0CCFA5E
:10969000FFF720FE03E0208C20F010002084E07D06
:1096A000A0F1D10105293DD3002800F09F81FE28BB
:1096B0006FD0802800F07580AC2800F08580CF281E
:1096C00000F08780E02800F08880F12800F08E818B
:1096D000102840F05681A17805AEE01C3246FFF715
:1096E000DCF8002800F0D680D34890F83700002836
:1096F00000F08580E07FC00700F08180FFF700F96F
:10970000002800F07C80A078002800F07880207A83
:1097100000F0C000402872D121880120F9F7F4FF41
:10972000002128E100201121ADF80400204601F0BD
:1097300084FA00F025810546208C40060AD405A94C
:109740000120E2F72CFB0598A4F84400208C40F09F
:1097500040002084E07DD138042800F29380DFE8C7
:1097600000F00350686F800004F12C010220E2F742
:1097700016FB05AE04F144003146FFF7DBFA204644
:10978000314600F06EFE286A062101711520A8807E
:1097900072E0208C000640F12381204600F0CDF9D4
:1097A000EEE0E07F000705D5204601F0B5FB00287C
:1097B00000F0E680607E022803D1607FC00640F1A1
:1097C000DF808120E075DEE02046002100F038F9DE
:1097D000D6E0204600F080F9D2E0F1202188002276
:1097E0000023E0750120F9F7A7FF94F91800B0F104
:1097F000FF3F00F3C5802046FFF7DAFEC0E00021FE
:10980000BDE00F20072104F12C06A880286A017111
:1098100001AF04F1440031463A46FFF7CFF928463C
:10982000052102223B46FEF758FF28460721082261
:1098300025E005AE3046FFF79DFA1520082118E017
:109840000C207D4B296A0922A88093F836000A7102
:10985000296A0028487118BF2E332846062106229F
:109860000EE005AE04F144003146FFF773FA15200F
:109870000A21A880286A0171284605211022334652
:10988000FEF72BFF284601F0CCF9002878D1DD2027
:10989000E07575E001209DF8171094F822202077DC
:1098A0009DF81500A17741B2002900F0600148BF82
:1098B00042F010021143C00684F8221005D594F836
:1098C000230040F0010084F82300DDE9170106F1D0
:1098D0000E055A4F1022C4E9090104F1500029462F
:1098E000B84704F1600006F11E011022B84704F1E8
:1098F000700006F12E011022B84704F1440006F171
:1099000044010222B84704F14800B11D0822B847BB
:1099100004F14600311D0222B8479DF81500810769
:1099200042BF217E41F020012176410742BF217EC6
:1099300041F040012176000742BF207E40F08000C8
:1099400020769DF8160001070AD500F0FC00E17FA3
:10995000102208432946E07704F13400F7F792F823
:1099600094F91800B0F1FF3F01DDF12107E0204636
:10997000FFF71EFEF12110B1FFF7ACFC00E0E1752E
:10998000E07D81282CD1E07FC0070BD104F160017C
:109990000420E2F704FAE07F000717D4204601F024
:1099A0001BF81DE004F170010420E2F7F8F9E07FF4
:1099B000000713D5607E0138032811D8DFE800F0D6
:1099C00002182102204601F0E3F809E0607E013828
:1099D000032805D8DFE800F0021B22028220E07590
:1099E000E07F000744BF204601F0BCFC19B0F0BD89
:1099F0008220E075104890F89C11013180F89C118C
:109A0000EEE72046FFF796FD60B98320E7E70A48B6
:109A100090F89C11013180F89C11BFE72046FFF7B8
:109A200089FD28B101462046012200F085FED7E7D6
:109A3000204600F0F2FFD3E7506F0120850A0308AB
:109A40007FB5044600200D46CDE90200CDE90000B7
:109A5000208C04F1340321B120F4407000F58070B3
:109A60002084C00509D5E07F000706D4224612F8FD
:109A7000460F02F10A03911C02E0694600200A46E3
:109A8000527840EA022082B22088FAF78AF93A280E
:109A900010D00646A0B9208C10F4807120F480709C
:109AA00040EA410020846FF00E0008BF6FF05200C2
:109AB000E07503E0AC20E075FFF70CFC002608E041
:109AC0003DB9AC20102100220026E075204600F0B0
:109AD00033FE304604B070BD70B5C67F044616F044
:109AE000010506D1E07DD02803D0204600F065FDB9
:109AF00070B994F82300310701D4C1070DD1810753
:109B000009D440070BD485B1204600F056FD60B162
:109B1000D020E07570BDD32002E0D12000E0D52038
:109B2000E075BDE87040FFF7D5BB204600F054FD5E
:109B3000E07DD02808BF70BDF3E710B5044601F002
:109B40004BF8204600218022BDE81040F6F7E0BF28
:109B50002DE9F04F85B00C46066A0546E77F31795E
:109B6000F80747D1881E092800F2A180DFE810F02D
:109B70000A00F500FC009F009F009F009F009F00CF
:109B80009F000D01E07D202840F06582284600F00E
:109B90007BFE0146002840F0EE81380700F1D381BA
:109BA0008126207F617F00F0FE00207701F0FB001E
:109BB0002146607701AA284600F080FE204600F08A
:109BC000ADFE0146002840F0D681607E022809D112
:109BD000607FC00606D4204600F0FAFE002840F060
:109BE000DA81802604F1500001A90322F6F74AFF2A
:109BF000E67521E1042963D003297ED0012956D1DD
:109C0000E07DF12818BF002840F02582218C01F06A
:109C10000300012800F0A68088071FD541F003004B
:109C2000DFF84025208492F89420120716D401F022
:109C30000C0104290CD121880120F9F771FD0028BD
:109C400040F0A981208C40F0080020F0040020841E
:109C500000F00C00082800F085802E6AF779204675
:109C6000394600F0C9FD972800F05C81002840F0DB
:109C7000F3812046072100F0E0FF00F0CD80804610
:109C8000207EC00740F0C281284600F0FDFD064658
:109C9000002840F0BC81DFF8CC143A0791F892001C
:109CA00000F1E781022840F0E4810326AFE13807A4
:109CB00033D4881F052841D3052940F0CC81ADE07D
:109CC000E07D832840F0C7812046112100F0B5FFD8
:109CD00000F0A280064604F1600300F097FFE07FE9
:109CE000000700F1AC8001AD204601212A4600F0BA
:109CF000ADFE00F09CFFBC2560E1E07DA0F180019D
:109D000002292FD3822840F0A68104F1340300F009
:109D10007DFF204600F03CFF9EE14A1F0020092AFB
:109D200000F29A81DFE812F07A000A000A000A00C5
:109D30000A000A009801000105010A01E07DD0280F
:109D400040F08981881F032800F28880DFE800F056
:109D50000296AFB904F15003B0E0E07DA0F18001BC
:109D600002294ED2932077E1E07D832840F0738171
:109D700004F1700300F04AFFE07F000757D401AA06
:109D80002046032100F062FEB1E0E07DF12818BF1B
:109D9000002840F06081208C800500F15C81204625
:109DA00000F016FA286A4379DFF8B80390F89200B9
:109DB000022808BF13F0080000F0DC80E07DF128E5
:109DC00003BF207E10F0600FC3F38001002100224A
:109DD000208800F013FA002800F03E81592800F096
:109DE0001381642800F03881932818BF952800F06B
:109DF000338108210C2808BF1021382808BF102102
:109E0000B9E0822840F0278104F1340300F0FEFE1F
:109E1000204600F002FE1FE164201DE1207EC00705
:109E200040F019817179204600F0A3FC13E1607EB7
:109E3000032857D19120E075FFF74CFA0BE1607EC3
:109E4000022800F0AA80042840F0C080204601F0DB
:109E500039FA002840F09F809025B8E094F822005D
:109E6000400740F1F88004F1700300F0CFFE94F851
:109E7000220040F0400084F82200E2E0707904F112
:109E800048030721082284F84600286A807984F86C
:109E900047002846FEF701FC94F8220040F010012C
:109EA00010F0060F84F8221040F0D580C9E094F835
:109EB0002200800740F1CF8004F1600300F0A6FE8D
:109EC000C9E094F82200800740F1C580B51D062145
:109ED0007779284601F0C7FB002800F0A18094F8AC
:109EE0002200ACE001AA2046032101F0BDF904F1F3
:109EF000340101A81022F6F741FE10B120460421DA
:109F00008AE09848A27F90F88B108A4288BFA17798
:109F1000E17F090731D4204600F02AFE204600F0F8
:109F200091FA99E0082675E02846214601F06CF880
:109F300092E02846214601F0BFF88DE028462146F0
:109F400000F09CFF88E08749F07991F8921002298F
:109F500008BF10F008010DD040F0E7003840E0776E
:109F600000077FF51DAE204600F052FF014610B9F4
:109F7000802616E6032120464EE0617E01293FF44B
:109F800059AF02296BD0042965D1204601F09AF916
:109F9000002800F0918095205EE001AD204601216F
:109FA0002A4601F061F900F042FE6E496FF06E053D
:109FB00091F89C11142938BF6FF07E0538B13046F6
:109FC000FEF7FEFA20460421012226E09125306AA0
:109FD000042104F170031022017130460521FEF7BF
:109FE0007CFB304600F01DFEB0BB5E48E575A17FEE
:109FF00090F88B00814288BFA077E07F00072AD4C9
:10A00000204600F0B5FD26E00921B4E709264046C8
:10A01000FEF7D6FA20463146002200F08DFB1BE009
:10A0200007F0010029460622207404F11100F6F71A
:10A0300029FD94F8220040F0200084F82200400717
:10A0400009D4E07FC00703D12046FFF745FD02E0B9
:10A05000204600F0C1FA002005B0BDE8F08F90F86E
:10A060009C016FF06E01142838BF6FF07E01E1751E
:10A07000E2E691F889B0042391F8882091F89310D2
:10A0800040EA500003EA8B0302F0010AE27F02F08B
:10A09000010260F3C30301F0010043EA001000EB8A
:10A0A0000A0909EA070000F0180100071144E177E6
:10A0B00005D4072781200AE09020E075CBE72046F1
:10A0C00000F0A6FE06460028A1D1062780200090B9
:10A0D0002046FFF7FBF90BF00100214660774FEABD
:10A0E0004A00207701AA284600F0E8FB204600F04D
:10A0F00015FC064600288AD1607E02280AD1607FBE
:10A10000C00607D4204600F063FC00287FF443AF6C
:10A110008020009094F8220094F823108DF8079086
:10A12000022238408DF8080001EA070021468DF828
:10A13000090001AB404600F089FB404600F071FD8C
:10A14000002889D1207E062200F09F002076208CF6
:10A1500020F48050208404F1500001A9F6F792FC0D
:10A160000098AAE7506F012010B50A480023817FAC
:10A170000948D0F8B80017301A46994205D010F8AF
:10A18000804B531C203CD02CF6D800208A4238BF8C
:10A19000012010BD206F0120506F01200388081D91
:10A1A00082B201201946FEF7D5B970B506460D46B4
:10A1B00006203146FDF743FF044618B13046FEF74E
:10A1C000FFF903E015B1284600F002F8204670BD03
:10A1D00010B50949D1F8B810401A4FF4406141EA6E
:10A1E000D01084B22046E1F75CFE204647F23051A1
:10A1F000BDE81040E1F745BE506F01202DE9F04F5A
:10A2000085B01D4616460F46FFF712F830B30446D8
:10A21000C07FC10720D1E17DF12918BF00291BD1E2
:10A22000228C920518D4227ED2071CD147B9F1297D
:10A2300006D1000700F1808094F82200C0067BD48C
:10A24000DFF8188198F8960040070ED598F892002C
:10A2500080070AD0382702E00C2700E002273846A2
:10A2600005B0BDE8F08F5927F9E7002E6BD02046E6
:10A27000072100F0E2FC6FD0834698F8880098F838
:10A28000897098F8929098F893804FF0070A02909E
:10A290002046FFF71BF9002E8DF813A08DF812A0B1
:10A2A00008BFAF0807F001010DF10E031020019166
:10A2B000082200EA081848EA810049EA590102EA3E
:10A2C000C1050299012201F00106214628443044CB
:10A2D0008DF81100584600F0B9FA584600F0A1FC7C
:10A2E00007460028BBD1207E00270021542200F021
:10A2F0009F006784207604F12C00F6F709FC208C7F
:10A30000617FE27F20F440702084207F40EA460095
:10A310002077019808430DF10E01607702F00100EB
:10A32000062240EA08002843E07704F15000F6F7DF
:10A33000A9FB2020E07592E72046012105B0BDE889
:10A34000F04FFFF77DBB2046294600F055FA07463F
:10A3500000287FF484AF8AE7642780E7506F0120EC
:10A36000018C01F00302012A10D121F003018A1CA3
:10A370000284C27DF12A09D1C27F120703D490F86A
:10A380002320D20702D041F006010184704700006B
:10A3900010B50C46FEF74CFF0A498C4284BF922050
:10A3A00010BD68B1417E02291CBF0C2010BD0649BA
:10A3B000C1F88C40417F41F010014177002010BD71
:10A3C000022010BD3F420F00506F012080B5FEF704
:10A3D0002FFF50B1018C01F00C02082A11BF0C2094
:10A3E00041F00C010184002080BD022080BD0000EE
:10A3F000BCB50C461249ADF8062091F89410C90777
:10A400001CBF0120BCBDFEF713FFB8B10546008C90
:10A4100040F010002884E87DBC280FD0E87F0007BA
:10A420000CD405F1340021460822F6F72BFB05F188
:10A430003C000DF106010222F6F724FB0020BCBD12
:10A44000506F012010B500F13401044600F009F806
:10A450002046FFF7BDFE20460021BDE81040FFF773
:10A46000EFBA827F8818C2F110018AB20021F6F794
:10A470004FBB2DE9F041804610461E4615460F465B
:10A48000FEF7D6FE00283ED004468FB1204600F0ED
:10A490004FF82046022100F059F8B8F1000F05D11D
:10A4A0000020294603223B46F9F746F900201AE02E
:10A4B000207E6EB1617E40F01000022920760AD322
:10A4C000E17F09074FF0400158BF2021084301E018
:10A4D00000F08F002076E07DAD2803D0F12814D065
:10A4E000BC2801D1CF20E075E17F208CC90702D1C3
:10A4F0004FF6FF5105E000F00301012903D04FF6AC
:10A50000F07108402084BDE8F081208C00F0030049
:10A5100001281CBF204600F00BF8B8F1000FE3D172
:10A520000020294600220023F9F706F9DCE70000A5
:10A530000549D1F8B810401A4FF4406141EAD010F3
:10A5400080B2E1F7AEBC00BF506F0120C27D203A5F
:10A55000D02A04D8C27F120748BF00F077BF7047E7
:10A5600010B50446C07DDD2826D1881F042823D8D5
:10A57000DFE800F003081C050E00D2201BE094F871
:10A58000230003E094F82300810713D440070FD47D
:10A59000E07FC00705D0204600F00FF808B1D020BA
:10A5A00009E02046BDE8104000F016B8D42002E0D3
:10A5B000D52000E0D320E07510BDC27F90F82210B6
:10A5C000100702D431B1012070470020012988BF53
:10A5D0000120704700207047B0B594B00446FFF7E3
:10A5E000A7FF207FC10700F09180800740F18E8097
:10A5F0006D46002150222846F6F78AFAFE2004F123
:10A60000110106228DF80000A07F8DF8030005F1EE
:10A610003E00F6F737FA9DF80120207C94F82210CE
:10A6200010438DF80100C80615D5B4F8460004F1B2
:10A6300048010822ADF80400A81DF6F723FA05F139
:10A640000E0004F1500100F0EFFA9DF8010040F017
:10A6500080008DF80100E07F010707D58DF802002A
:10A6600005F10E0004F1340100F0DEFA94F8230045
:10A6700010F0050F0CD005F1440004F14401022252
:10A68000F6F700FA9DF8010040F010008DF8010087
:10A6900094F8220081060DD505F11E0004F1600139
:10A6A00000F0C2FA9DF8010040F020008DF8010092
:10A6B00094F8220040060BD505F12E0004F170013C
:10A6C00000F0B2FA9DF8010040F040008DF8010062
:10A6D000217E48B28A0603D4490607D5042100E04A
:10A6E00002219DF8012011438DF80110B0F1FF3FC8
:10A6F00005DC9DF8010040F008008DF80100D4E968
:10A700000901CDE912016846FEF731F92046002122
:10A71000FFF71CFF607E032808BFFEF7EDFE208CCC
:10A7200000F040002084E01C00F06EFBE020E075AB
:10A73000FEF7D0FD14B0B0BD70B50C460221164630
:10A74000054600F07AFA0AD0062105228180016AC6
:10A750000A71016A4C710021FFF727FD00E06420B7
:10A760000EB900B170BD2846214600F002F8002065
:10A7700070BDB0B50C460546FFF7DAFE284602214B
:10A78000FFF7E4FEE87DF1280FD0284600F024FA18
:10A79000284600F05BFA0020E97FE875687F01F049
:10A7A000010100F02F00E977687700202988022254
:10A7B000234628840120BDE8B040F8F7BDBF000063
:10A7C00010B50649D1F8B81001EBC014022120469B
:10A7D000FFF7BCFEE320E07510BD00BF506F012005
:10A7E00010B50446FFF7A4FE20460221FFF7AEFE97
:10A7F000FE20E07510BD000010B50446124890F828
:10A80000940000071ED5208C0B46C10411D4E07DB6
:10A810002188F138B0FA80F042090120F8F7A6FF4C
:10A8200008B1952010BD208C20F4E04000F5805048
:10A83000208410F4C04F04BF932010BD400444BFD7
:10A84000972010BD002010BD506F0120B0B5046AE4
:10A8500022710C4A056A92F895406C71897E046AEF
:10A8600001F00101A171D978046AE17192F88B10AD
:10A87000026A11721979026A51725979006A8172F9
:10A88000B0BD00BF506F0120006A417904299CBF10
:10A890008179012901D90A207047C1798907FAD441
:10A8A0000549007A91F88A10884203D311283CBFE9
:10A8B0000020704706207047506F0120F0B5006AF5
:10A8C0004379CB768379012B02BF8B7E43F0020361
:10A8D0008B76C6790B7F4C7FCD7F06F001073B431B
:10A8E0000B7706F0040323434B77037A8B7715F03D
:10A8F0000103437A807A044608BF1C4604F007042B
:10A9000081F823401C4608BF044604F0070481F880
:10A910002240907053701670F0BD000070B5044670
:10A92000807EC10701D0810723D4E17F11F00802A6
:10A9300004D0800702D0032060761FE0607F10F013
:10A94000050F13D0E37E204D03EB83010D441F4917
:10A9500091F89560AD5D022D657612D015BBAAB950
:10A96000012B15D191F89520012A11D10120607693
:10A9700018E003206076E07F000713D5FEF7C4FDE2
:10A9800010E03AB1002281F89C2103E00420EEE7B8
:10A990000222627691F8901000F0EF00002908BFC3
:10A9A000103060770949607E91F88920D20703D082
:10A9B000012804BF032070BD91F8941021FA00F023
:10A9C00000F0080070BD00BF48D80408506F012097
:10A9D00001880120F8F770BEBFB51121044600F0D0
:10A9E0002CF916D00546E07F6A46000704D42046BD
:10A9F000002100F02BF803E02046002100F034FC99
:10AA0000286A03216B4600F006F9284600F009F990
:10AA100000B1BFBD8220E075BFBDB0B511210446B5
:10AA200000F00BF90BD00546006A042104F1600325
:10AA300000F0F1F8284600F0F4F810B1B0BD642041
:10AA4000B0BD8320E0750020B0BD00002DE9F043CB
:10AA50008BB06F46894690460546394600F064F84B
:10AA6000EA7F05F10A0107F1170607F11004687A79
:10AA7000D2070DD18DF81E0007F11F000622F6F750
:10AA800001F8A8788DF8250007F1260037460DE07B
:10AA90008DF8250007F126000622F5F7F3FFA878C8
:10AAA0008DF81E0007F11F0027463446E91C0622D8
:10AAB000F5F7E8FF0220E97E95F85030AA7F8DF87F
:10AAC000170001208DF81000797095F85110A87EBC
:10AAD0003A71FB704246797195F85210B971C0F322
:10AAE000400100F00100A07095F85300B970E070CB
:10AAF0000C4890F8951090F88B00207195F8540050
:10AB0000617005F17001607195F85500A0715FEA00
:10AB1000897058BF05F160016846FEF7B9F80BB0BF
:10AB2000BDE8F083506F0120B0B505460C460846DD
:10AB300000211022F5F7ECFF687E03280CD00228D4
:10AB400009D10A48D0F88C00010E2070E170010C88
:10AB5000000AA1706070B0BD0448102200F1980195
:10AB60002046BDE8B040F5F78DBF00BF506F012013
:10AB7000BFB56D4604462946FFF7D6FF04F17001C4
:10AB800004F1600204F134032846FEF769F8BFBD02
:10AB9000BFB51121044600F050F809D00546E07F0A
:10ABA0006A46000706D420460221FFF74FFF05E062
:10ABB00064200FE02046022100F056FB286A0321A2
:10ABC0006B4600F028F8284600F02BF810B98320D7
:10ABD000E075002004B0B0BDF8B504460A48D0F8CE
:10ABE000807000F180056FB13E4620883F68318952
:10ABF0008142F8D128463146FDF72AFE3046FDF75E
:10AC0000DFFCF0E7F8BD00BF506F012028460521AA
:10AC10001022FDF742BD1022017128460521FDF7E3
:10AC20005CBD2146FFF7C1BA1022F5F72BBF04F136
:10AC3000340128461022F5F7A1BF4DF808EDFFF7C3
:10AC4000ADFA00285DF808EB70470000F8B53C4904
:10AC500091F89420920704D4C27D42F01003BC2BDB
:10AC600000D1F8BDC37FDC074FF0820408BF802409
:10AC7000944201D3402BF4D3027E01F1BC06C41CE4
:10AC8000002742F0010235460276F81C08D0A81CC5
:10AC900021460622F5F772FF58B10835013FF4E767
:10ACA00000253046032D1BD0017819B3083001353B
:10ACB000F8E77C420D2060F31F242046E1F7F1F80D
:10ACC000297801F03F0060F07F0293072A7013D4C7
:10ACD000D2B2D20714D160F07E0043F6982115E07D
:10ACE00000253046032D14D00178490602D40830DF
:10ACF0000135F7E7064611E060F07E00114905E0F6
:10AD000001F03C004AF6C87160F07D002870A0B2E6
:10AD100011E04FF45060E1F7C4F80025B01C214663
:10AD20000622F5F7AFFE802041F2883130700D2009
:10AD300060F31F252846BDE8F840E1F7A2B800BF40
:10AD4000506F0120580F02002DE9F843DFF85490AE
:10AD50000122DFF854800027002609EBC00090F89C
:10AD6000BC1000F1BE0462F39F1180F8BC1098F88B
:10AD70001E108E4228BFBDE8F883D9F8B800C25B28
:10AD800062B1C51921460622E81CF5F7F7FE98F8CE
:10AD90001E1018B9287E00F0FE0028768037013694
:10ADA000E7E700BF506F0120206F0120002100F075
:10ADB00001B80000F8B5074612480E46002500F11C
:10ADC000BC04032D19D0A01C39460622F5F7D6FE87
:10ADD00010B108340135F4E75EB10D2060F31F2592
:10ADE0002846E1F75EF8204600210822F5F790FE9C
:10ADF00003E094F90000002801D40020F8BD0120F0
:10AE0000F8BD00BF506F01200121FFF7D3BF000044
:10AE100010B50446008800F013F808B1102010BDEA
:10AE2000E07F40F00200E077044890F8961041F08F
:10AE3000040180F89610002010BD00BF506F012063
:10AE400010B50D4A0B49D2F8B820897F02F11F03D3
:10AE50000022914209D033F81F4C844202D01C7862
:10AE6000A40702D480330132F3E700208A4238BFBE
:10AE7000012010BD206F0120506F012080B5CA7FD6
:10AE8000D20605D54A7E022A04BFCA7E022A01D014
:10AE9000002080BD91F9172012F17E0FF8DC006AC6
:10AEA000098842790120F8F721FC0028F0D095208C
:10AEB00080BD000010B5094C94F8960000F0D00059
:10AEC000402802D1F9F790FB00B110BD94F896002C
:10AED000022161F39F1084F8960010BD506F01208D
:10AEE000084A92F8963003F07F0382F8963020B13A
:10AEF00043F0400082F89600704702F58E704022C1
:10AF0000F5F7C0BD506F01200248402100F58E705A
:10AF100000F0A9BB506F012010B50446FFF7F4FF05
:10AF200048B1114890F9961000291BD441F0400116
:10AF300080F8961016E0E07F00F0C001C02904BF41
:10AF4000012010BD10F0410F06D0C1070AD040B259
:10AF5000B0F1FF3F06DC02E000F07F00E077204622
:10AF600000F004F8002010BD506F0120B0B5412161
:10AF70000446FFF713F980B10546006A0C21402210
:10AF800001710948052100F58E732846FDF7A5FBE0
:10AF900028462146FFF709F900B1B0BDE07F40F037
:10AFA0004000E077B0BD00BF506F012010B5144CD9
:10AFB00094F89620D20621D560B11248817FD4F84A
:10AFC000B800D9B1028812B1028C92060CD480303C
:10AFD0000139F6E704F1FC002022F5F753FD94F85F
:10AFE000960040F0200007E00B210122FFF7A4FBB0
:10AFF00094F8960020F0300084F8960010BD00BF51
:10B00000506F0120206F012070B50C46C97D80294A
:10B0100041D194F91F1000293DD4C9B211F0410F5C
:10B0200039D0234E96F8961011F0900F1CBF38209F
:10B0300070BD06F5AE75052140222B46FDF72DFBB0
:10B0400096F83500012806D006F58E712846202294
:10B05000F5F794FD18B396F89400400705D5154907
:10B0600028464022F5F78AFDD8B12846F9F7ECFAD0
:10B070003A2811D088B996F8960040F0100086F86A
:10B080009600E07F40F08000E077208C40F02000C8
:10B090002084FEF71FF9002070BD082102E00B217B
:10B0A00000E00A2120460122BDE87040FFF744BBC2
:10B0B000506F012064D8040870B588B00C46C97D73
:10B0C000A1F19002022A01D293201AE0922917D10D
:10B0D00004AD052110222B46FDF7DFFA6E4620460F
:10B0E0000021324600F01AF8284631461022F5F7C2
:10B0F00045FD40B120460B210122FFF71DFB00E07A
:10B10000002008B070BDE07FC00703D12046FFF7E4
:10B1100099F9F6E7204600F081F8F2E72DE9F041D1
:10B1200090B090460E4605460DF1220000211022F7
:10B13000F5F7EEFC687E032810D0022814D13648BB
:10B14000D0F88C00010E8DF822008DF82510010C2E
:10B15000000A8DF824108DF8230005E00DF122027D
:10B1600028463146FEF712FA46B12B48A97E90F8E0
:10B1700095008DF81F0005F1530006E0A97EEA7ED8
:10B1800005F1500049088DF81F2000788DF8210046
:10B1900001F001008DF82000E87F00F0010006B109
:10B1A00008B128B126B905F1700705F1600403E084
:10B1B00005F1600705F1700446B10DF132000DF1A3
:10B1C0003F010DF13E0300900EAA07E00EA80DF11D
:10B1D0003E010DF132020DF13F030090284600F0D0
:10B1E00069F99DF83F000DF11F059DF83E100EAB6B
:10B1F0000DF13202CDE904283A46CDE90050064867
:10B20000CDE902310DF122032146FC30FDF760FE4D
:10B2100010B0BDE8F08100BF506F0120B0B5112122
:10B220000446FEF7BBFFD0B10546006A0D2110228F
:10B2300001710C48052100F586732846FDF74DFA8B
:10B2400028462146FEF7B1FF38B9E07FC0076FF00E
:10B25000430008BF6FF06D00E0750020B0BD6420B2
:10B26000B0BD00BF506F0120BCB5437E022B0BD197
:10B27000124BD3F88C4093F89C31013B24FA03F332
:10B280000F4C64F35F0300E00023009211F0010211
:10B29000DBB20A4A02F58E7402F5AE72154604BF9F
:10B2A00025461446890700F1700258BF00F160027C
:10B2B00028462146FDF770FDBCBD00BF506F012040
:10B2C000C0FFFF7F1CB5184A0446C07F01A900914A
:10B2D00010F0010004F1700302F58E7102F5AE72F8
:10B2E000104604BF0846114604F16002FDF732FE25
:10B2F0009DF806209DF80730607F9DF8051000F04E
:10B300003F00120460779DF8040042EA036242EABB
:10B31000012108440549B0FBF1F202FB110221882A
:10B320000120F8F7D5F91CBD506F012040420F00F5
:10B3300010B5012984BF922010BD0C46FDF778FF9F
:10B3400070B1C17D90291CBF0C2010BD4021002C84
:10B3500008BF6FF07F01427F11434177002010BD8D
:10B36000022010BDF0B591B00446C07D90280CD1EC
:10B37000607F41060CD440B2B0F1FF3F62DC204652
:10B380000C210122FFF7D8F9E07D912802D059E085
:10B390009120E0752C4E96F8960000F03000302891
:10B3A00050D106F1FC050DF1160020222946F5F7D3
:10B3B00069FBE07FC00708D10DF136000DF14301B4
:10B3C0000DF1420300900FAA07E00FA80DF1420112
:10B3D0000DF136020DF143030090204600F06AF8AB
:10B3E0009DF842009DF843300FAF04F134010DF198
:10B3F0003602CDE90225049104F1600104F17002E6
:10B40000CDE900700DF11600FDF700FD06F586721E
:10B4100020460121FFF782FEE07FC0070AD12046C7
:10B42000FFF7FCFE40B10DF1160128462022F5F78A
:10B4300029FB07E09220E07596F8960000F0CF0017
:10B4400086F8960011B0F0BD506F0120B0B50C46E3
:10B45000C17F01F0FD01C1770088FFF7F1FC00B169
:10B46000B0BD134D95F8961095F8970001F0FB02CA
:10B4700085F896202CB101F0CB01103085F896109C
:10B4800000E0013000F00F01032285F89700C0B200
:10B49000B1FBF2F101EB10100328E1D305F58E703A
:10B4A000002140220024F5F733FB85F89740B0BD1A
:10B4B000506F0120B0B50546407A1C460870104612
:10B4C00005F10A010622F5F7DDFAA878E91C062243
:10B4D00020700498BDE8B040F5F7D4BA2DE9F041EA
:10B4E0008CB00D468E88FDF7A3FE30B1044690F86F
:10B4F0002200400603D45A2037E0022035E004F150
:10B50000700104A81022F5F7BDFAA6F10C070DF1A1
:10B51000040828460C22B9B24346FDF7BEF89DF850
:10B5200006209DF807309DF805109DF804001204D0
:10B5300042EA036242EA01210E18A06A411C01D0CE
:10B5400086420ED9FAB204A808AF29463B46FDF759
:10B550002FFD08F1040007F108010822F5F70EFBA2
:10B5600008B1052001E00020A6620CB0BDE8F08122
:10B57000C0E9000070474A6801604260106048609E
:10B580007047D0E9001211600068426070470146C0
:10B590004FF0FF300A46013012688A42FBD17047F3
:10B5A000BCB56D46044602202946E0F7F8FB019839
:10B5B0002946062240F4404001902046F5F762FA01
:10B5C000BCBD0000FEB5114E044601AD43F6FF7749
:10B5D00002202946E0F7E3FBDDE901016FF39F312B
:10B5E00050EA01020291F3D0B94201D10130EFD00B
:10B5F000284631460622F5F7C1FA0028E8D001A90D
:10B6000020460622F5F73EFAFEBD00BF506F01202E
:10B61000F0B589B005AF14460D460646002110224C
:10B620003846F5F775FA384629460322F5F72AFA1F
:10B6300001AD304639462A46E0F7C0FB2046294690
:10B640000322F5F71FFA09B0F0BDBCB50DF10505F1
:10B650000C4603312A46FFF7DBFF2846214603222A
:10B66000F5F78CFABCBD10B500231A46994203D0F9
:10B67000845C531C002CF8D000208A4228BF012093
:10B6800010BD013822B111F8013B8354013AF9E7AA
:10B69000704770B5013A00238C5C855C013A43F138
:10B6A0000006A54201D1002EF6D1281B70BD5143E2
:10B6B000033121F0030201680A4402600846704722
:10B6C000002340F83130044B19805100598089B271
:10B6D0000139C3E901017047B47101202DE9F04F30
:10B6E00085B0002900F0A2809346002A00F09E80D9
:10B6F000DDF838E0CDE903014E4F6FF001094FF05E
:10B70000000A0EEB0B010846029101F10B0001212A
:10B7100041EA900C78887E684FF000080146344674
:10B7200022686AB195B20B3509EA9505A94234D968
:10B73000B2F1807F38BFA84404EB8504491BEFE7D2
:10B740008C4530D9B8F1000F2AD0B846316839B3EA
:10B750008AB2344602F10B0709EA9702801A06EB17
:10B760008206BAEB116FF1D1820031462046CDF846
:10B7700004C01E467546C4F713FDB8F80000A0EBE0
:10B78000D7004746A8F8000081B22046FDF775F8BB
:10B79000DDF804C0AE463346BCE76FF0040046E077
:10B7A0004FF0FF3043E0DDE90210A2465A46F14671
:10B7B000CDF804C01D4641EA0040049900F18077AD
:10B7C0004AF8047B504600F03DFA35B129460AEBB1
:10B7D0000B004A4600F036FA2788B8B20021DFF89D
:10B7E00054900B3020F00700251821500221A81B8F
:10B7F000801090FBF1F0A9F8000081B22046FDF71F
:10B800003CF8B9F802000199401AD9E90112013057
:10B81000824238BF1046C9F80800691A0431C8EBE3
:10B82000A101814202D96FF0030000E0002005B0C1
:10B83000BDE8F08FB4710120F8B5DFF8C8C0DCF8BE
:10B840000450D0B1BCF80270DCF80C607C1EA6423B
:10B8500031D205EB8605022834D0012812D1288880
:10B860006FF001040B3004EA90000644BE42CCF8AD
:10B870000C601DD205EB800504E00026BCF80270C8
:10B88000CCF80C606FF0010E2868B8B1B0F1807F81
:10B8900003D3C0F307448C4217D080B20B300EEABA
:10B8A0009000064405EB8005BE42CCF80C60EBD35B
:10B8B0006FF0040404E00020CCF80C006FF00204E8
:10B8C0002046F8BD28680028F8D06FF00404B0F1D5
:10B8D000807FF5D3C0F307468E42F1D180B2801A43
:10B8E00001280CDB069CA04238BF0446002BE7D0A1
:10B8F000A8182246011D184600F0A4F9E0E700242C
:10B90000DEE700BFB4710120B0B514460E4A558879
:10B91000D368013DAB4213D2526802EB8302136835
:10B9200073B19BB21B1AA3420CDB1044021D0846E4
:10B930001146224600F036F9002808BF044601E00F
:10B940006FF002042046B0BDB471012070B5214AE9
:10B950000146032950682BD002292CD15588D36881
:10B96000691E8B422CD250F8231000EB830011B3D8
:10B9700089B26FF0010601F10B0406EA9404E6189F
:10B98000AE421FD250F82450EDB10023B3EB156F37
:10B9900010D1ABB26FF001050B3305EA93032344DA
:10B9A000B3F5804F9CBF6FF0030101EB830101E011
:10B9B0000021118001601188BDE87040FCF75DBF77
:10B9C0000020D06070BD00210160022193FBF1F1E5
:10B9D0001180F0E7B47101200A22002100F07AB84A
:10B9E000242B2DE9F0478646904601D8012B06D13D
:10B9F00000F0FEF8162303600020BDE8F0870D4636
:10BA000033482A4615F8014B065D16F00806F8D1B2
:10BA10002D2C10D12C780126951C33F0100215D155
:10BA2000302C0DD12A7802F0DF02582A08D16C7828
:10BA3000023510230AE02B2C04BF2C78951CECE770
:10BA4000002BF6D1302C14BF0A23082306F1004C3A
:10BA500000220CF1FF3C1046BCFBF3F903FB19CAB2
:10BA6000A4F13007092F0FD83C46A3421BDD571C19
:10BA700007D0814514D301D1A24511DB00FB03405F
:10BA8000012215F8014BEBE7A4F14107192F01D86A
:10BA9000373CEAE7A4F16107192F04D8573CE4E7E3
:10BAA0004FF0FF32EDE7531C08D122236046CEF859
:10BAB0000030B8F1000FA0D0691E06E006B1404288
:10BAC000B8F1000F99D0002AF6D1C8F8001094E719
:10BAD000A5D8040813460A46014602480068FFF745
:10BAE0007FBF00BF200600200EB410B59DB06FF0E0
:10BAF000004100241FAB0290069007910491094871
:10BB0000094953F8042B059102A9006801931B947D
:10BB100000F006F9029B1C701DB0BDE8104003B098
:10BB2000704700BF200600200802FFFF30B5144612
:10BB30009BB005461A46002C05DA8B2303604FF0B4
:10BB4000FF301BB030BD4FF4027300910491694681
:10BB5000ADF80C304FF00003199314BF04F1FF331C
:10BB60002346029305934FF6FF73ADF80E301E9BEC
:10BB700000F0D6F8431CBCBF8B232B60002CE0D018
:10BB8000009B00221A70DCE707B5009313460A46B3
:10BB9000014603480068FFF7C9FF03B05DF804FBE6
:10BBA000200600200139024410B5904201D1002046
:10BBB00005E0037811F8014FA34201D0181B10BD16
:10BBC0000130F2E702440346934200D1704703F884
:10BBD000011BF9E7C9B20346184613F8012B12B14D
:10BBE0008A42F9D17047002918BF00207047000031
:10BBF000014B1868704700BF2006002070B50D4D3E
:10BC000000260D4C641BA410A64209D10B4D002642
:10BC10000B4C00F079FC641BA410A64205D170BD4A
:10BC200055F8043B01369847EEE755F8043B0136DA
:10BC30009847F2E7E0D90408E0D90408E0D90408FD
:10BC4000E4D9040800F003B80022C4F7C6BA0A44D5
:10BC5000431E914200D1704710B511F8014B91423B
:10BC600003F8014FF9D110BD2DE9F0471F468E684A
:10BC700082460C46BE4290460B682DD8B1F90C2086
:10BC800012F4906F26D06569096905EB4505A3EBB1
:10BC900001097B1C05EBD5754B446D109D4238BFE7
:10BCA0001D46530527D5294600F05AFB064660B3CA
:10BCB0004A462169FFF7CBFFA38923F4906343F041
:10BCC0008003A38126614E446561A5EB09052660CA
:10BCD0003E46A560BE4200D93E46324641462068F7
:10BCE00000F0AAFAA36800209B1BA36023683344DA
:10BCF0002360BDE8F0872A4600F0BEFB0646002818
:10BD0000E0D12169504600F0BFFA0C234FF0FF301C
:10BD1000CAF80030A38943F04003A381E9E700009B
:10BD20002DE9F04F98468B899DB007461B060D46BE
:10BD3000144610D50B6973B9402100F011FB28603F
:10BD4000286130B90C233B604FF0FF301DB0BDE8D7
:10BD5000F08F40236B610023CDF80C804FF0010978
:10BD6000DFF8A081099320238DF8293030238DF846
:10BD70002A3023469A4613F8012B0AB1252AF9D115
:10BD8000BAEB040B0BD05B46224629463846FFF738
:10BD90006BFF013000F0A780099A5A4409929AF883
:10BDA0000030002B00F09F8000234FF0FF320AF19B
:10BDB000010A049307938DF853301A93CDE90523B4
:10BDC000544605224F4814F8011B00F04FFA049A1C
:10BDD000D8B9D00644BF20238DF85330110744BF93
:10BDE0002B238DF853309AF800302A2B15D0079A60
:10BDF000544600204FF00A0C214611F8013B303B1D
:10BE0000092B4BD9B0B1079214E0A0EB0803A2466E
:10BE100009FA03F313430493D2E7039B191D1B682C
:10BE2000002B0391BBBF5B4242F0020207930793D2
:10BE3000B8BF049223782E2B0AD163782A2B32D1F3
:10BE4000039B02341A1D1B6843EAE37303920593B4
:10BE5000DFF8C0A003222178504600F007FA38B17D
:10BE6000A0EB0A004022049B013482401343049358
:10BE700014F8011B062224488DF8281000F0F6F96A
:10BE8000002836D0214B1BBB039B073323F007034D
:10BE900008330393099B334409936AE70CFB02328E
:10BEA0000C460120A8E7002301344FF00A0C194684
:10BEB0000593204610F8012B303A092A03D9002BAC
:10BEC000C6D00591C4E70CFB012104460123F0E72D
:10BED00003AB2A4604A9384600930D4BAFF300800C
:10BEE000421C0646D6D1AB895B063FF52DAF0998BB
:10BEF0002CE703AB2A4604A938460093044B00F014
:10BF00007DF8EDE7A5D90408AFD9040800000000CA
:10BF100069BC0308ABD904082DE9F04716469846DA
:10BF20008A6807460B690C46DDF820909342B8BF3B
:10BF30001346336091F843200AB10133336023681C
:10BF4000990642BF336802333360256815F0060551
:10BF500006D104F1190AE36832689B1AAB422BDC64
:10BF600094F843302268003B18BF0123920630D476
:10BF700004F1430241463846C847013023D02368C4
:10BF80001A3454F80A2C03F00603042B0ABF54F8A1
:10BF90000E5C002533684FF0000608BFED1A54F818
:10BFA000123C08BF25EAE5759342C4BF9B1AED1801
:10BFB000B5421AD1002008E00123524641463846D6
:10BFC000C847013003D14FF0FF30BDE8F08701359D
:10BFD000C1E7E1185A1C30200233224481F84300A3
:10BFE00094F8451082F84310C2E7012322464146E7
:10BFF0003846C8470130E6D00136D9E72DE9FF477A
:10C000000F7E914680460C46782F9A460C9E01F191
:10C01000430207D8622F0AD8002F00F0D180582F92
:10C0200000F0B88004F1420684F842703AE0A7F1CB
:10C030006303152BF6D801A151F823F095C003082E
:10C04000A9C0030825C0030825C0030825C00308AC
:10C0500025C00308A9C0030825C0030825C003089C
:10C0600025C0030825C00308A7C10308D3C00308DF
:10C0700061C1030825C0030825C00308C9C103081E
:10C0800025C00308D3C0030825C0030825C0030842
:10C0900069C1030833681A1D1B68326004F1420647
:10C0A00084F8423001239CE033682068191D316018
:10C0B000060601D51D6803E04506FBD5B3F900501F
:10C0C000002D03DA2D236D4284F8433058480A23AB
:10C0D00011E021683368080653F8045B02D449066E
:10C0E00048BFADB26F2F3360514814BF0A230823F5
:10C0F000002184F843106668002EA66005DB2168E5
:10C100002E4321F0040121604BD01646B5FBF3F11C
:10C1100003FB1157C75D06F8017D2F460D46BB4254
:10C12000F4D9082B0BD12368DF0708D52369616890
:10C130009942DEBF302306F8013C06F1FF36921B20
:10C1400022614B4603AA21464046CDF800A0FFF7E6
:10C15000E3FE01304AD14FF0FF3004B0BDE8F08774
:10C16000236843F02003236078273248236884F84B
:10C1700045701F06316851F8045B02D45F0648BF62
:10C18000ADB23160D90744BF43F0200323601DB135
:10C190001023ADE72648E9E7236823F02003236056
:10C1A000F6E71646BDE733682568181D61693060FB
:10C1B0002E061B6801D5196002E06806FBD51980C0
:10C1C000002316462361BCE7336800211A1D326044
:10C1D0001E686268304600F049F808B1801B606054
:10C1E00063682361002384F84330AAE72369324659
:10C1F00049464046D0470130ADD023689B0713D451
:10C20000E068039B9842B8BF1846A6E70123324670
:10C2100049464046D04701309DD00135E368039937
:10C220005B1AAB42F2DCEBE7002504F11906F5E7F7
:10C23000B6D90408C7D90408884210B501EB020436
:10C2400002D98442234607D8431EA14208D011F8E0
:10C25000012B03F8012FF8E7024401468A4200D17E
:10C2600010BD13F8014D02F8014DF7E7C9B20346BE
:10C27000024410B59342184601D1002003E004782F
:10C2800001338C42F6D110BD38B50546002941D0A6
:10C2900051F8043C0C1F002BB8BFE41800F0E0F884
:10C2A0001D4A136833B9636014602846BDE83840FE
:10C2B00000F0DCB8A34208D9206821188B4201BFE6
:10C2C00019685B6809182160EDE71A465B680BB1D5
:10C2D000A342FAD911685018A0420BD1206801443A
:10C2E000501811608342E0D118685B6808445360BD
:10C2F0001060DAE702D90C232B60D6E720682118FA
:10C300008B4202BF19685B680918636008BF21602F
:10C310005460CAE738BD00BFC871012070B50F4E28
:10C320000C460546316811B900F0D4F8306021465A
:10C33000284600F0CFF8431C03D14FF0FF342046CD
:10C3400070BDC41C24F00304A042F8D0211A284672
:10C3500000F0C0F80130F2D1EFE700BFC471012056
:10C360002DE9F843CD1C064625F0030508350C2DB4
:10C3700038BF0C25002D01DBA94204D90C23336002
:10C380000020BDE8F883DFF8D48000F069F8D8F821
:10C3900000301C4644BB29463046FFF7BFFF431C14
:10C3A000044658D1D8F800402746002F43D1002C2E
:10C3B0004BD023683946304604EB030900F08AF875
:10C3C000814542D1216830466D1A2946FFF7A6FF04
:10C3D00001303AD023682B442360D8F800305A68E3
:10C3E00062BBC8F800700FE02268521B20D40B2AF1
:10C3F00017D96119A342256018BF5960636808BF47
:10C40000C8F8001062514B60304600F02FF804F17C
:10C410000B00231D20F00700C21A1CBF1B1AA350DB
:10C42000AFE76268A3420CBFC8F800205A60EBE790
:10C4300023466468AEE73C467F68B6E71A465B6809
:10C44000A342FBD100235360DEE70C233046336068
:10C4500000F00CF894E70560D6E700BFC871012032
:10C46000014800F047B800BFCC710120014800F03E
:10C4700042B800BFCC7101202DE9F04107461446B7
:10C480000D4621B91146BDE8F041FFF769BF2AB951
:10C490002546FFF7F9FE2846BDE8F08100F02CF8AC
:10C4A0008442064602D8B4EB500FF4D821463846F1
:10C4B000FFF756FF804608B94546ECE7B4422246EE
:10C4C000294628BF3246FFF7C2FB29463846FFF708
:10C4D000DBFEF1E738B50023054D044608462B6026
:10C4E000C7F714FF431C02D12B6803B1236038BD8A
:10C4F000D07101207047704751F8043C181F002B81
:10C50000BCBF0B58C0187047F8B500BFF8BC08BCDA
:10C510009E467047F8B500BFF8BC08BC9E46704701
:10C520004144433A2025640D0A0000004C2D464C3E
:10C53000415348004C2D56455249465900000000D1
:10C540004C2D4255535900004C2D4E414D45000095
:10C550004C2D5350414345000000000044415441DC
:10C560002E42494E000000002A3A3C3E7C223F7F8A
:10C57000000000002B2C3B3D5B5D00004641543326
:10C5800032202020000000000D0A464D5F577269DE
:10C590007465202D2044657374696E6174696F6ED3
:10C5A0002061646472657373206E6F7420706172B1
:10C5B00074206F662074686520666C617368000083
:10C5C0000D0A464D5F5772697465202D20536F75B3
:10C5D000726365206F722064657374696E6174693B
:10C5E0006F6E2061646472657373206E6F74207067
:10C5F000726F7065726C7920616C69676E6564003A
:10C600000D0A464D5F5772697465202D205265747E
:10C6100075726E65642076616C7565203A202564BC
:10C62000000000000D0A464D5F4572617365202DC4
:10C6300020496E636F6E73697374656E74207265E2
:10C6400071756573740000000D0A464D5F45726197
:10C650007365202D2052657475726E656420766155
:10C660006C7565203A202564000000000D0A464DD7
:10C670005F4261636B67726F756E6450726F636562
:10C680007373202D204361736520464D5F424B47F5
:10C690004E445F4E4F57494E444F575F464C4153AF
:10C6A000484F50000D0A464D5F4261636B67726FE1
:10C6B000756E6450726F63657373202D20436173D0
:10C6C0006520464D5F424B474E445F4E4F57494EA3
:10C6D000444F575F464C4153484F50202D205772CE
:10C6E000697465206F7065726174696F6E00000017
:10C6F0000D0A464D5F4261636B67726F756E6450E1
:10C70000726F63657373202D204361736520464DFE
:10C710005F424B474E445F4E4F57494E444F575F21
:10C72000464C4153484F50202D204572617365207F
:10C730006F7065726174696F6E0000000D0A464D7E
:10C740005F4261636B67726F756E6450726F636591
:10C750007373202D204361736520464D5F424B4724
:10C760004E445F57494E444F5745445F464C4153F2
:10C77000484F50000D0A464D5F4261636B67726F10
:10C78000756E6450726F63657373202D20436173FF
:10C790006520464D5F424B474E445F57494E444FDC
:10C7A0005745445F464C4153484F50202D204E6F13
:10C7B0002074696D652077696E646F772067726198
:10C7C0006E746564207965742C207265717565736B
:10C7D00074206F6E650000000D0A464D5F42616374
:10C7E0006B67726F756E6450726F63657373202D23
:10C7F000204361736520464D5F424B474E445F576F
:10C80000494E444F5745445F464C4153484F502092
:10C810002D2054696D652077696E646F772067728B
:10C82000616E7465640000000D0A464D5F426163ED
:10C830006B67726F756E6450726F63657373202DD2
:10C84000204361736520464D5F424B474E445F571E
:10C85000494E444F5745445F464C4153484F502042
:10C860002D205772697465206F7065726174696FED
:10C870006E0000000D0A464D5F4261636B67726F88
:10C88000756E6450726F63657373202D20436173FE
:10C890006520464D5F424B474E445F57494E444FDB
:10C8A0005745445F464C4153484F50202D20457218
:10C8B000617365206F7065726174696F6E0000004E
:10C8C0000D0A464D5F4261636B67726F756E64500F
:10C8D000726F63657373202D20466C617368206FDF
:10C8E0007065726174696F6E206E6F7420636F6D16
:10C8F000706C657465207965742C2072657175653E
:10C9000073742061206E65772074696D6520776986
:10C910006E646F77000000000D0A464D5F57696E28
:10C92000646F77416C6C6F7765645F43616C6C62B8
:10C9300061636B000D0A534E564D415F496E697439
:10C94000202D20436F727275707465642062616E71
:10C950006B7320657261736573205B497348656111
:10C960006465724F6B5D00000D0A534E564D415F7A
:10C97000496E6974202D20436F72727570746564FE
:10C980002062616E6B7320657261736573205B4911
:10C99000734372634F6B5D000D0A534E564D415FFA
:10C9A00052656769737465722072657475726E651D
:10C9B0006420307825303258000000000D0A534EB4
:10C9C000564D415F526573746F7265207265747560
:10C9D000726E656420307825303258000D0A534E4F
:10C9E000564D415F5772697465202D20496D706105
:10C9F00063746564204E564D203A20256400000083
:10CA00000D0A534E564D415F5772697465202D20B3
:10CA100050656E64696E6720627566666572203A5D
:10CA2000202564000D0A534E564D415F57726974BC
:10CA300065202D20466C617368206F70657261748B
:10CA4000696F6E2073746172746564202848656133
:10CA5000646572207772697465207265717565739B
:10CA60007429203A202564000D0A534E564D415F2B
:10CA7000466C6173684D616E6167657243616C6C91
:10CA80006261636B202D20466C617368206F706556
:10CA9000726174696F6E207374617465203A2053FB
:10CAA0004E564D415F4845414445525F57524954A7
:10CAB000450000000D0A534E564D415F466C6173B0
:10CAC000684D616E6167657243616C6C6261636B36
:10CAD000202D20466C617368206F706572617469E7
:10CAE0006F6E207374617465203A20534E564D4129
:10CAF0005F52455452595F5752495445202D205298
:10CB000065747279207772697465206F70657261DF
:10CB100074696F6E000000000D0A534E564D415F60
:10CB2000466C6173684D616E6167657243616C6CE0
:10CB30006261636B202D20466C617368206F7065A5
:10CB4000726174696F6E207374617465203A20534A
:10CB50004E564D415F4255464645525F57524954E5
:10CB6000450000000D0A534E564D415F466C6173FF
:10CB7000684D616E6167657243616C6C6261636B85
:10CB8000202D20466C617368206F70657261746936
:10CB90006F6E207374617465203A20534E564D4178
:10CBA0005F4255464645525F5752495445202D2015
:10CBB0005374617274207468652070656E64696E68
:10CBC00067207772697465206F7065726174696F30
:10CBD0006E0000000D0A534E564D415F466C617366
:10CBE000684D616E6167657243616C6C6261636B15
:10CBF000202D20466C617368206F706572617469C6
:10CC00006F6E207374617465203A20534E564D4107
:10CC10005F4255464645525F5752495445202D20A4
:10CC20005265747279207772697465206F706572CD
:10CC30006174696F6E0000000D0A534E564D415FDE
:10CC4000466C6173684D616E6167657243616C6CBF
:10CC50006261636B202D20466C617368206F706584
:10CC6000726174696F6E207374617465203A205329
:10CC70004E564D415F45524153455F42414E4B0038
:10CC80000D0A534E564D415F466C6173684D616E9F
:10CC90006167657243616C6C6261636B202D204635
:10CCA0006C617368206F7065726174696F6E207358
:10CCB00074617465203A20534E564D415F45524190
:10CCC00053455F42414E4B202D20537461727420B6
:10CCD0007468652070656E64696E67207772697428
:10CCE00065206F7065726174696F6E000D0A534E36
:10CCF000564D415F466C6173684D616E6167657248
:10CD000043616C6C6261636B202D20466C617368BB
:10CD1000206F7065726174696F6E207374617465E1
:10CD2000203A20534E564D415F52455452595F5759
:10CD300052495445000000000D0A534E564D415FC4
:10CD4000466C6173684D616E6167657243616C6CBE
:10CD50006261636B202D20466C617368206F706583
:10CD6000726174696F6E207374617465203A205328
:10CD70004E564D415F52455452595F5752495445A2
:10CD8000202D205265747279206572617365206F61
:10CD90007065726174696F6E000000000D0A537453
:10CDA000617274206F662043524320636F6D70750B
:10CDB000746174696F6E00000D0A456E64206F66C1
:10CDC0002043524320636F6D7075746174696F6E98
:10CDD0002C2076616C7565203A20256400000000E7
:10CDE0000D0A534E564D41202D20496E766F6B65CE
:10CDF00042756666657243616C6C6261636B206646
:10CE00006F72204E564D204944203A2025640A0076
:10CE10000A000000536572766963657320616E6471
:10CE200020436861726163746572697374696373C6
:10CE3000206372656174696F6E0A0000456E64203C
:10CE40006F6620536572766963657320616E642036
:10CE50004368617261637465726973746963732096
:10CE60006372656174696F6E0A000000202046617C
:10CE7000696C2020203A206163695F68616C5F7390
:10CE800065745F726164696F5F6163746976697408
:10CE9000795F6D61736B20636F6D6D616E642C20C3
:10CEA000726573756C743A2030782532580A000028
:10CEB0002020537563636573733A206163695F680B
:10CEC000616C5F7365745F726164696F5F616374E5
:10CED00069766974795F6D61736B20636F6D6D61E5
:10CEE0006E640A0D000000003E3E3D3D204843496F
:10CEF0005F444953434F4E4E454354494F4E5F4361
:10CF00004F4D504C4554455F4556545F434F444543
:10CF10000A00000020202020202D20436F6E6E6527
:10CF20006374696F6E2048616E646C653A202020DE
:10CF30003078253034580A20202020202D205265BA
:10CF400061736F6E3A202020203078253032580AE5
:10CF5000000000003E3E3D3D204843495F484152AD
:10CF600044574152455F4552524F525F4556545FB8
:10CF7000434F44450A00000048617264776172655E
:10CF800020436F6465203D203078253032580A00F8
:10CF90003E3E3D3D204843495F4C455F434F4E4E2A
:10CFA000454354494F4E5F5550444154455F434FAC
:10CFB0004D504C4554455F5355424556545F434F81
:10CFC00044450A0020202020202D20436F6E6E65EE
:10CFD0006374696F6E20496E74657276616C3A2075
:10CFE000202025642E25303264206D730A202020F5
:10CFF00020202D20436F6E6E656374696F6E206C08
:10D000006174656E63793A2020202025640A20200F
:10D010002020202D205375706572766973696F6EBC
:10D020002054696D656F75743A2020202564206D49
:10D03000730A20202020202D205374617475733AC8
:10D0400020202020202020202020202020202020E0
:10D050003078253032580A003E3E3D3D2048434955
:10D060005F4C455F454E48414E4345445F434F4EFC
:10D070004E454354494F4E5F434F4D504C455445E8
:10D080005F5355424556545F434F4445202D20433E
:10D090006F6E6E656374696F6E2068616E646C6537
:10D0A0003A203078253034580A0000002020202013
:10D0B000202D20436F6E6E656374696F6E206573FB
:10D0C0007461626C69736865642077697468204074
:10D0D0003A253032783A253032783A253032783A6B
:10D0E000253032783A253032783A253032780A00C5
:10D0F00020202020202D20436F6E6E656374696FA1
:10D100006E20496E74657276616C3A202020256429
:10D110002E25303264206D730A20202020202D20FF
:10D12000436F6E6E656374696F6E206C6174656EBB
:10D1300063793A2020202025640A20202020202DF9
:10D14000205375706572766973696F6E2054696DCE
:10D15000656F75743A2020202564206D730A2020A5
:10D160002020202D205374617475733A20202020D4
:10D170002020202020202020202020307825303220
:10D18000580A00003E3E3D3D204843495F4C455F04
:10D19000434F4E4E454354494F4E5F434F4D504CC5
:10D1A0004554455F5355424556545F434F444520CF
:10D1B0002D20436F6E6E656374696F6E2068616EBB
:10D1C000646C653A203078253034580A000000003D
:10D1D0003E3E3D3D204143495F4741505F50524FE5
:10D1E000435F434F4D504C4554455F56534556544D
:10D1F0005F434F44450A00003E3E3D3D20414349C8
:10D200005F4741505F4B455950524553535F4E4F16
:10D2100054494649434154494F4E5F56534556542D
:10D220005F434F44450A00003E3E3D3D2041434997
:10D230005F4741505F504153535F4B45595F5245E3
:10D24000515F56534556545F434F44450A00000012
:10D250003D3D3E3E206163695F6761705F70617351
:10D26000735F6B65795F72657370203A2046616900
:10D270006C2C20726561736F6E3A203078253032E5
:10D28000580A00003D3D3E3E206163695F67617062
:10D290005F706173735F6B65795F72657370203A5D
:10D2A00020537563636573730A0000003E3E3D3D85
:10D2B000204143495F4741505F4E554D45524943D8
:10D2C0005F434F4D50415249534F4E5F56414C556D
:10D2D000455F56534556545F434F44450A0000008E
:10D2E00020202020202D206E756D657269635F7689
:10D2F000616C7565203D20256C640A00202020208B
:10D30000202D204865785F76616C7565203D20256D
:10D310006C780A003D3D3E3E206163695F67617045
:10D320005F6E756D657269635F636F6D7061726961
:10D33000736F6E5F76616C75655F636F6E66697241
:10D340006D5F7965736E6F203A204661696C2C20A1
:10D35000726561736F6E3A203078253032580A005A
:10D360003D3D3E3E206163695F6761705F6E756D34
:10D37000657269635F636F6D70617269736F6E5F11
:10D3800076616C75655F636F6E6669726D5F7965F6
:10D39000736E6F203A20537563636573730A0000E0
:10D3A0003E3E3D3D204143495F4741505F5041492A
:10D3B00052494E475F434F4D504C4554455F56537D
:10D3C0004556545F434F44450A000000202020206A
:10D3D000202D2050616972696E67204B4F0A202012
:10D3E0002020202D205374617475733A20307825E5
:10D3F0003032580A20202020202D20526561736F82
:10D400006E3A203078253032580A00002020202043
:10D41000202D2050616972696E67205375636365C2
:10D4200073730A003E3E3D3D204143495F474150F2
:10D430005F424F4E445F4C4F53545F4556454E54E8
:10D440000A0000003D3D3E3E206163695F676170F8
:10D450005F616C6C6F775F7265626F6E64203A20FB
:10D460004661696C2C20726561736F6E3A2030786A
:10D47000253032580A0000003D3D3E3E2061636980
:10D480005F6761705F616C6C6F775F7265626F6E12
:10D4900064203A20537563636573730A00000000CB
:10D4A0003E3E3D3D204143495F48414C5F46575F0A
:10D4B0004552524F525F56534556545F434F444571
:10D4C0000A0000004657204572726F72205479702E
:10D4D00065203D203078253032580A006863695F46
:10D4E0006C655F726561645F706879206661696C04
:10D4F0007572653A20726561736F6E3D30782530C4
:10D5000032580A003D3D3E3E206863695F6C655FAE
:10D51000726561645F706879202D2053756363655F
:10D5200073730A003D3D3E3E2050485920506172C1
:10D53000616D202054583D2025642C2052583D20F8
:10D5400025640A003D3D3E3E206863695F6C655F6F
:10D550007365745F7068792050485920506172611A
:10D560006D202054583D2025642C2052583D202504
:10D5700064202D20000000004661696C0A00000054
:10D58000537563636573730A000000006163695F2C
:10D590006761705F7465726D696E61746520666144
:10D5A000696C7572653A20726561736F6E3D307893
:10D5B000253032580A0000003D3D3E3E206163693F
:10D5C0005F6761705F7465726D696E617465203A42
:10D5D00020537563636573730A0000006163695FBC
:10D5E000676174745F65786368616E67655F636FB8
:10D5F0006E666967206661696C7572653A2072654E
:10D6000061736F6E3D3078253032580A000000009B
:10D610003D3D3E3E206163695F676174745F65787C
:10D620006368616E67655F636F6E666967203A2045
:10D63000537563636573730A000000003D3D3E3E11
:10D64000206163695F6761705F7365745F646973AC
:10D65000636F76657261626C65202D206661696C0E
:10D660002C20726573756C743A20307825303258EE
:10D670000A0000003D3D3E3E206163695F676170C6
:10D680005F7365745F646973636F76657261626C02
:10D6900065202D20537563636573730A00000000D5
:10D6A0003D3D3E3E2064656C657465207478207055
:10D6B0006F776572206C6576656C202D20666169D8
:10D6C0006C2C20726573756C743A2030782530327A
:10D6D000580A00003D3D3E3E205374617274204163
:10D6E00064766572746973696E67204661696C65FA
:10D6F000642C20726573756C743A20307825303252
:10D70000580A00003D3D3E3E2053756363657373C8
:10D710003A2053746172742041647665727469733F
:10D72000696E670A000000006163695F6761705F8E
:10D730007365745F6E6F6E5F646973636F76657235
:10D7400061626C65202D206661696C2C20726573A6
:10D75000756C743A203078253032580A0000000089
:10D760003D3D3E3E206163695F6761705F73657434
:10D770005F6E6F6E5F646973636F76657261626C12
:10D7800065202D20537563636573730A00000000E4
:10D790006163695F6761705F7570646174655F6123
:10D7A00064765F64617461202D206661696C2C2051
:10D7B000726573756C743A203078253032580A00DF
:10D7C0003D3D3E3E206163695F6761705F757064D7
:10D7D0006174655F6164765F64617461202D2053BC
:10D7E0007563636573730A006163695F6C326361BB
:10D7F000705F636F6E6E656374696F6E5F70617288
:10D80000616D657465725F7570646174655F726582
:10D8100071202D206661696C2C20726573756C74A3
:10D820003A203078253032580A0000003D3D3E3E17
:10D83000206163695F6C326361705F636F6E6E65F8
:10D840006374696F6E5F706172616D657465725F3C
:10D850007570646174655F726571202D2053756306
:10D86000636573730A00000053657420617070650E
:10D8700072616E63652030782530345820696E20DF
:10D8800047415020646174616261736520776974F7
:10D8900068207374617475732025640A00000000A9
:10D8A00053657420646576696365206E616D6520DB
:10D8B000696E204741502064617461626173652024
:10D8C00077697468207374617475732025640A0025
:10D8D00020204661696C2020203A206163695F68DE
:10D8E000616C5F77726974655F636F6E6669675FAD
:10D8F0006461746120636F6D6D616E64202D2043DF
:10D900004F4E4649475F444154415F4741505F4154
:10D9100044445F5245435F4E42525F4F4646534533
:10D92000542C20726573756C743A2030782530322F
:10D93000580A00002020537563636573733A2061B1
:10D9400063695F68616C5F77726974655F636F6E4E
:10D950006669675F6461746120636F6D6D616E6499
:10D96000202D20434F4E4649475F444154415F4775
:10D9700041505F4144445F5245435F4E42525F4FC6
:10D9800046465345540A00003D3D3E3E20537461D7
:10D99000727420426C655F4863695F4761705F47DE
:10D9A0006174745F496E69742066756E6374696F23
:10D9B0006E0A000020204661696C2020203A206118
:10D9C00063695F68616C5F77726974655F636F6ECE
:10D9D0006669675F6461746120636F6D6D616E6419
:10D9E000202D20434F4E4649475F444154415F50EC
:10D9F0005542414444525F4F46465345542C207291
:10DA00006573756C743A203078253032580A0000FE
:10DA10002020537563636573733A206163695F689F
:10DA2000616C5F77726974655F636F6E6669675F6B
:10DA30006461746120636F6D6D616E64202D20439D
:10DA40004F4E4649475F444154415F50554241441F
:10DA500044525F4F46465345540A000020205075FB
:10DA6000626C696320426C7565746F6F74682041E5
:10DA70006464726573733A20253032783A25303207
:10DA8000783A253032783A253032783A2530327873
:10DA90003A253032780A000020204661696C202047
:10DAA000203A206163695F68616C5F7772697465B1
:10DAB0005F636F6E6669675F6461746120636F6D39
:10DAC0006D616E64202D20434F4E4649475F4441AF
:10DAD00054415F49525F4F46465345542C2072656E
:10DAE00073756C743A203078253032580A00000083
:10DAF0002020537563636573733A206163695F68BF
:10DB0000616C5F77726974655F636F6E6669675F8A
:10DB10006461746120636F6D6D616E64202D2043BC
:10DB20004F4E4649475F444154415F49525F4F461B
:10DB3000465345540A00000020204661696C2020AD
:10DB4000203A206163695F68616C5F777269746510
:10DB50005F636F6E6669675F6461746120636F6D98
:10DB60006D616E64202D20434F4E4649475F44410E
:10DB700054415F45525F4F46465345542C207265D1
:10DB800073756C743A203078253032580A000000E2
:10DB90002020537563636573733A206163695F681E
:10DBA000616C5F77726974655F636F6E6669675FEA
:10DBB0006461746120636F6D6D616E64202D20431C
:10DBC0004F4E4649475F444154415F45525F4F467F
:10DBD000465345540A00000020204661696C20200D
:10DBE000203A206163695F68616C5F7365745F747C
:10DBF000785F706F7765725F6C6576656C20636FB8
:10DC00006D6D616E642C20726573756C743A203092
:10DC100078253032580A00002020537563636573FD
:10DC2000733A206163695F68616C5F7365745F74E8
:10DC3000785F706F7765725F6C6576656C20636F77
:10DC40006D6D616E640A000020204661696C2020C1
:10DC5000203A206163695F676174745F696E6974FB
:10DC600020636F6D6D616E642C20726573756C74CA
:10DC70003A203078253032580A00000020205375B1
:10DC800063636573733A206163695F676174745F8E
:10DC9000696E697420636F6D6D616E640A000000C7
:10DCA00020204661696C2020203A206163695F670B
:10DCB00061705F696E697420636F6D6D616E642C55
:10DCC00020726573756C743A203078253032580AAA
:10DCD000000000002020537563636573733A206170
:10DCE00063695F6761705F696E697420636F6D6DF2
:10DCF000616E640A0000000020204661696C2020EB
:10DD0000203A206163695F676174745F7570646154
:10DD100074655F636861725F76616C7565202D2044
:10DD2000446576696365204E616D652C207265736C
:10DD3000756C743A203078253032580A00000000A3
:10DD40002020537563636573733A206163695F676D
:10DD50006174745F7570646174655F636861725F3C
:10DD600076616C7565202D20446576696365204E6B
:10DD7000616D650A0000000020204661696C20206A
:10DD8000203A206163695F676174745F75706461D4
:10DD900074655F636861725F76616C7565202D20C4
:10DDA000417070656172616E63652C207265737578
:10DDB0006C743A203078253032580A002020537590
:10DDC00063636573733A206163695F676174745F4D
:10DDD0007570646174655F636861725F76616C75AC
:10DDE00065202D20417070656172616E63650A0067
:10DDF00047415020726F6C652063616E6E6F7420B6
:10DE00006265206E756C6C0A00000000202046617F
:10DE1000696C2020203A206863695F6C655F7365D8
:10DE2000745F64656661756C745F70687920636F98
:10DE30006D6D616E642C20726573756C743A203060
:10DE400078253032580A00002020537563636573CB
:10DE5000733A206863695F6C655F7365745F6465BE
:10DE60006661756C745F70687920636F6D6D616E4B
:10DE7000640A000020204661696C2020203A20615D
:10DE800063695F6761705F7365745F696F5F63612A
:10DE9000706162696C69747920636F6D6D616E6425
:10DEA0002C20726573756C743A20307825303258A6
:10DEB0000A0000002020537563636573733A206184
:10DEC00063695F6761705F7365745F696F5F6361EA
:10DED000706162696C69747920636F6D6D616E64E5
:10DEE0000A00000020204661696C2020203A206151
:10DEF00063695F6761705F7365745F61757468659E
:10DF00006E7469636174696F6E5F72657175697251
:10DF1000656D656E7420636F6D6D616E642C20722B
:10DF20006573756C743A203078253032580A0000D9
:10DF30002020537563636573733A206163695F677B
:10DF400061705F7365745F61757468656E74696331
:10DF50006174696F6E5F726571756972656D656E0A
:10DF60007420636F6D6D616E640A0000202046614D
:10DF7000696C2020203A206163695F6761705F638C
:10DF80006F6E6669677572655F77686974656C69DD
:10DF9000737420636F6D6D616E642C207265737590
:10DFA0006C743A203078253032580A00202053759E
:10DFB00063636573733A206163695F6761705F6370
:10DFC0006F6E6669677572655F77686974656C699D
:10DFD000737420636F6D6D616E640A00202046616A
:10DFE000696C2020203A206163695F676174745F07
:10DFF0006164645F6368617220636F6D6D616E64FC
:10E00000203A2044657669636520496E666F204337
:10E010006861722C206572726F7220636F64653A5A
:10E020002030782532580A002020537563636573C9
:10E03000733A206163695F676174745F6164645FF0
:10E040006368617220636F6D6D616E64203A204475
:10E05000657669636520496E666F20436861720A60
:10E06000000000002D2D2D2D2D2D2D2D2D2D2D2D94
:10E070002D2D2D2D2D2D2D2D2D2D2D2D2D2D2D2DD0
:10E080002D2D2D2D2D2D2D2D2D2D2D2D2D2D2D2DC0
:10E090002D0A00002D2D2044455649434520494E68
:10E0A000464F2043484152203A20446576696365D3
:10E0B000204944203D203078253032582025303208
:10E0C000580A00002D2D2044455649434520494E0D
:10E0D000464F2043484152203A2052657669736981
:10E0E0006F6E204944203D2030782530325820255D
:10E0F0003032580A000000002D2D20444556494377
:10E100004520494E464F2043484152203A20426F15
:10E11000617264204944203D203078253032580A0D
:10E12000000000002D2D2044455649434520494E0E
:10E13000464F2043484152203A20485720506163BF
:10E140006B616765203D203078253032580A000029
:10E150002D2D2044455649434520494E464F2043E6
:10E16000484152203A204170706C69636174696F54
:10E170006E204944203D203078253032580A000076
:10E180002D2D2044455649434520494E464F2043B6
:10E19000484152203A20486F737420537461636B76
:10E1A0002076657273696F6E203D2030782530329D
:10E1B000580A00002D2D2044455649434520494E1C
:10E1C000464F2043484152203A20486F73742053F1
:10E1D0007461636B2054797065203D203078253060
:10E1E00032580A0020204661696C2020203A2061C4
:10E1F00063695F676174745F7570646174655F63A0
:10E200006861725F76616C756520444556494E467B
:10E210004F20636F6D6D616E642C206572726F723A
:10E2200020636F64653A2030782532580A00000078
:10E230002020537563636573733A206163695F6778
:10E240006174745F7570646174655F636861725F47
:10E2500076616C756520444556494E464F20636F84
:10E260006D6D616E640A00003D3D3E3E20456E646A
:10E2700020426C655F4863695F4761705F47617406
:10E28000745F496E69742066756E6374696F6E0A97
:10E29000000000006543211E08000000123456787B
:10E2A0009ABCDEF0123456789ABCDEF0FEDCBA0975
:10E2B00087654321FEDCBA0987654321416C6C6F99
:10E2C00063206661696C65640A0000002020466175
:10E2D000696C2020203A206163695F676174745F14
:10E2E0006164645F7365727669636520636F6D6DE9
:10E2F000616E643A20424C455F53656E736F722CB9
:10E30000206572726F7220636F64653A20307825E1
:10E3100078200A002020537563636573733A206187
:10E3200063695F676174745F6164645F736572766B
:10E3300069636520636F6D6D616E643A20426C6540
:10E340005F73656E736F7253766348646C65203DCE
:10E35000203078253034580A000000002020466123
:10E36000696C2020203A206163695F676174745F83
:10E370006164645F6368617220636F6D6D616E6478
:10E380002020203A204D59444154412C206572727E
:10E390006F7220636F64653A2030782532580A0026
:10E3A0002020537563636573733A206163695F6707
:10E3B0006174745F6164645F6368617220636F6D30
:10E3C0006D616E642020203A204D79646174614350
:10E3D00068617248646C65203D203078253034587F
:10E3E0000A00000020204661696C2020203A20614C
:10E3F00063695F676174745F6164645F63686172BD
:10E4000020636F6D6D616E642020203A2052454379
:10E41000444154412C206572726F7220636F6465B1
:10E420003A2030782532580A000000002020537529
:10E4300063636573733A206163695F676174745FD6
:10E440006164645F6368617220636F6D6D616E64A7
:10E450002020203A205265636461746143686172D0
:10E4600048646C65203D203078253034580A00001F
:10E4700020204661696C2020203A206163695F6733
:10E480006174745F7570646174655F636861725F05
:10E4900076616C7565204D594441544120636F6D20
:10E4A0006D616E642C206572726F7220636F64659B
:10E4B0003A2030782532580A000000002020537599
:10E4C00063636573733A206163695F676174745F46
:10E4D0007570646174655F636861725F76616C75A5
:10E4E00065204D594441544120636F6D6D616E64E8
:10E4F0000A00000020204661696C2020203A20613B
:10E5000063695F676174745F7570646174655F638C
:10E510006861725F76616C75652052454344415471
:10E520004120636F6D6D616E642C206572726F7235
:10E5300020636F64653A2030782532580A00000065
:10E540002020537563636573733A206163695F6765
:10E550006174745F7570646174655F636861725F34
:10E5600076616C7565205245434441544120636F88
:10E570006D6D616E640A00000000D81080005810B4
:10E5800040009810C00018101000C81090004810EB
:10E5900050008810D00008100800D01088005010DB
:10E5A00048009010C80010101800C01098004010CB
:10E5B00058008010D80000100010D80080105800BB
:10E5C00040109800C01018001010C80090104800AB
:10E5D00050108800D01008000810D000881050009B
:10E5E00048109000C81010001810C000981040008B
:10E5F00058108000D8100000000000000102030441
:10E6000000000000010203040100020004000600F3
:10E6100008000A000C0010002000400080000001EB
:10E6200001010103070100000804020408010101BF
:10E6300001030507090E10121416181C1E00000015
:10E64000A7009881A8004E81B0008B81B1007D8128
:10E65000B4004C81B600F781D7007E81F70080813D
:10E6600091039F839203A0839303A1839403A283C6
:10E670009503A3839603A4839703A5839803A68396
:10E680009903A7839A03A8839B03A9839C03AA8366
:10E690009D03AB839E03AC839F03AD83A003AE8336
:10E6A000A103AF83A303B083A403B183A503B28303
:10E6B000A603B383A703B483A803B583A903B683D2
:10E6C000B103BF83B203C083B303C183B403C28366
:10E6D000B503C383B603C483B703C583B803C68336
:10E6E000B903C783BA03C883BB03C983BC03CA8306
:10E6F000BD03CB83BE03CC83BF03CD83C003CE83D6
:10E70000C103CF83C303D083C403D183C503D283A2
:10E71000C603D383C703D483C803D583C903D68371
:10E72000010446841004408411044184120442848C
:10E730001304438414044484150445841604478454
:10E74000170448841804498419044A841A044B8421
:10E750001B044C841C044D841D044E841E044F84F1
:10E760001F045084200451842104528422045384C1
:10E770002304548424045584250456842604578491
:10E78000270458842804598429045A842A045B8461
:10E790002B045C842C045D842D045E842E045F8431
:10E7A0002F046084300470843104718432047284D4
:10E7B0003304738434047484350475843604778494
:10E7C000370478843804798439047A843A047B8461
:10E7D0003B047C843C047D843D047E843E04808430
:10E7E0003F048184400482844104838442048484FD
:10E7F00043048584440486844504878446048884CD
:10E800004704898448048A8449048B844A048C849C
:10E810004B048D844C048E844D048F844E0490846C
:10E820004F0491845104768410205D8115205C8111
:10E8300018206581192066811C2067811D20688150
:10E840002020F5812120F681252064812620638106
:10E850003020F18132208C8133208D813B20A681B4
:10E8600003218E8116218287212184872B21F0812B
:10E87000602154876121558762215687632157871C
:10E88000642158876521598766215A8767215B87EC
:10E8900068215C8769215D87702140FA712141FA06
:10E8A000722142FA732143FA742144FA752145FA20
:10E8B000762146FA772147FA782148FA792149FAF0
:10E8C0009021A9819121AA819221A8819321AB81D4
:10E8D000D221CB81D421CC810022CD810222DD81C5
:10E8E0000322CE810722DE810822B8810B22B98162
:10E8F000112294871A22E3811D22E5811E2287813D
:10E900001F2298872022DA81252261812722C8814F
:10E910002822C9812922BF812A22BE812B22E78198
:10E920002C22E8812E229387342288813522E681A9
:10E930003D22E4815222E081602282816122DF81D6
:10E9400066228581672286816A22E1816B22E281CB
:10E950008222BC818322BD818622BA818722BB812B
:10E96000A522DB81BF2299871223DC8160244087A6
:10E970006124418762244287632443876424448757
:10E980006524458766244687672447876824488727
:10E99000692449876A244A876B244B876C244C87F7
:10E9A0006D244D876E244E876F244F8770245087C7
:10E9B00071245187722452877324538700259F84C2
:10E9C0000125AA840225A0840325AB840C25A184FB
:10E9D0000F25AC841025A2841325AD841425A484AE
:10E9E0001725AF841825A3841B25AE841C25A58478
:10E9F0001D25BA842025B5842325B0842425A78429
:10EA00002525BC842825B7842B25B2842C25A684F3
:10EA10002F25B6843025BB843325B1843425A884C2
:10EA20003725B8843825BD843B25B3843C25A9848B
:10EA30003F25B9844225BE844B25B484A025A181FD
:10EA4000A125A081B225A381B325A281BC25A581E2
:10EA5000BD25A481C6259F81C7259E81CB259B818D
:10EA6000CE259D81CF259C81EF25FC8105269A81AD
:10EA70000626998140268A81422689816A26F48168
:10EA80006D26F3816F26F281003040810130418193
:10EA90000230428103305681053058810630598159
:10EAA00007305A8108307181093072810A307381D0
:10EAB0000B3074810C3075810D3076810E3077818A
:10EAC0000F3078811030798111307A811230A7812E
:10EAD0001330AC8114306B8115306C811D30808710
:10EAE0001F30818741309F824230A0824330A18213
:10EAF0004430A2824530A3824630A4824730A582AA
:10EB00004830A6824930A7824A30A8824B30A98279
:10EB10004C30AA824D30AB824E30AC824F30AD8249
:10EB20005030AE825130AF825230B0825330B18219
:10EB30005430B2825530B3825630B4825730B582E9
:10EB40005830B6825930B7825A30B8825B30B982B9
:10EB50005C30BA825D30BB825E30BC825F30BD8289
:10EB60006030BE826130BF826230C0826330C18259
:10EB70006430C2826530C3826630C4826730C58229
:10EB80006830C6826930C7826A30C8826B30C982F9
:10EB90006C30CA826D30CB826E30CC826F30CD82C9
:10EBA0007030CE827130CF827230D0827330D18299
:10EBB0007430D2827530D3827630D4827730D58269
:10EBC0007830D6827930D7827A30D8827B30D98239
:10EBD0007C30DA827D30DB827E30DC827F30DD8209
:10EBE0008030DE828130DF828230E0828330E182D9
:10EBF0008430E2828530E3828630E4828730E582A9
:10EC00008830E6828930E7828A30E8828B30E98278
:10EC10008C30EA828D30EB828E30EC828F30ED8248
:10EC20009030EE829130EF829230F0829330F18218
:10EC30009B304A819C304B819D3054819E30558160
:10EC4000A1304083A2304183A3304283A430438368
:10EC5000A5304483A6304583A7304683A830478338
:10EC6000A9304883AA304983AB304A83AC304B8308
:10EC7000AD304C83AE304D83AF304E83B0304F83D8
:10EC8000B1305083B2305183B3305283B4305383A8
:10EC9000B5305483B6305583B7305683B830578378
:10ECA000B9305883BA305983BB305A83BC305B8348
:10ECB000BD305C83BE305D83BF305E83C0305F8318
:10ECC000C1306083C2306183C3306283C4306383E8
:10ECD000C5306483C6306583C7306683C8306783B8
:10ECE000C9306883CA306983CB306A83CC306B8388
:10ECF000CD306C83CE306D83CF306E83D0306F8358
:10ED0000D1307083D2307183D3307283D430738327
:10ED1000D5307483D6307583D7307683D8307783F7
:10ED2000D9307883DA307983DB307A83DC307B83C7
:10ED3000DD307C83DE307D83DF307E83E030808396
:10ED4000E1308183E2308283E3308383E430848363
:10ED5000E5308583E6308683E7308783E830888333
:10ED6000E9308983EA308A83EB308B83EC308C8303
:10ED7000ED308D83EE308E83EF308F83F0309083D3
:10ED8000F1309183F2309283F3309383F4309483A3
:10ED9000F5309583F6309683FB304581FC305B81FE
:10EDA000FD305281FE30538131328A8732328B8777
:10EDB00039328C87A4328587A5328687A632878729
:10EDC000A7328887A8328987033365870D3369871F
:10EDD00014336087183363872233618723336B874B
:10EDE00026336A87273364872B336C8736336687ED
:10EDF0003B336E8749335F874A336D874D33628774
:10EE000051336787573368877B337E877C338F879F
:10EE10007D338E877E338D878E3372878F337387F2
:10EE20009C336F879D3370879E337187A1337587BD
:10EE3000C4337487CD338387004EEA88014E9A929B
:10EE4000034EB58E074E9C96084EE48F094E4F8EAA
:10EE50000A4EE38F0B4EBA890D4E73950E4E5E9798
:10EE6000104EA098114E4E89144E8E8A154EA198C0
:10EE7000164EA290174EC099184E758B194EB89524
:10EE80001E4EE58F214EBC97264EC095284E68FA3F
:10EE90002A4EA2982D4E8692314EA398324EF88B70
:10EEA000364EA498384EDB8A394E4F923B4EE58E53
:10EEB0003C4EA5983F4EA698424EA798434E549478
:10EEC000454E768B4B4E56944D4EE1934E4EC18C33
:10EED0004F4E5296554E68E5564EA898574EE68FBF
:10EEE000584EA998594EB3895D4EE38B5E4EEE8C19
:10EEF0005F4EE796624EA49B714E9097734EFB93C4
:10EF00007E4EA38A804E548B824EAA98854EAB9833
:10EF1000864EB997884E5C97894E88918A4EAD98F7
:10EF20008B4E968E8C4EF1938E4EB098914E5D899D
:10EF3000924EDD8C944EDC8C954EE488984E6A9807
:10EF4000994E69989B4EB18D9C4E9F889E4EB1986C
:10EF50009F4EB298A04EB398A14E5396A24EB4982D
:10EF6000A44EF08CA54EE588A64E9296A84E9C8B9A
:10EF7000AB4E9D8BAC4E9E8BAD4EE092AE4EBA9793
:10EF8000B04EB598B34EB698B64EB798BA4E6C9090
:10EF9000C04E598FC14E6D90C24EBC98C44EBA98A7
:10EFA000C64EBB98C74E778BCA4EA18DCB4EEE890D
:10EFB000CD4EB998CE4EB898CF4EA795D44E658E0B
:10EFC000D54E648ED64EBC91D74EBD98D84E749512
:10EFD000D94EE590DD4E5781DE4EBE98DF4EC0988B
:10EFE000E14E69FAE34EE391E44EDF97E54EC888BF
:10EFF000ED4EBF98EE4EBC89F04EC28BF24E87921A
:10F00000F64E8F8CF74EC198FB4E4394FC4E6AFA35
:10F01000004F6BFA014FE98A034F6CFA094FC2980F
:10F020000A4FC9880D4FDE8C0E4FEA8A0F4F9A9512
:10F03000104FB094114F788B1A4FEF891C4FE59801
:10F040001D4F60932F4F8C94304FC498344FBA9417
:10F05000364FE097384F4C90394F6DFA3A4F668EE5
:10F060003C4F978E3D4FBE89434FCF92464F4192C2
:10F07000474FC8984D4FCA884E4FE1924F4F5A8F15
:10F08000504FB28D514F4397534FCC91554FBD893F
:10F09000564F6EFA574FC798594F5D975A4FC398BE
:10F0A0005B4FC5985C4FEC8D5D4FC6985E4F439BA0
:10F0B000694FCE986F4FD198704FCF98734FC089DA
:10F0C000754FB995764FC9987B4FCD987C4FF18C91
:10F0D0007F4F678E834FA48A864FD298884FCA98F5
:10F0E0008A4F70FA8B4FE1978D4F988E8F4FCB9848
:10F0F000914FD098924F6FFA944F72FA964FD398DF
:10F10000984FCC989A4F71FA9B4F9F8B9D4FCB880D
:10F11000A04FA08BA14FBF89AB4F449BAD4F999699
:10F12000AE4F8E95AF4FF28CB54F4E90B64FB59710
:10F13000BF4FD695C24F578CC34FA391C44FE2899E
:10F14000C94F61FACA4F728FCD4F73FACE4FD7981D
:10F15000D04FDC98D14FDA98D44FD598D74FAD9196
:10F16000D84FD898DA4FDB98DB4FD998DD4FDB9535
:10F17000DF4FD698E14F4D90E34F9396E44FDD98E3
:10F18000E54FDE98EE4F438FEF4FEB98F34F6F94C0
:10F19000F54F5595F64FE698F84FEE95FA4FB4892E
:10F1A000FE4FEA98FF4F76FA0550E4980650ED9826
:10F1B000095071910B50C28C0D507B940F50C5E0DB
:10F1C0001150EC9812507C931450E1981650F48C26
:10F1D0001950F38C1A50DF981E5077FA1F50D88EB2
:10F1E0002150E798225075FA2350ED9524506C92E7
:10F1F0002550E3982650918C2850E0982950E898A3
:10F200002A50E2982B50CF972C50E9982D506098B7
:10F210003650E48B3950908C405074FA42507AFA50
:10F220004350EE98465078FA4750EF984850F3987C
:10F230004950CC884F50CE955050F2985550F19887
:10F240005650F5985A50F4985C50E2926550928C62
:10F250006C50F698705079FA7250C38E7450A49125
:10F260007550E3927650F48B7850F7987D50558B1B
:10F270008050F8988550FA988D5054969150868C0D
:10F2800094507BFA9850508E9950F5949A50F99872
:10F29000AC50C38DAD506297B250FC98B3504299B8
:10F2A000B450FB98B550C28DB7509D8FBE50588C4E
:10F2B000C2504399C550CD8BC9504099CA5041990D
:10F2C000CD50AD93CF509C91D150A18BD5506C9621
:10F2D000D6504499D8507DFADA50BB97DE50459904
:10F2E000E3504899E5504699E7506D91ED504799A4
:10F2F000EE504999F4507CFAF5504B99F9504A99DF
:10F30000FB50C6950051568B01514D9902514E99B3
:10F310000451AD8909514C991251F28E14515199F1
:10F320001551509916514F991851D4981A51529914
:10F330001F519E8F215153992A5144973251D7968C
:10F34000375155993A5154993B5157993C515699D7
:10F350003F515899405159994151F2884351B38CCA
:10F3600044515A8C45515B8F46519B924751A28B19
:10F370004851E6904951F58C4A517EFA4B518E8D99
:10F380004C515B994D51C6964E5165935051998E93
:10F3900052515A9954515C995A517D935C51958AB6
:10F3A00062515D99645180FA6551FC9368515391A3
:10F3B00069515F996A5160996B51AA946C51F68CAE
:10F3C0006D515A986E5161997151A48B7551BA95CE
:10F3D0007651B4917751EF8B785154937C51938C43
:10F3E00080516299825163998551E09386517E895B
:10F3F000895166998A51FB8D8C5165998D51C48DC7
:10F400008F5167999051ECE39151689992516096B0
:10F410009351699995516A9996516B999751E78FD4
:10F420009951CA8E9D5181FAA051A58AA2516E9917
:10F43000A4516C99A551BB96A6516D99A851799587
:10F44000A9516F99AA517099AB517199AC517E93A2
:10F45000B0517599B1517399B2517499B351729970
:10F46000B451E18DB5517699B651E896B751E2970E
:10F47000BD517799BE5182FAC451A690C551789971
:10F48000C651798FC9517999CB519C92CC51BD9776
:10F49000CD518093D651C399DB517A99DC51A3EABF
:10F4A000DD51C38BE0517B99E1517D96E651888F08
:10F4B000E751FA91E9517D99EA51E293EC5183FACF
:10F4C000ED517E99F0518099F1514D8AF551819914
:10F4D000F651A58BF851CA93F9519A89FA516F8F59
:10F4E000FD519F94FE5182990052819303526E9078
:10F4F000045283990652AA950752D8900852A08ABE
:10F500000A52A78A0B5284990E5286991152598C2D
:10F5100014528599155284FA1752F1971D52898F0A
:10F520002452BB942552CA952752879929529897FD
:10F530002A5288992E52899930529E9333528A9931
:10F540003652A7903752FC8D3852948C39528B9991
:10F550003A52688E3B528F8D4352E49244528D99B9
:10F560004752A5914A52ED8D4B528E994C528F992C
:10F570004D524F914F528C995452919956525596E3
:10F580005B52848D5E5290996352958C6452DC8DEF
:10F5900065528D94695294996A5292996F529B95D3
:10F5A0007052E88F71529B997252848A7352959966
:10F5B0007452939975526E917D5297997F52969994
:10F5C0008352638A8752808C88529C998952AB9768
:10F5D0008D52989991529D9992529A9994529999D3
:10F5E0009B52CD979C5285FA9F52F78CA052C189AD
:10F5F000A352F297A65286FAA952958FAA527793F0
:10F60000AB52858DAC52A099AD52A199AF5277FB08
:10F61000B152E397B4524A98B552A399B952F88CB3
:10F62000BC52A299BE524E8AC05287FAC152A499C6
:10F63000C3527596C552BA92C7524597C952D795CB
:10F64000CD52A599D252D3E8D552AE93D752A699AE
:10F65000D852A88AD952B196DB5288FADD529F8FD0
:10F66000DE52A799DF52E595E052AB99E252A8909D
:10F67000E352A899E452CE8BE652A999E752A98A9F
:10F68000F2524D8CF352AC99F552AD99F852AE99B5
:10F69000F952AF99FA52D98EFE52F98CFF52DC968C
:10F6A000005389FA0153E6960253F5930553EF95FB
:10F6B0000653B09907538AFA0853B1990D53B39979
:10F6C0000F53B5991053B4991553B6991653BB8976
:10F6D00017536B961953FA8D1A53B7991D53789196
:10F6E0002053A08F2153A78B2353B89924538BFA0F
:10F6F0002A53D9942F53B9993153BA993353BB999B
:10F700003853BC99395343953A53E68B3B53E388BE
:10F710003F53BD934053BD9941535C8F4353E79092
:10F720004553BF994653BE994753A18F4853DF8C29
:10F730004953C1994A53BC944D53C2995153DA94D9
:10F740005253B2915353EC915453A68B5753EC93AD
:10F75000585350925A538E945C536D965E53C4998D
:10F760006053E8906653548C6953C5996E53C6999B
:10F770006F534B897053F3887153EB8A72538CFA31
:10F780007353A6917453708B755391977753C9999E
:10F790007853B5897B53C8997F53A88B8253CA99F4
:10F7A0008453EF9693538DFA9653CB999853D097F1
:10F7B0009A53FA8C9F53B48CA053CC99A553CE99ED
:10F7C000A653CD99A8537E90A9535889AD537D89EE
:10F7D000AE53CF99B053D099B2538EFAB353B58C80
:10F7E000B653D199BB538E8BC253518EC353D2990A
:10F7F000C8539496C953B38DCA53798BCB5346974C
:10F80000CC536F91CD53BD94CE53FB8ED453668FA2
:10F81000D653E68ED753F38ED953968FDB53BE94CF
:10F82000DD538FFADF53D599E1536289E25370912A
:10F83000E353FB8CE453C38CE553E58BE853D99930
:10F84000E9534092EA53FC91EB53A98BEC53A28FFE
:10F85000ED53DA99EE53D899EF53C289F053E491FE
:10F86000F153B68EF2536A8EF3534589F653908A5C
:10F87000F753868DF853698EFA53DB990154DC995E
:10F880000354688B0454658A0854878D0954678B28
:10F890000A54DD920B5444890C54AF930D54BC961A
:10F8A0000E54408D0F549997105466931154FC8C4C
:10F8B0001B544E8C1D54E5991F54E18B20546996BE
:10F8C0002654DB942954E4992B54DC8A2C54DF9978
:10F8D0002D54E0992E54E2993654E39938547A8B9A
:10F8E000395481903B54AB953C54E1993D54DD999A
:10F8F0003E54E18C4054DE99425443984654F0956E
:10F900004854E6924954E08C4A54908D4E54E699FE
:10F910005154DB935F54EA996854FC8E6A54F48E18
:10F920007054ED997154EB997354A1967554E899FC
:10F930007654F1997754EC997B54EF997C54C48CAC
:10F940007D54BD968054F0998454F2998654F4996C
:10F950008A5492FA8B54EE8D8C5461988E54E999A6
:10F960008F54E7999054F3999254EE999C5491FADC
:10F97000A254F699A454429AA554F899A854FC9913
:10F98000A95493FAAB54409AAC54F999AF545D9A88
:10F99000B254E78DB354508AB854F799BC54449A82
:10F9A000BD54F488BE54439AC054A388C154699589
:10F9B000C254419AC454FA99C754F599C854FB9952
:10F9C000C954C68DD854459AE154F588E2544E9AEC
:10F9D000E554469AE654479AE854A38FE954899629
:10F9E000ED544C9AEE544B9AF2544E93FA544D9A6D
:10F9F000FD544A9AFF5494FA045553890655B48D20
:10FA000007554F900F55489A105582931455499AAF
:10FA10001655A0882E55539A2F5542973155A58FCC
:10FA20003355599A3855589A39554F9A3E55C19180
:10FA30004055509A4455ED914555559A4655A48FD9
:10FA40004C55529A4F55E29653555B8C5655569AE3
:10FA50005755579A5C55549A5D555A9A6355519A21
:10FA60007B55609A7C55659A7E55619A80555C9A63
:10FA70008355669A84555091865595FA8755689AAC
:10FA80008955418D8A555E9A8B559D929855629AFB
:10FA900099555B9A9A55AB8A9C55EC8A9D55858AF7
:10FAA0009E55639A9F555F9AA755968CA855699A5B
:10FAB000A955679AAA557291AB55698BAC55AA8B1B
:10FAC000AE55649AB055F28BB6556389C4556D9A9C
:10FAD000C5556B9AC755A59AD455709ADA556A9A46
:10FAE000DC556E9ADF556C9AE3556B8EE4556F9A30
:10FAF000F755729AF955779AFD55759AFE55749A8D
:10FB0000065651920956C3891456719A1656739A1D
:10FB10001756A68F185652891B56769A2956DC8995
:10FB20002F56829A3156FA8F32567D9A34567B9AE6
:10FB300036567C9A38567E9A42565C894C56589175
:10FB40004E56789A5056799A5B569A8A6456819A9C
:10FB50006856ED8A6A56849A6B56809A6C56839AD8
:10FB60007456AC957856D3937A56B6948056869A46
:10FB70008656859A8756648A8A56879A8F568A9AB5
:10FB80009456899AA056889AA2565894A5568B9A4C
:10FB9000AE568C9AB4568E9AB6568D9ABC56909A9A
:10FBA000C056939AC156919AC2568F9AC356929A4A
:10FBB000C856949ACE56959AD156969AD356979AF5
:10FBC000D756989AD8566499DA56FA8EDB566C8EC8
:10FBD000DE56F189E056F688E3566392EE56999A1E
:10FBE000F056A28DF256CD88F3567D90F9569A9A2A
:10FBF000FA56C58CFD56918DFF569C9A00579B9ADC
:10FC00000357DE9504579D9A08579F9A09579E9A65
:10FC10000B57A09A0D57A19A0F57978C12578089AE
:10FC20001357A29A1657A49A1857A39A1C57A69A24
:10FC30001F5779932657A79A2757B3882857DD8DE2
:10FC40002D575C8C30576E923757A89A3857A99A1F
:10FC50003B57AB9A4057AC9A4257E28D4757CF8BF0
:10FC60004A5756964E57AA9A4F57AD9A5057BF8D3E
:10FC70005157428D595796FA6157B19A6457A38DDF
:10FC8000655797FA665752926957AE9A6A57D89253
:10FC90007F57B29A825782908857B09A8957B39A01
:10FCA0008B575E8C9357B49AA057B59AA257438D41
:10FCB000A3575F8AA457B79AAA57B89AAC5798FA2D
:10FCC000B057B99AB357B69AC057AF9AC357BA9AB2
:10FCD000C657BB9AC7579AFAC85799FACB57849612
:10FCE000CE57E98FD257BD9AD357BE9AD457BC9AF4
:10FCF000D657C09ADC575794DF57E688E05775957A
:10FD0000E357C19AF457FB8FF757B78EF9577C9496
:10FD1000FA57EE8AFC57E98D005878960258B0934E
:10FD20000558988C0658CD910A58BF9A0B58C29A1C
:10FD30001558C2911958C39A1D58C49A2158C69A89
:10FD40002458E7922A58AC8A2F589FEA3058818964
:10FD50003158F1953458EA8F355867933A58E48D05
:10FD60003D58CC9A4058BB954158DB974A58F28988
:10FD70004B58C89A515859915258CB9A545883931A
:10FD800057586893585884935958B7945A58CB92F7
:10FD90005E58C78D6258C79A695896896B585593B3
:10FDA0007058C99A7258C59A75586F907958CD9AFB
:10FDB0007E586D8F8358AB8B8558CE9A9358E695B5
:10FDC00097589D919C58C4929E589DFA9F58D09ADE
:10FDD000A8586E96AB58D19AAE58D69AB2589EFA99
:10FDE000B358AD95B858D59AB958CF9ABA58D29A4F
:10FDF000BB58D49ABE58A48DC158C795C558D79A38
:10FE0000C7586492CA58F389CC58EB8FD158D99A05
:10FE1000D358D89AD558888DD758DA9AD858DC9ABA
:10FE2000D958DB9ADC58DE9ADE58D39ADF58E09A2C
:10FE3000E458DF9AE558DD9AEB586D8EEC587090D7
:10FE4000EE587391EF58E19AF058BA90F158EB8858
:10FE5000F2588494F758D992F958E39AFA58E29AEA
:10FE6000FB58E49AFC58E59AFD58E69A0259E79A3D
:10FE70000959CF950A59E89A0B599FFA0F59C48925
:10FE80001059E99A15595B9716594F8A1859C7990D
:10FE90001959678F1A59BD911B59EA9A1C59E9964D
:10FEA0002259B2962559EC9A2759E591295956932A
:10FEB0002A59BE912B5976952C59ED9A2D59EE9AC7
:10FEC0002E599B893159B88E3259EF9A3759CE88BD
:10FED0003859F09A3E59F19A445982894759EF8A24
:10FEE0004859DE934959F2954E59F59A4F597491F4
:10FEF0005059F49A51595F8C5359A0FA54597A9633
:10FF00005559F39A575985935859F79A5A59F69A69
:10FF10005B59A1FA5D59A2FA6059F99A6259F89AA7
:10FF20006359A3FA65599C896759FA9A6859A78F4A
:10FF30006959FC9A6A5944926C59FB9A6E59B19569
:10FF40007359978F74597A937859409B7D59448D92
:10FF50008159419B825940948359DC948459CF96AE
:10FF60008A5944948D594A9B9359578B9659649753
:10FF70009959AD969B59AA9B9D59429BA359459B64
:10FF8000A459A4FAA559C391A8595796AC59699395
:10FF9000B259469BB9598596BA59A5FABB59C88D2D
:10FFA000BE59A88FC659479BC9596F8ECB596E8EC3
:10FFB000D059B788D159C68CD359A990D459CF8874
:10FFC000D9594B9BDA594C9BDC59499BE5595789C8
:10FFD000E659AD8AE859489BEA59C396EB595095C2
:10FFE000F659A688FB59F788FF59708E015AD088B8
:10FFF000035AA188095A519B115A4F9B185ABA9615
:020000040804EE
:100000001A5A529B1C5A509B1F5A4E9B205A509072
:10001000255A4D9B295AD8952F5AE28C355A569B12
:10002000365A579B3C5AA98F405A539B415A4B987A
:10003000465A6B94495A559B5A5AA58D625A589BF9
:10004000665A77956A5A599B6C5A549B7F5AB9964F
:10005000925A7D949A5A5A9B9B5A5195BC5A5B9BD3
:10006000BD5A5F9BBE5A5C9BC15AC589C25A5E9BF2
:10007000C95AB98ECB5A5D9BCC5A998CD05A6B9B7E
:10008000D65A649BD75A619BE15A8492E35A609B8B
:10009000E65A629BE95A639BFA5A659BFB5A669B38
:1000A000095BF08A0B5B689B0C5B679B165B699B2B
:1000B000225BEC8F2A5B6C9B2C5BDA92305B648951
:1000C000325B6A9B365B6D9B3E5B6E9B405B719BBC
:1000D000435B6F9B455B709B505B718E515B729B6A
:1000E000545B458D555B739B565BA6FA575B9A8EA6
:1000F000585BB6915A5B749B5B5B759B5C5B798EBE
:100100005D5B468D5F5BD096635B478B645BC78CA2
:10011000655B769B665B778A695B779B6B5BB79168
:10012000705B789B715BA19B735B799B755B7A9B22
:10013000785B7B9B7A5B7D9B805B7E9B835B809BFC
:10014000855BEE91875B4689885BE78E895BC0881B
:100150008B5B76918C5BAE8A8D5BB38E8F5B478DAC
:10016000955B8693975B408F985BAF8A995B88928B
:100170009A5BE8929B5BB6889C5B588B9D5BF39582
:100180009F5BC08EA25B718BA35BE990A45BBA8E70
:10019000A55B4797A65B819BAE5B7B8BB05BC98DF4
:1001A000B35B518AB45B8389B55BAA8FB65BC689A2
:1001B000B85B829BB95B6597BF5B688FC05BA7FA32
:1001C000C25BE28EC35B839BC45BF18AC55BD09349
:1001D000C65BA796C75B849BC95B859BCC5B789508
:1001E000D05B879BD25BA68AD35BF58BD45B869B67
:1001F000D85BA9FADB5BB08ADD5B5190DE5B8B9B41
:10020000DF5B408EE15BC789E25B8A9BE45B889B96
:10021000E55B8C9BE65B899BE75B4A94E85BCB9E46
:10022000E95B5290EB5B8D9BEC5BAAFAEE5BBE97B1
:10023000F05B8E9BF35B909BF55B9E92F65B8F9BD6
:10024000F85BA190FA5B9B8EFE5BCE91FF5BF58E17
:10025000015C9595025CEA90045CCB8E055C919BF9
:10026000065CAB8F075C929B085C939B095CD18812
:100270000A5CB8910B5C71900D5C949B0E5CB19321
:100280000F5CAC8F115CAD8F135C959B165CEB9093
:100290001A5CAE8F1E5CABFA205C969B225C979B2F
:1002A000245CDE96285C989B2D5CC48B315C418F6E
:1002B000385C999B395C9A9B3A5CDA8E3B5C4B903C
:1002C0003C5CF2933D5C73903E5CF6943F5C4194E1
:1002D000405CC78B415C9B9B455C8F8B465C9C9BC9
:1002E000485CFC8B4A5CCD934B5CAE894D5C728E56
:1002F0004E5C9D9B4F5CA09B505C9F9B515CFB8B1D
:10030000535C9E9B555C57935E5CAE91605C6A93B8
:10031000615CC68E645C7791655C9A976C5CA29B0D
:100320006E5CA39B6F5CD493715C528E765CA59BD4
:10033000795CA69B8C5CA79B905CF28A915CA89BE5
:10034000945CA99BA15CAA89A65CACFAA85C5A91B2
:10035000A95CE28AAB5CAB9BAC5CA696B15CD0912D
:10036000B35C788AB65CAD9BB75CAF9BB85CDD8A4A
:10037000BA5CADFABB5CAC9BBC5CAE9BBE5CB19B9B
:10038000C55CB09BC75CB29BD95CB39BE05CBB9384
:10039000E15CAC8BE85CE389E95CB49BEA5CB99B0B
:1003A000ED5CB79BEF5CF595F05CF495F55CAEFA0F
:1003B000F65C8793FA5CB69BFB5C738FFD5CB59B28
:1003C000075D92900B5DBA9B0E5DE88D115DC09B41
:1003D000145DC19B155DBB9B165D528A175DBC9B6E
:1003E000185DC59B195DC49B1A5DC39B1B5DBF9BBC
:1003F0001F5DBE9B225DC29B275DAFFA295DF6950E
:10040000425DB2FA4B5DC99B4C5DC69B4E5DC89B7D
:10041000505D9297525DC79B535DB0FA5C5DBD9B8A
:10042000695D93906C5DCA9B6D5DB3FA6F5DB58D30
:10043000735DCB9B765DCC9B825DCF9B845DCE9BB9
:10044000875DCD9B8B5D88938C5DB89B905DD59BC4
:100450009D5DD19BA25DD09BAC5DD29BAE5DD39BDD
:10046000B75DD69BB85DB4FAB95DB5FABA5DE497ED
:10047000BC5DD79BBD5DD49BC95DD89BCC5DDE8A3E
:10048000CD5DD99BD05DB6FAD25DDB9BD35DDA9BA7
:10049000D65DDC9BDB5DDD9BDD5DEC90DE5D428F40
:1004A000E15D848FE35D8391E55D488DE65DB68D0A
:1004B000E75D498DE85D908BEB5DDE9BEE5DB78D72
:1004C000F15DC88CF25DDF9BF35DA496F45D6294F0
:1004D000F55DE09BF75D4A8DFB5DAA8AFD5D469266
:1004E000FE5DD08B025E738E035E7A95065EBF94CE
:1004F0000B5EE19B0C5EF38A115EE49B165E9F929D
:10050000195EE39B1A5EE29B1B5EE59B1D5EE99212
:10051000255E83902B5E748E2D5EC8902F5ED191E8
:10052000305E418B335EA092365EE69B375EE79B82
:10053000385EED8F3D5E5896405EEA9B435EE99BD8
:10054000445EE89B455E9D95475EF19B4C5E7996C7
:100550004E5EEB9B545EED9B555E8B96575EEC9B1F
:100560005F5EEE9B615EA694625EEF9B635EBC95F0
:10057000645EF09B725EB18A735EBD95745E4E944C
:10058000755EF29B765EF39B785E4B8D795EB28AE8
:100590007A5EF49B7B5EB68C7C5E63977D5E48974B
:1005A0007E5EF48A7F5EF69B815EA192835E4C8DB7
:1005B000845EAF8F875EDD948A5EB08F8F5E988F8A
:1005C000955EEA92965EF795975E58939A5E4D8D8A
:1005D0009C5E7B95A05EF79BA65E7893A75EC08D20
:1005E000AB5EC98CAD5EEB92B55EC188B65E8E8F98
:1005F000B75E4E8DB85E6697C15EF89BC25EF99B92
:10060000C35E7094C85EFA9BC95EF597CA5E4C984B
:10061000CF5EFC9BD05EFB9BD35E668AD65E409C21
:10062000DA5E439CDB5E449CDD5E429CDF5E5F9550
:10063000E05EB18FE15E469CE25E459CE35E419CDC
:10064000E85E479CE95E489CEC5E499CF05E4C9CF1
:10065000F15E4A9CF35E4B9CF45E4D9CF65E848991
:10066000F75EEC92F85E4E9CFA5E9A8CFB5EF48923
:10067000FC5E5594FE5E4F9CFF5EF993015FD99539
:10068000035F509C045F4D98095F519C0A5FBE95C3
:100690000B5F549C0C5F9F980D5FAF980F5FAE8E01
:1006A000105FF393115F559C135F7C8B145FA292D4
:1006B000155FF888165F569C175FA495185F4F8DDD
:1006C0001B5F6F921F5FED92215FB7FA255FED967A
:1006D000265FB78C275FCA8C295F579C2D5F589C7B
:1006E0002F5F5E9C315FE38E345FB8FA355FA39273
:1006F000375FAD8B385F599C3C5F4A953E5F659292
:10070000415F5A9C455F67FA485F5B9C4A5FAE8BCE
:100710004C5F5C9C4E5F5D9C515F5F9C535F96930A
:10072000565F609C575F619C595F629C5C5F539C05
:100730005D5F529C615F639C625F608C665F469503
:10074000675FB9FA695FCA8D6A5F56956B5FA4925D
:100750006C5F6A956D5F649C705FB28F715F658935
:10076000735F659C775F669C795FF0967C5FDE9433
:100770007F5F699C805F9D89815FAA90825F689C92
:10078000835F679C845F618C855FD291875F6D9C7E
:10079000885F6B9C8A5F6A9C8B5FA5978C5FE38CFC
:1007A000905F998F915F6C9C925F6B93935F5D8F6D
:1007B000975FBE93985F709C995F6F9C9E5F6E9CE5
:1007C000A05F719CA15FE48CA85F729CA95F9C955F
:1007D000AA5F7A8FAD5F739CAE5FF794B35FBF93F0
:1007E000B45FA592B75FBAFAB95F4F93BC5F749CD0
:1007F000BD5F4A8BC35F5390C55F4B95CC5FF58A55
:10080000CD5F4594D65F759CD75F758ED85F59963E
:10081000D95F5A96DC5F9E89DD5F7A9CDE5FBBFA0A
:10082000E05F8992E45F779CEB5FF589F05FAB9CBA
:10083000F15F799CF55F4F94F85F789CFB5F769C45
:10084000FD5F9A8DFF5F7C9C0E60839C0F60899C8E
:100850001060819C12607B931560869C16607C956D
:100860001960809C1B60859C1C60E5971D60768EDE
:100870002060D39121607D9C25607D8B2660889CC3
:100880002760AB90286085892960829C2A60F68960
:100890002B60879C2F60AF8B3160849C3A608A9C70
:1008A00041608C9C4260969C4360949C4660919C05
:1008B0004A60909C4B60F6974D60929C5060B08B64
:1008C0005260508D55609A8F5960999C5A608B9CEC
:1008D0005D60BCFA5F608F9C60607E9C6260F8899E
:1008E0006360939C6460959C656070926860A68D5F
:1008F0006960B6896A608D9C6B60989C6C60979CFF
:100900006D60B18B6F60A7917060868A7560628C34
:1009100077608E9C81609A9C83609D9C84609F9C84
:100920008560BDFA8960BB8E8A60BEFA8B60A59C2B
:100930008C60EE928D609B9C9260A39C9460F78982
:100940009660A19C9760A29C9A609E9C9B60A09CD4
:100950009F60E58CA0604997A360B38AA660788900
:10096000A760A49CA9605994AA60AB88B260DF9488
:10097000B3607B9CB460AA9CB560AE9CB660E39605
:10098000B860A79CBC608993BD60AC9CC560EE8FCD
:10099000C660AD9CC760D593D1606698D360A99CB2
:1009A000D560C0FAD860AF9CDA609B8DDC60C990DE
:1009B000DE60BFFADF60D288E060A89CE160A69CA0
:1009C000E3607991E7609C9CE860538EF060C4918D
:1009D000F160BB9CF260C2FAF3607A91F460B69C5D
:1009E000F660B39CF760B49CF960E48EFA60B79C43
:1009F000FB60BA9C0061B59C0161448F0361B89CA7
:100A00000661B29C0861FA960961F9960D61BC9C79
:100A10000E61BD9C0F61D3881161C3FA1561B19C51
:100A20001A61F08B1B61A4881F61B48A2061C1FA2E
:100A30002161B99C2761C19C2861C09C2C61C59C27
:100A40003061C5FA3461C69C3761C4FA3C61C49C0C
:100A50003D61C79C3E61BF9C3F61C39C4261C89C95
:100A60004461C99C4761BE9C48619C8E4A61C29C9E
:100A70004B61D4914C61518D4D61B09C4E6154904D
:100A80005361D69C5561E7955861CC9C5961CD9CCA
:100A90005A61CE9C5D61D59C5F61D49C62619D96DC
:100AA0006361B58A6561D29C6761648C6861538AB1
:100AB0006B61CF9C6E61B6976F61D19C7061D48879
:100AC0007161D39C7361CA9C7461D09C7561D79C21
:100AD0007661638C7761CB9C7E617C9782614A975B
:100AE0008761DA9C8A61DE9C8E619E919061F797A6
:100AF0009161DF9C9461DC9C9661D99C9861C6FAF7
:100B00009961D89C9A61DD9CA461AE95A761B2936E
:100B1000A961658CAB61E09CAC61DB9CAE61E19C42
:100B2000B2619B8CB661AF89BA61E99CBE61B68A3D
:100B3000C361E79CC661E89CC761A78DC861E69C5C
:100B4000C961E49CCA61E39CCB61EA9CCC61E29CF4
:100B5000CD61EC9CD061F989E361EE9CE661ED9C8E
:100B6000F261A692F461F19CF661EF9CF761E59C5D
:100B7000F8619C8CFA61F09CFC61F49CFD61F39C33
:100B8000FE61F59CFF61F29C0062F69C0862F79C96
:100B90000962F89C0A62E8950C62FA9C0D62F99C65
:100BA0000E625E8F1062AC901162E4891262FA8963
:100BB0001362C7FA1462FB9C1662BD881A62CA905F
:100BC0001B62FC9C1D62C1E61E62409D1F62818CFF
:100BD0002162419D2662ED902A62429D2E62439DD4
:100BE0002F62598B3062449D3262459D3362469D2F
:100BF0003462D5913862CB8C3B62DF963F625B9664
:100C000040628A8F4162479D4762EE904862BBE72F
:100C10004962E0944B62E88E4D62CB8D4E62489DF6
:100C20005362C5915562A5955862EF915B624B9DE9
:100C30005E62499D60624C9D63624A9D68624D9D03
:100C40006E62AF957162B58876627D957962E19446
:100C50007C624E9D7E62519D7F62B38F80625A8B13
:100C600082624F9D8362569D8462B48F8962509DDB
:100C70008A62639491627D979262529D9362539DC2
:100C80009462579D95628A939662549D9762528DA5
:100C90009862DC909B62659D9C62B2949E62F0912A
:100CA000A662C8FAAB62E294AC62AB9DB162F89501
:100CB000B562EF92B9629596BB625A9DBC629F89FC
:100CC000BD628A92C262639DC5625392C6625D9D97
:100CD000C762649DC8625F9DC962669DCA62629D6B
:100CE000CC62619DCD628F94CF625B9DD062FB89A7
:100CF000D162599DD262918BD362F191D462559D9C
:100D0000D762589DD862538DD962D990DB62B58F76
:100D1000DC62609DDD627194E062928BE162678AC1
:100D2000EC62878AED624090EE62689DEF626D9D95
:100D3000F162699DF3629D8CF5626E9DF662418E53
:100D4000F762898DFE62458FFF625C9D01639D8E17
:100D500002636B9D0763778E08636C9D0963C2888D
:100D60000C63679D1163A7921963938B1F63B28B0A
:100D700027636A9D2863A5882B63C18D2F635590D7
:100D80003A63F0923D63D2943E63709D3F637D91E0
:100D90004963A8914C634A8E4D63719D4F63739D67
:100DA00050636F9D5563DF955763BB925C637B9186
:100DB0006763F9956863CC8E6963809D6B637E9DE4
:100DC0006E63989072639E8C7663789D7763B78F1D
:100DD0007A63E6937B6350948063769D83637C9112
:100DE0008863F68E89637B9D8C63B68F8E63759D59
:100DF0008F637A9D926372949663749D9863408C1E
:100E00009B637C8A9F637C9DA063A997A163CC8D23
:100E1000A2635492A363799DA563DA90A763548D6E
:100E2000A8638490A9638689AA635B91AB63779D6D
:100E3000AC63648BB263668CB463CD92B5637D9D05
:100E4000BB637E91BE63819DC063839DC363B59187
:100E5000C463899DC663849DC963869DCF63609585
:100E6000D063F192D263879DD6634B97DA6367971D
:100E7000DB63B78AE163AC88E363859DE963829DA8
:100E8000EE63F68AF4638789F563C9FAF663889D91
:100E9000FA63689706648C9D0D64B9910F64939D05
:100EA00013648D9D16648A9D1764919D1C64729DC8
:100EB00026648E9D2864929D2C64C0942D648B932F
:100EC00034648B9D36648F9D3A64678C3E64EF8DED
:100ED0004264DB904E64979D586445936064CAFAFF
:100EE0006764949D696480966F64959D7664969D11
:100EF0007864CC967A64A0908364828C88649D9D8B
:100F00009264548E93649A9D9564999D9A645194C9
:100F10009D64CBFA9E64B393A4645093A5649B9D97
:100F2000A9649C9DAB648F95AD646494AE64428E5D
:100F3000B064EF90B2646F96B964688ABB64A39D95
:100F4000BC649E9DC1646997C264A59DC564A19D52
:100F5000C764A29DCD648091CE64CCFAD264A09D7A
:100F6000D4645E9DD864A49DDA649F9DE064A99DCD
:100F7000E164AA9DE2644693E364AC9DE664438E1B
:100F8000E764A79DEC645B8BEF64AD9DF164A69D67
:100F9000F264B19DF464B09DF664AF9DFA64B29DB5
:100FA000FD64B49DFE64EF8F0065B39D0565B79D3C
:100FB0001865B59D1C65B69D1D65909D2365B99D01
:100FC0002465B89D2A65989D2B65BA9D2C65AE9DBC
:100FD0002F65788E3465BB9D3565BC9D3665BE9D9D
:100FE0003765BD9D3865BF9D3965FC893B65558D6D
:100FF0003E65FA953F65AD904565CC8C4865C19DD1
:101000004D65C49D4E65CDFA4F65719551657E8BDA
:101010005565C39D5665C29D576573945865C59DBA
:101020005965B38B5D65C79D5E65C69D6265B88A6F
:101030006365558E6665D6936C65688C7065949013
:101040007265C89D7465AE907565479377657E95AA
:101050007865C99D8265CA9D8365CB9D8765B69578
:1010600088657C9B8965C4908C656B958E65D68DF3
:101070009065E3949165C19497656C939965BF976A
:101080009B65CD9D9C65CE8E9F65CE9DA165B488E8
:10109000A465D28BA565CB90A7658095AB65CF9DE8
:1010A000AC65618EAD656692AF657A8EB06556901F
:1010B000B765D09DB965FB95BC659789BD657B8E8D
:1010C000C165D39DC365D19DC465D49DC565B797E2
:1010D000C665D29DCB65F990CC65D59DCF65B091A5
:1010E000D265D69DD765F88AD965D89DDB65D79D31
:1010F000E065D99DE165DA9DE265F98AE565FA93D7
:10110000E6655592E7658C8BE8657C8EE965819193
:10111000EC657B8FED65AE88F165DB9DFA65A08996
:10112000FB65DF9D0066CEFA0266568D0366DE9D86
:101130000666A98D0766B88F0966D1FA0A66DD9D35
:101140000C66B98F0E66BE960F66A88D1366D5889D
:101150001466CC901566CFFA1C66E49D1E66D3FA21
:101160001F66AF90206666892466D4FA2566748F60
:10117000276686962866F08D2D66BA8F2E66D2FA7F
:101180002F66A590316663FA3466E39D3566E19D6E
:101190003666E29D3B66D0FA3C668B923F66459E82
:1011A0004166E89D42669E8E4366578D4466E69D85
:1011B0004966E79D4B6657904F66E59D52664E8E99
:1011C0005766D6FA5966D7FA5D66EA9D5E66E99D6E
:1011D0005F66EE9D6266EF9D6466EB9D6566D5FA7F
:1011E0006666418A6766EC9D6866ED9D6966D39484
:1011F0006E6681956F66698C7066F09D7366D9FA2C
:101200007466B0907666BB8F7A6671928166C58B84
:101210008366F19D8466F59D8766C9898866F29D1F
:101220008966F49D8E66F39D91668B8F96666792B4
:101230009766C3889866F69D9966DAFA9D66F79D6B
:10124000A066DBFAA266A892A666EF97AB66628EEE
:10125000AE66E995B266DCFAB4665C96B866419E05
:10126000B966F99DBC66FC9DBE66FB9DBF66DDFA56
:10127000C166F89DC466409EC766DC93C966FA9D48
:10128000D666429ED9668C8FDA66439EDC666A9784
:10129000DD669894E066449EE666469EE966479E53
:1012A000F066489EF266C88BF3666789F466588DCF
:1012B000F566499EF7664A9EF866918FF9668291B7
:1012C000FA66DEFAFB6666FAFC66D699FD665D9103
:1012D000FE665C91FF66D6910067C58D0367F09846
:1012E00008678E8C09674C970B67FC950D679E9578
:1012F0000E67DFFA0F674B9E1467F18D1567BD927D
:1013000016674C9E17674E981B675D961D67A992DE
:101310001E674D9E1F67FA8A26674E9E27674F9E5F
:101320002867D8962A67A2962B6796962C677B9695
:101330002D67448E2E67519E3167E98E3467709613
:101340003667539E3767569E3867559E3A67F78AC9
:101350003D67808B3F67529E4167549E4667579E0C
:10136000496799904E679B974F67C7885067DE8D96
:101370005167BA915367DB8E5667F18F59675A9E52
:101380005C676D935E67589E5F67A9916067599E21
:101390006167F08F6267DB9663675B9E64675C9E44
:1013A000656788976667E1FA6A67619E6D67598D20
:1013B0006F67749470675E9E71678C937267DC9D33
:1013C0007367E09D75676E8B776766947C67609E38
:1013D0007E67BC8F7F67C2948567669E8767F89437
:1013E00089675D9E8B67639E8C67629E9067CD90D8
:1013F00095678D969767D1979A6787969C67CA89F4
:101400009D677D8EA0676798A167659EA26795908E
:10141000A667649EA9675F9EAF67CD8CB3676B9E1E
:10142000B467699EB667CB89B767679EB8676D9EDC
:10143000B967739EBB67E2FAC067E4FAC167C691F9
:10144000C467BF95C667759ECA674195CE67749E8F
:10145000CF679094D0675E96D167B98AD367F590CD
:10146000D4675F8FD867D192DA674D97DD67709E3A
:10147000DE676F9EE267719EE4676E9EE767769E09
:10148000E9676C9EEC676A9EEE67729EEF67689EE6
:10149000F1678C92F367F696F467C48EF567F28D68
:1014A000FB67B88DFE678F96FF67608A0168E5FA73
:1014B0000268CC920368C893046868891368F09046
:1014C0001668B2901768498C1E68789E21685A8DFC
:1014D00022689C8A29687A9E2A68948A2B68819E51
:1014E00032687D9E3468F19038686A8A3968AA8DBE
:1014F0003C68698A3D68CD8D40687B9E4168858CDB
:1015000042686A8C43688D934468E6FA4668799E1F
:101510004868C4884D687C9E4E687E9E5068CB8B20
:1015200051684B8C5268E3FA5368BA8A54686A8BE4
:101530005968829E5C68F78D5D6891965F68568EEB
:101540006368839E67684F9574688F9E7668B189DB
:101550007768849E7E68959E7F68859E8168C09727
:1015600083688C9E85687E948D68949E8F68879E24
:101570009368B2889468899E97685B8D9B688B9E00
:101580009D688A9E9F68869EA068919EA268BD8F76
:10159000A668EB9AA768E68CA8689C97AD68889EB9
:1015A000AF68F292B068428AB168AB8DB368809E32
:1015B000B568909EB668818AB9688E9EBA68929E18
:1015C000BC688E93C468FC8AC668B09EC86864FA1A
:1015D000C968C796CA68979ECB68FB8ACD689E9EED
:1015E000CF68E7FAD2685F96D4689F9ED568A19EBF
:1015F000D768A59ED868999EDA684992DF688F936C
:10160000E068A99EE1689C9EE368A69EE768A09EAC
:10161000EE685890EF68AA9EF268B190F968A89EAB
:10162000FA68BB8A00696F980169969E0469A49E56
:101630000569D6880869989E0B69B8960C699D9EC5
:101640000D6941900E69C5920F69939E1269A39E20
:1016500019699A901A69AD9E1B69918A1C699F8CC1
:101660002169AF9E22699A9E2369AE9E2569A79E35
:1016700026699B9E2869AB9E2A69AC9E3069BD9EF7
:101680003469CC933669A29E3969B99E3D69BB9E87
:101690003F69D6924A696B97536996955469B69E8D
:1016A0005569C8915969BC9E5A695E915C69B39E3F
:1016B0005D69C09E5E69BF9E6069ED936169BE9E73
:1016C0006269E8936869E9FA6A69C29E6B69B59EC6
:1016D0006D69C68B6E69B89E6F697C8F73698094E3
:1016E0007469BA9E7569C98B7769B29E7869B49E30
:1016F0007969B19E7C694F987D69798A7E69B79EC8
:101700008169C19E8269548A8A69E58D8E697C8966
:101710009169D29E946950989569D59E9869EBFA23
:101720009B6959909C69D49EA069D39EA769D09E5D
:10173000AE69C49EB169E19EB269C39EB469D69E8A
:10174000BB69CE9EBE69C99EBF69C69EC169C79E60
:10175000C369CF9EC769A0EACA69CC9ECB695C8D7C
:10176000CC69C692CD698491CE69CA9ED069C59E66
:10177000D369C89ED8696C97D9698A96DD69CD9E70
:10178000DE69D79EE269ECFAE769DF9EE869D89ED8
:10179000EB69E59EED69E39EF269DE9EF969DD9EE7
:1017A000FB69CE92FD698591FF69DB9E026AD99E35
:1017B000056AE09E0A6AE69E0B6AF3940C6AEC9E48
:1017C000126AE79E136AEA9E146AE49E176A94926C
:1017D000196A57951B6ADA9E1E6AE29E1F6ABE8FBF
:1017E000216ACD96226AF69E236AE99E296AA08C18
:1017F0002A6AA1892B6A7E8A2E6AD19E306AEDFA06
:10180000356ABF8F366AEE9E386AF59E396AF78E62
:101810003A6A928A3D6A4D92446AEB9E466AEFFAB2
:10182000476AF09E486AF49E4B6AB48B586A6B8B89
:10183000596AF29E5F6A408B616AC993626AF19E3F
:10184000666AF39E6B6AEEFA726AED9E736AF0FA4C
:10185000786AEF9E7E6AF1FA7F6A808A806A68926F
:10186000846AFA9E8D6AF89E8E6AE78C906AF79E6B
:10187000976A409F9C6A779EA06AF99EA26AFB9E27
:10188000A36AFC9EAA6A4B9FAC6A479FAE6A8D9E74
:10189000B36A469FB86A459FBB6A429FC16AE89E89
:1018A000C26A449FC36A439FD16A499FD36A4598DD
:1018B000DA6A4C9FDB6AF98BDE6A489FDF6A4A9FCF
:1018C000E26AF2FAE46AF3FAE86AA594EA6A4D9FDA
:1018D000FA6A519FFB6A4E9F046B9397056B4F9F6B
:1018E0000A6BDC9E126B529F166B539F1D6B5489C3
:1018F0001F6B559F206B878C216B9F8E236BD38B27
:10190000276BA289326B7E97376B579F386B569F38
:10191000396B599F3A6B5C8B3D6BD48B3E6BBC8AA9
:10192000436B5C9F476B5B9F496B5D9F4C6BCC89A6
:101930004E6B5692506B5E9F536BBD8A546B609F8B
:10194000596B5F9F5B6B619F5F6B629F616B639F76
:10195000626B7E8E636BB390646B9F8D666B9095AC
:10196000696BE0956A6B63986F6B958E736BCE8D28
:10197000746BF097786B649F796B659F7B6B808E3F
:101980007F6B669F806B679F836B699F846B689F8B
:10199000866B7796896B7D8F8A6BEA8E8B6B638EF5
:1019A0008D6B6A9F956B6C9F966B4290986B6B9F4B
:1019B0009E6B6D9FA46B6E9FAA6B6F9FAB6B709FAE
:1019C000AF6B719FB16B739FB26B729FB36B749F60
:1019D000B46BA389B56B6992B76B759FBA6B458E73
:1019E000BB6B6B8ABC6B769FBF6B6193C06BCA9AF3
:1019F000C56B428BC66B779FCB6B789FCD6BEA959F
:101A0000CE6B8896D26BC593D36B799FD46BE494DD
:101A1000D66BF4FAD86BF994DB6BD196DF6B7A9FB7
:101A2000EB6B7C9FEC6B7B9FEF6B7E9FF36B7D9FE3
:101A3000086C819F0F6C818E116CAF96136C829F26
:101A4000146C839F176C438B1B6C849F236C869F45
:101A5000246C859F346C8590376C5895386C6989F7
:101A60003E6CC3943F6CF5FA406CF392416C608F0E
:101A7000426C818B4E6CC494506CAC8E556C889FBC
:101A8000576CBE8A5A6C98895C6CF6FA5D6CF09360
:101A90005E6C879F5F6C5D8D606C7292626C899FDB
:101AA000686C919F6A6C8A9F6F6CF8FA706CBF913A
:101AB000726C828B736C929F7A6C888C7D6C448B79
:101AC0007E6C909F816C8E9F826C8B9F836C8097C5
:101AD000866CF7FA886CBE928C6CD7938D6C8C9F59
:101AE000906C949F926C939F936C428C966CAB8994
:101AF000996CB98D9A6C8D9F9B6C8F9FA16C76961B
:101B0000A26CF291AB6C9796AE6C9C9FB16C9D9F52
:101B1000B36CCD89B86CA695B96CFB96BA6C9F9FD7
:101B2000BB6CA18EBC6CC08FBD6C989FBE6C9E9F21
:101B3000BF6C8889C16CB58BC46C959FC56C9A9F2E
:101B4000C96CF290CA6C9194CC6CE594D36C979F5D
:101B5000D56C4096D76C999FD96CA29FDA6CF9FA34
:101B6000DB6CA09FDD6C9B9FE16C4196E26C6794FF
:101B7000E36C838BE56C4493E86C8D92EA6CA39FD5
:101B8000EF6CA19FF06CD791F16C969FF36C6A8912
:101B9000046DFAFA0B6D6D970C6DAE9F126DAD9FD3
:101BA000176DF490196DAA9F1B6D8C971E6DB493E1
:101BB0001F6DA49F256DC392296D6B892A6D5E8D63
:101BC0002B6DA79F326D468F336DAC9F356DAB9FEC
:101BD000366DA69F386DA99F3B6D888A3D6DA89F85
:101BE0003E6D6894416DAC97446DF28F456DF390F6
:101BF000596DB49F5A6DB29F5C6D6C95636DAF9FCC
:101C0000646DB19F666D5989696D5F8D6A6D51987C
:101C10006C6D5C8A6E6D82956F6DFCFA746D819748
:101C2000776D438A786D5A90796DB39F856DB89FB3
:101C3000876DFBFA886DC18F8C6D4F978E6DB59F48
:101C4000936DB09F956DB69F966D40FB996DDC9737
:101C50009B6D93939C6DC093AC6D41FBAF6D558AAA
:101C6000B26D7489B56DBC9FB86DBF9FBC6DC197D7
:101C7000C06D8497C56DC69FC66DC09FC76DBD9F63
:101C8000CB6DD297CC6DC39FCF6D42FBD16D698F69
:101C9000D26DC59FD56DCA9FD86D9193D96DC89FE0
:101CA000DE6DC29FE16D5792E46DC99FE66DBE9FE8
:101CB000E86DC49FEA6DCB9FEB6DFA88EC6DC19F18
:101CC000EE6DCC9FF16D5B90F26D44FBF36D7E8FFA
:101CD000F56DA395F76DAC8DF86D43FBF96DB99F6C
:101CE000FA6DC79FFB6D5993FC6D45FB056EB49073
:101CF000076E898A086ECF8D096EC28F0A6EBB9FF0
:101D00000B6E618F136E6B8C156EBA9F196ED09F20
:101D10001A6E8D8F1B6EB88C1D6EDF9F1F6ED99F44
:101D2000206E948B216E6E93236ED49F246EDD9F64
:101D3000256EAD88266E5189276E48FB296EB789BE
:101D40002B6ED69F2C6EAA912D6ECD9F2E6ECF9F9F
:101D50002F6E608D386EE09F396E46FB3A6EDB9FCA
:101D60003C6E49FB3E6ED39F436EDA9F4A6EA99646
:101D70004D6ED89F4E6EDC9F566ECE8C586EC38FC4
:101D80005B6E58925C6E47FB5F6ED29F676E4E979C
:101D90006B6ED59F6E6ECE9F6F6E9293726ED19F5B
:101DA000766ED79F7E6E70987F6EBC8E806E9E968C
:101DB000826EE19F8C6EAC948F6EED9F906EB98CAD
:101DC000966E808F986EE39F9C6EAD979D6E618D31
:101DD0009F6EF09FA26EEC88A56EEE9FAA6EE29FAA
:101DE000AF6EE89FB26EEA9FB66E6E97B76EE59FD4
:101DF000BA6E4D93BD6EE79FBF6E4AFBC26EEF9FFA
:101E0000C46EE99FC56EC596C96EE49FCB6EA08E69
:101E1000CC6EFC9FD16E8A8AD36EE69FD46EEB9F08
:101E2000D56EEC9FDD6EEA91DE6ED891EC6EF49F7C
:101E3000EF6EFA9FF26EF89FF46E4893F76E42E0F1
:101E4000F86EF59FFE6EF69FFF6EDE9F016F998B19
:101E5000026F5995066FBD8E096F978D0F6F52985F
:101E6000116FF29F136F41E0146F8989156F86918E
:101E7000206F9994226FBF8A236FF8972B6F9F96DC
:101E80002C6FD092316FF99F326FFB9F386F519159
:101E90003E6F40E03F6FF79F416FF19F456FC18AF2
:101EA000546F898C586F4EE05B6F49E05C6FF69021
:101EB0005F6F838A646F818F666F52E06D6F4BE056
:101EC0006E6FAA926F6F48E0706FD792746F6BE07D
:101ED000786F45E07A6F44E07C6F4DE0806F47E0BB
:101EE000816F46E0826F4CE0846F9F90866F43E085
:101EF000886F4BFB8E6F4FE0916F50E0976FC08AF9
:101F0000A16F55E0A36F54E0A46F56E0AA6F59E0AB
:101F1000B16F6293B36F53E0B56F4CFBB96F57E08D
:101F2000C06F838CC16FF791C26F51E0C36F5A9439
:101F3000C66F58E0D46F5DE0D56F5BE0D86F5EE0B0
:101F4000DB6F61E0DF6F5AE0E06F8A8DE16F4794ED
:101F5000E46FB79FEB6F9497EC6F5CE0EE6F60E01F
:101F6000EF6FF391F16F5FE0F36F4AE0F56F4DFBB8
:101F7000F66F89E8FA6F64E0FE6F68E0017066E072
:101F800005704EFB07704FFB097062E00B7063E059
:101F90000F7067E0117065E015706D9518706DE059
:101FA0001A706AE01B7069E01D706CE01E70D293BD
:101FB0001F706EE0267095922770EB91287050FB91
:101FC0002C70A39030706FE0327071E03E7070E062
:101FD0004C70F39F517072E05870E593637073E03A
:101FE0006B70CE896F7094937070448A7870848B14
:101FF0007C70DC8E7D70D08D857051FB8970469829
:102000008A7086908E708A89927075E0997074E0FB
:10201000AB7052FBAC7078E0AD705992AE707BE063
:10202000AF7076E0B3707AE0B87079E0B9705F9322
:10203000BA70D788BB7062FAC870F397CB707DE036
:10204000CF704789D97080E0DD707EE0DF707CE082
:10205000F17077E0F9704296FD7082E0047154FBF4
:10206000097181E00F7153FB14718B89197184E040
:102070001A71B0951C7183E02171B3962671C58FDA
:10208000367152913C71C48F467156FB477157FBB4
:102090004971F9974C718AE04E71F790557186E05D
:1020A00056718BE059718C895C7155FB627189E0C6
:1020B00064718194657185E0667188E06771C68F8F
:1020C0006971CF946C718CE06E71CF8E7D71F890D8
:1020D00084718FE0887187E08A71468C8F718DE002
:1020E00094716F97957190E09971A4EA9F716E8FCA
:1020F000A87191E0AC7192E0B1714D94B97194E026
:10210000BE7195E0C17159FBC3715294C87195932A
:10211000C97197E0CE7199E0D071D397D27196E0F2
:10212000D47198E0D5718D89D77193E0DF717A9A77
:10213000E0719AE0E5718791E671578EE7719CE056
:10214000EC719BE0ED714390EE71D799F5719DE0D4
:10215000F9719FE0FB718EE0FC719EE0FE715AFB0D
:10216000FF71A0E006729A940D72A1E01072A2E0D5
:102170001B72A3E02872A4E02A72DC922C72A6E003
:102180002D72A5E03072A7E03272A8E03572DD8EC4
:10219000367283953A72EA963B72A9E03C72AAE0E5
:1021A0003D7275913E72A28E3F72ABE04072ACE020
:1021B0004672ADE04772D0954872C5944B72AEE05E
:1021C0004C7276945272AB925872AFE05972E589B4
:1021D0005B728D8B5D72C4965F72B4966172B289C8
:1021E00062725398677271966972A8957272B5900F
:1021F0007472B0E07972C1937D72A18C7E72B1E08D
:102200008072D28D8172B3E08272B2E08772B4E0E4
:102210009272B5E09672B6E0A0725D8BA272B7E0E2
:10222000A772B8E0AC72A28CAF72C694B1725BFBBD
:10223000B272BAE0B672F38FB972B9E0BE725CFBEB
:10224000C272B68BC372BBE0C472BDE0C672BCE0A2
:10225000CE72BEE0D072CF8CD272BFE0D772E78B65
:10226000D9725F91DB729D8DE072C1E0E172C2E0D4
:10227000E272C0E0E972EB8EEC72C693ED72B78B3E
:10228000F772C4E0F8724B92F972C3E0FC72549892
:10229000FD7282940A73C7E01673C9E01773C6E033
:1022A0001B73D2961C73C8E01D73CAE01F73C297DC
:1022B00024735DFB2573CEE02973CDE02A739692DB
:1022C0002B734C942E73A38C2F73CCE03473CBE020
:1022D00036735097377351973E73CFE03F738E89B3
:1022E0004473968D4573828E4E73D0E04F73D1E068
:1022F0005773D3E06373628F6873D5E06A73D4E079
:102300007073D6E072736C8A7573D8E077735FFB75
:102310007873D7E07A73DAE07B73D9E08473BA8C90
:102320008773A6978973CA8B8B73A4899673E88B7E
:10233000A973DF8AB273E697B373DCE0BB73DEE0A8
:10234000BD7360FBC073DFE0C273CF89C873DBE08D
:10235000C97361FBCA73588ECD73BF92CE73DDE033
:10236000D27364FBD67362FBDE73E2E0E073EC8E43
:10237000E37363FBE573E0E0EA735D8CED73C79490
:10238000EE73E1E0F173FCE0F57366FBF873E7E0F0
:10239000FE73BB8C0374858B0574E4E006749D9713
:1023A000077465FB0974AE972274F4912574E6E016
:1023B000267467FB297469FB2A7468FB2E746AFB18
:1023C0003274E8E03374D4973474D58B3574FA944E
:1023D000367469943A74E9E03F74EBE04174EEE0DE
:1023E0005574EAE05974EDE05A74E88C5B746C89BA
:1023F0005C74EFE05E7490905F74ECE06074DA9768
:1024000062746BFB6374F2E06474A2EA6974F0E0D6
:102410006A74F3E06F74E5E07074F1E07374BA8D80
:102420007674F4E07E74F5E083749E9789746CFB97
:102430008B74F6E09E74F7E09F746DFBA274E3E08A
:10244000A774F8E0B074C28ABD74A38ECA74F9E0B0
:10245000CF74FAE0D474FBE0DC745A89E07440E194
:10246000E2745A95E37441E1E674A28AE77442E1AA
:10247000E97443E1EE7444E1F07446E1F17447E13C
:10248000F27445E1F6747295F77449E1F87448E125
:1024900001756EFB03754BE104754AE105754CE16E
:1024A0000C754DE10D754FE10E754EE11175998D6D
:1024B000137551E1157550E11875C38A1A7572903C
:1024C0001C755B931E7552E11F75B6902375598E6E
:1024D00025759989267553E1287570972B75E195B7
:1024E0002C7554E12F75A8FA3075639331755297A6
:1024F0003275628D33755C9037756A923875B29912
:102500003A75AC923B75E6893C7555E1447556E1E8
:1025100046755BE1497559E14A7558E14B75C09DB7
:102520004C75458A4D7557E14F75D8885175A894FB
:102530005475C8945975AF975A755CE15B755AE14B
:102540005C757B925D75A4906075A99462754C95DD
:1025500064755EE16575AA9766756C8C67755FE159
:1025600069755DE16A75D4946B7560E16D7561E1C3
:102570006F756FFB7075D9887375F48F747566E12C
:10258000767563E17775EB93787562E17F75458BBE
:10259000827569E1867564E1877565E1897568E131
:1025A0008A7567E18B7544958E7561918F75609121
:1025B00091755E8B94756AE19A756BE19D756CE11E
:1025C000A3756EE1A5756DE1AB757589B17576E1A1
:1025D000B275E694B37570E1B57572E1B87574E1E2
:1025E000B9755D90BC7575E1BD7573E1BE75BE8E44
:1025F000C2756FE1C37571E1C5756195C775C78F08
:10260000CA7578E1CD7577E1D27579E1D475A48E7C
:10261000D575AD8DD8759793D9757AE1DB75C9926B
:10262000DE757CE1E2759F97E3757BE1E975899141
:10263000F07582E1F27584E1F37585E1F4757392CA
:10264000FA7583E1FC7580E1FE757DE1FF757EE141
:10265000017681E1097688E10B7686E10D7687E1E6
:102660001F7689E120768BE121768CE122768DE15F
:1026700024768EE127768AE1307690E134768FE118
:102680003B7691E14276C397467694E1477692E1B4
:10269000487693E14C76E08A5276FC965676C89559
:1026A000587696E15C7695E1617697E1627698E1FD
:1026B00067769CE1687699E169769AE16A769BE1B2
:1026C0006C769DE170769EE172769FE17676A0E170
:1026D0007876A1E17A76AD947B766F937C76A2E1F1
:1026E0007D7692947E7653958076A3E1827670FB18
:1026F0008376A4E1847649938676468A8776638DCD
:102700008876A5E18B76A6E18E76A7E19076488E55
:102710009376A9E19676A8E19976AAE19A76ABE15B
:102720009B7673FB9C7671FB9E7672FBA67674FBA0
:10273000AE76E794B076ACE1B476ADE1B77689EAEF
:10274000B876AEE1B976AFE1BA76B0E1BF764D8E3C
:10275000C276B1E1C3767594C6767E96C8766D89E9
:10276000CA767689CD76B2E1D276B4E1D676B3E197
:10277000D7769093DB76B790DC76589FDE76B5E11E
:10278000DF76BF96E176B6E1E376C48AE476D59447
:10279000E576B7E1E776B8E1EA76B9E1EE76DA9682
:1027A000F276D396F476BC92F8768A91FB76BBE10A
:1027B000FE76828F0177C88F0477BEE10777BDE18F
:1027C0000877BCE10977FB940B77C58A0C77A78C57
:1027D0001B77C4E11E77C1E11F775E902077B0962A
:1027E0002477C0E12577C2E12677C3E12977BFE1ED
:1027F0003777C5E13877C6E13A77AD923C77E18A21
:1028000040778592467776FB4777C7E15A77C8E1EC
:102810005B77CBE1617787906377C2936577CCE193
:10282000667772966877C9E16B77CAE17977CFE10D
:102830007E77CEE17F77CDE18B77D1E18E77D0E1E6
:102840009177D2E19E77D4E1A077D3E1A577CB95BC
:10285000AC77758FAD77C497B077D5E1B377B59383
:10286000B677D6E1B977D7E1BB77DBE1BC77D9E1C1
:10287000BD77DAE1BF77D8E1C777DCE1CD77DDE17D
:10288000D777DEE1DA77DFE1DB77B596DC77E0E179
:10289000E277EE96E377E1E1E5776D92E7778A9468
:1028A000E977E98BED775A92EE77E2E1EF77B88B33
:1028B000F377CE90FC77E3E10278BB8D0C78E4E10E
:1028C0001278E5E11478A48C1578D38D2078E7E1AF
:1028D000217878FB257875932678D48D27786D8BB1
:1028E0003278439634786A943A7876933F787B8D41
:1028F0004578E9E14E7879FB5D78C98F64787AFB99
:102900006B78B0976C78648D6F78A58C7278A19491
:102910007478EBE17A787BFB7C78EDE18178E98C67
:102920008678ECE18778F4928C78EFE18D78568A9E
:102930008E78EAE19178E89493784F899578EA8DDA
:10294000977871989A78EEE1A378F0E1A778C99525
:10295000A978D790AA78F2E1AF78F3E1B578F1E100
:10296000BA786D8ABC78F9E1BE78F8E1C178A58EB5
:10297000C578FAE1C678F5E1CA78FBE1CB78F6E1F3
:10298000D078D694D178F4E1D478F7E1DA7841E2DE
:10299000E77840E2E8788196EC78FCE1EF78E98826
:1029A000F47843E2FD7842E20179CA8F077944E284
:1029B0000E796291117946E2127945E2197947E27E
:1029C0002679E6E12A79E8E12B7949E22C7948E297
:1029D00030797CFB3A79A68E3C79E7973E79D08EA8
:1029E00040794AE24179568C47795F8B4879468B2A
:1029F0004979838E50795397537950E255794FE254
:102A00005679639157794CE25A794EE25D796A8F33
:102A10005E795F905F794DE260794BE2627949942B
:102A20006579CB8F68795B956D79D58D777998933A
:102A30007A7951E27F7952E2807968E28179D68BA6
:102A400084795C98857954918A7953E28D79D0891B
:102A50008E79F5928F799F95947981FB9B7983FB91
:102A60009D7954E2A6799A8BA77955E2AA7957E223
:102A7000AE7958E2B0794894B37959E2B9795AE21B
:102A8000BA795BE2BD79D78BBE79D189BF79C3931F
:102A9000C079478FC179848EC9795CE2CB79488F40
:102AA000D179C889D2796295D5795DE2D879E994EE
:102AB000DF796491E17960E2E37961E2E479899414
:102AC000E6796090E7795EE2E9798192EC795FE2FC
:102AD000F079CC8FFB79DA88007A488B087A62E249
:102AE0000B7AF6920D7A63E20E7AC590147AAB9661
:102AF000177A4295187A64E2197A65E21A7A749222
:102B00001C7AC5971F7A67E2207A66E22E7AED8EEC
:102B1000317A69E2327AEE88377A6CE23B7A6AE29D
:102B20003C7AD2893D7A6D8C3E7A6BE23F7A658D34
:102B3000407A928D427AE495437A6DE2467A7396B2
:102B4000497A6FE24D7ACF904E7A6E894F7AB88982
:102B5000507AAA88577A6EE2617A70E2627A71E2FC
:102B6000637AF58F697A72E26B7A6E8A707A74E2B0
:102B7000747A8A8C767A868B797A75E27A7AF38B94
:102B80007D7A76E27F7AFA90817ACB93837ADE90AF
:102B9000847AF38D887A77E2927A8292937A8B9113
:102BA000957A79E2967A7BE2977A78E2987A7AE275
:102BB0009F7A418CA97A7CE2AA7A458CAE7A878B7F
:102BC000AF7A7197B07A7EE2B67A80E2BA7A4D89AE
:102BD000BF7A83E2C37A968AC47A82E2C57A81E2B6
:102BE000C77A85E2C87A7DE2CA7A86E2CB7AA7976D
:102BF000CD7A87E2CF7A88E2D17A84FBD27AF29AD0
:102C0000D37A8AE2D57A89E2D97A8BE2DA7A8CE2CF
:102C1000DC7AB397DD7A8DE2DF7AEDE8E07ACD8F6A
:102C2000E17A8EE2E27A8FE2E37A768FE57AB69302
:102C3000E67A90E2E77A85FBEA7A4792EB7A87FBBD
:102C4000ED7A91E2EF7A5B92F07A92E2F67AA38BD8
:102C5000F87A5E99F97A7C92FA7AB18EFF7AC68A0E
:102C6000027B93E2047BA0E2067B96E2087B888BE2
:102C70000A7B95E20B7BA2E20F7B94E2117BCE8F65
:102C8000187B98E2197B99E21B7B4A931E7B9AE2A0
:102C9000207B7D8A257B7990267B8495287B9CE20E
:102CA0002C7BE691337B97E2357B9BE2367B9DE282
:102CB000397BF98D457BA4E2467B4D95487BA494F6
:102CC000497B99934B7BD88B4C7BA3E24D7BA1E254
:102CD0004F7BB394507B9EE2517B7D92527B9B93C2
:102CE000547B9A93567BF48D5D7BB6E2657BA6E2BE
:102CF000677BA8E26C7BABE26E7BACE2707BA9E207
:102D0000717BAAE2747BA7E2757BA5E27A7B9FE2E6
:102D1000867BCD95877BD3898B7BB3E28D7BB0E2BD
:102D20008F7BB5E2927BB4E2947B9394957BA596DE
:102D3000977B5A8E987BAEE2997BB7E29A7BB2E2A0
:102D40009C7BB1E29D7BADE29E7B88FB9F7BAFE2EB
:102D5000A17BC78AAA7B5C92AD7BFB90B17BA094E0
:102D6000B47BBCE2B87BA294C07BDF90C17BB9E2AC
:102D7000C47BCD94C67BBDE2C77BD195C97B7A92DB
:102D8000CB7BB8E2CC7BBAE2CF7BBBE2DD7BBEE2A1
:102D9000E07BC28EE47BC493E57BC3E2E67BC2E2C8
:102DA000E97BBFE2ED7B5598F37BC8E2F67BCCE292
:102DB000F77BC9E2007CC5E2077CC6E20D7CCBE272
:102DC000117CC0E2127CD399137CC7E2147CC1E26F
:102DD000177CCAE21F7CD0E2217CC88A237CCDE22A
:102DE000277CCEE22A7CCFE22B7CD2E2377CD1E278
:102DF000387CF4943D7CD3E23E7CFA973F7CEB95A3
:102E0000407CD8E2437CD5E24C7CD4E24D7CD0902F
:102E10004F7CD7E2507CD9E2547CD6E2567CDDE28E
:102E2000587CDAE25F7CDBE2607CC4E2647CDCE25A
:102E3000657CDEE26C7CDFE2737CC495757CE0E24D
:102E40007E7CE096817CCC8B827C488C837CE1E22A
:102E5000897CB2958B7C88908D7CAE96907CE2E2EA
:102E6000927CB197957C9494977C6591987C5394CF
:102E70009B7C6C8F9F7CBE88A17CE7E2A27CE5E214
:102E8000A47CE3E2A57C9F8AA77CCF8FA87CE8E2A4
:102E9000AB7CE6E2AD7CE4E2AE7CECE2B17CEBE262
:102EA000B27CEAE2B37CE9E2B97CEDE2BD7CEEE221
:102EB000BE7CB890C07CEFE2C27CF1E2C57CF0E25F
:102EC000CA7CD08CCE7C5791D27CF3E2D67C9C938A
:102ED000D87CF2E2DC7CF4E2DE7CB395DF7C8C9182
:102EE000E07C668DE27CF5E2E77CC697EF7CF7E25A
:102EF000F27CF8E2F47CF9E2F67CFAE2F87C858E6A
:102F0000FA7CFBE2FB7C6E8CFE7C8A8B007D498B1D
:102F1000027D40E3047DF196057D678D067DFCE230
:102F20000A7D43E30B7DE4960D7D5B94107D529505
:102F3000147D838F157D42E3177DD18E187D688DBA
:102F4000197D868E1A7D898B1B7DB4951C7D41E38E
:102F5000207D6691217D6196227DF58D2B7D878E6A
:102F60002C7DDB922E7D46E32F7DDD97307DD78D46
:102F7000327D47E3337D6190357D49E3397DD08FE4
:102F80003A7DAE8D3F7D48E3427D498F437DBC8CC9
:102F9000447D6791457D44E3467D4AE3487D8AFB55
:102FA0004B7D45E34C7D6F8C4E7D4DE34F7D51E372
:102FB000507D8B8C567D4CE35B7D55E35C7D8BFBBC
:102FC0005E7D698D617D8D97627DBA88637D52E3F8
:102FD000667D8B8B687D4FE36E7D50E3717D9D93A5
:102FE000727D4EE3737D4BE3757D478A767DE2907B
:102FF000797DA68C7D7D57E3897D54E38F7D56E3F3
:10300000937D53E3997D708C9A7DB1919B7D58E3BC
:103010009C7D8E919F7D65E3A07D8DFBA27D61E30C
:10302000A37D5BE3AB7D5FE3AC7DF88EAD7DDB889C
:10303000AE7D5AE3AF7D62E3B07D66E3B17D6A8D1C
:10304000B27DD496B47DD492B57D5CE3B77D8CFB24
:10305000B87D64E3BA7D59E3BB7D5D92BD7D5EE3DF
:10306000BE7DBB88BF7DC896C77D5DE3CA7DD98B19
:10307000CB7DEA94CF7D8D91D17DCE97D27D8F8F00
:10308000D57D8EE3D67D8EFBD87D67E3DA7DFC901F
:10309000DC7D63E3DD7D68E3DE7D6AE3E07DF7925E
:1030A000E17D6DE3E47D69E3E87DD295E97DC98A40
:1030B000EC7DC996EF7DDC88F27D6CE3F47DFB97B7
:1030C000FB7D6BE3017E8F89047EEA93057E6EE3D0
:1030D000097E75E30A7E6FE30B7E76E3127E72E370
:1030E0001B7E9B941E7EC88E1F7E74E3217E71E33F
:1030F000227E77E3237E70E3267E638F2B7E4496C9
:103100002E7E6B8F317E73E3327E80E3357E7BE3F0
:10311000377E7EE3397E7CE33A7E81E33B7E7AE351
:103120003D7E60E33E7ED190417EC994437E7DE347
:10313000467E78E34A7E40914B7E718C4D7E4A8F6D
:10314000527E8FFB547E4490557E5591567E84E38B
:10315000597E86E35A7E87E35D7E83E35E7E85E368
:10316000667E79E3677E82E3697E8AE36A7E89E32D
:103170006D7E9A96707E4A8C797E88E37B7E8CE3A6
:103180007C7E8BE37D7E8FE37F7E91E3827E5B8E10
:10319000837E8DE3887E92E3897E93E38A7E5CFA68
:1031A0008C7E94E38E7E9AE38F7E5A93907E96E394
:1031B000927E95E3937E97E3947E98E3967E99E3DF
:1031C0009B7E9BE39C7E9CE3367FCA8A387F9DE38F
:1031D0003A7F9EE3457F9FE3477F90FB4C7FA0E3D0
:1031E0004D7FA1E34E7FA2E3507FA3E3517FA4E391
:1031F000547FA6E3557FA5E3587FA7E35F7FA8E34D
:10320000607FA9E3677FACE3687FAAE3697FABE3F4
:103210006A7FDF8D6B7F728C6E7F7592707FB19449
:10322000727F908F757F6C94777FEB94787FADE39E
:10323000797FEB9C827FAEE3837FB0E3857F8597C8
:10324000867FAFE3877FB2E3887FB1E38A7F72979F
:103250008C7FB3E38E7FFC94947FB4E39A7FB7E3D3
:103260009D7FB6E39E7FB5E3A17F91FBA37FB8E38B
:10327000A47F518CA87F4191A97F608BAE7FBCE376
:10328000AF7FB9E3B27FBAE3B67FBDE3B87FBEE3F9
:10329000B97FBBE3BD7F4889C17FA589C57FC0E3F6
:1032A000C67FC1E3CA7FC2E3CC7F8297D27F4B8FB8
:1032B000D47FC4E3D57FC3E3E07F8990E17FC5E39A
:1032C000E67FC6E3E97FC7E3EB7FE38AF07FCB8A43
:1032D000F37FC8E3F97FC9E3FB7F7C96FC7F83978C
:1032E000008073970180569803806C8D0480CCE336
:1032F0000580D28E0680CBE30B80CDE30C80A78EB9
:103300001080CF911280CEE315806B8D1780D596FB
:103310001880CFE31980D0E31C80D1E32180D2E371
:103320002880D3E33380A88E3680EB963B80D5E3AC
:103330003D805E923F80D4E34680D7E34A80D6E367
:103340005280D8E35680B9905880D9E35A80DAE3A6
:103350005E80B7955F80DBE361808F916280DCE304
:103360006880DDE36F80FC977080E0E37280DFE3CC
:103370007380DEE37480AE927680E1E377804590DF
:103380007980E2E37D80E3E37E8057987F80E4E309
:103390008480E5E38580E7E38680E6E38780A39485
:1033A0008980F7938B805D988C80A7949380E9E364
:1033B0009680D18F988049959A80EAE39B80E8E3D4
:1033C0009D80CC8AA180D28CA280888EA580EC942E
:1033D000A980A88CAA806296AC80EDE3AD80EBE377
:1033E000AF806D8DB1806E8DB280E788B480E68D40
:1033F000BA807894C380DD88C480F2E3C6805F928F
:10340000CC807794CE80D991D680F4E3D980F0E354
:10341000DA80F3E3DB80EEE3DD80F1E3DE804596E6
:10342000E180D38CE480FB88E580EFE3EF80F6E376
:10343000F180F7E3F480B793F880B98BFC8045E422
:10344000FD805C940281898E0581BA8B0681C690CD
:10345000078165980881AC960981F5E30A81D290CD
:103460001A81728B1B81F8E32381FAE32981F9E346
:103470002F81FBE33181459233815D943981AF9295
:103480003E8142E4468141E44B81FCE34E817490ED
:1034900050818595518144E4538143E454816F8D7B
:1034A000558172985F8154E4658148E4668149E4FE
:1034B0006B81EE8E6E8147E47081988D718146E458
:1034C00074814AE47881B0927981A0957A814291A1
:1034D0007F81DA9180814EE482814FE483814BE4E5
:1034E00088814CE48A814DE48F81708D938155E40D
:1034F000958151E49A8186959C818C969D81479512
:10350000A08150E4A38153E4A48152E4A88163968E
:10351000A98156E4B08157E4B3815691B58158E44E
:10352000B8815AE4BA815EE4BD815BE4BE8159E4AE
:10353000BF815E94C0815CE4C2815DE4C681B089D4
:10354000C88164E4C9815FE4CD8160E4D18161E434
:10355000D3819F91D88163E4D98162E4DA8165E403
:10356000DF8166E4E08167E4E3816290E581E789D9
:10357000E78168E4E881D597EA81A98EED814C8FD7
:10358000F3818A8EF4817692FA8169E4FB816AE4A0
:10359000FC815089FE816BE401826CE402826DE45F
:1035A00005826EE407826FE40882BB8B0982A89DC6
:1035B0000A8270E40C82E3900D8271E40E82C98E5F
:1035C000108272E41282AE98168273E41782DC9540
:1035D0001882DA8A1B8243911C82778F1E82919512
:1035E0001F824D8F298274E42A82718D2B8275E4AB
:1035F0002C82CA942E8284E4338277E43582C79188
:10360000368295943782BD8C388276E43982449133
:10361000408278E44782F89258827AE4598279E4C9
:103620005A827CE45D827BE45F827DE4628280E496
:1036300064827EE46682CD8A688281E46A8282E462
:103640006B8283E46E82AF8D6F82C797718285E44F
:103650007282469076829089778286E4788287E4C7
:103660007E8288E48B82F0888D8289E492828AE46B
:10367000998287959D82C58E9F828CE4A582488A17
:10368000A682B088AB828BE4AC828EE4AD826D946E
:10369000AF826390B182D489B3824696B8827C8C23
:1036A000B982DA8BBB828DE4BD82E889C582A18AAA
:1036B000D1829189D28292E4D382E897D482DB913D
:1036C000D7826395D9829EE4DB82D589DC829CE433
:1036D000DE829AE4DF8291E4E1828FE4E38290E487
:1036E000E582E18EE682EA8BE7829792EB82CF93C6
:1036F000F1827089F38294E4F48293E4F98299E48C
:10370000FA8295E4FB8298E4018393FB0283CE96D0
:10371000038397E40483D68905839D8A06839BE40B
:1037200009839DE40E83738C1683A1E41783AAE4B6
:103730001883ABE41C83A9882383B2E42883EF8831
:103740002B83A9E42F83A8E43183A3E43283A2E48A
:103750003483A0E435839FE4368383923883F991E0
:103760003983A5E44083A4E44583A7E44983909189
:103770004A83748C4F8360895083A6E45283728D90
:1037800058839191628394FB7383B8E47583B9E4A1
:103790007783D7897B83AC897C83B6E47F8395FB71
:1037A0008583ACE48783B4E48983BBE48A83B5E48E
:1037B0008E83B3E4938396E49683B1E49A83ADE475
:1037C0009E83CE8A9F83AFE4A083BAE4A283B0E451
:1037D000A883BCE4AA83AEE4AB839C94B1838997AD
:1037E000B583B7E4BD83CDE4C183C5E4C5839B90B5
:1037F000C78396FBCA83658BCC83DB8BCE83C0E407
:10380000D383D989D683D28FD883C3E4DC83D88D80
:10381000DF837093E083C8E4E983EC95EB83BFE436
:10382000EF83D889F083D48CF1834895F283C9E47F
:10383000F483BDE4F68397FBF783C6E4FB83D0E40F
:10384000FD83C1E40384C2E40484B8930784C7E41D
:103850000B84C4E40C8447960D84CAE40E84DE888D
:103860001384BEE42084CCE42284CBE429848B94AA
:103870002A84D2E42C84DDE431849E8A3584E0E419
:103880003884CEE43C84D3E43D848E974684DCE4E3
:10389000488498FB498474974E84A89757849892DB
:1038A0005B848B8A618492956284E2E463849F9353
:1038B0006684AF886984DBE46B84D7E46C8492917E
:1038C0006D84D1E46E84D9E46F84DEE471844B941A
:1038D0007584A8887784D6E47984DFE47A8498951F
:1038E0008284DAE48484D5E48B84D38F90844E8FF1
:1038F0009484AA8E9984D6969C8466959F84E5E4E8
:10390000A184EEE4AD84D8E4B284978AB48499FBB0
:10391000B884F68FB984E3E4BB84E8E4BC84939173
:10392000BF84E4E4C184EBE4C4847E92C684ECE406
:10393000C9847597CA84E1E4CB84578ACD84E7E4CF
:10394000D084EAE4D184AA96D684EDE4D984E6E46E
:10395000DA84E9E4DC8460FAEC844896EE844098EA
:10396000F484F1E4FC84F8E4FF84F0E40085C18E83
:103970000685CFE41185CC951385A0961485F7E4D0
:103980001585F6E41785F2E41885F3E41A85558960
:103990001F85F5E42185EFE42685D3922C85F4E498
:1039A0002D85FC883585A0913D85C1954085F9E43C
:1039B000418540E54385D7944885FCE44985D48F0B
:1039C0004A85C78E4B8542E54E85BC8B53859AFB55
:1039D000558543E5578599955885FBE459859BFBAB
:1039E0005A85D4E46385FAE468856E986985A09366
:1039F0006A8593956B859CFB6D854AE5778550E5D7
:103A00007E8551E5808544E58485969487854EE5DD
:103A1000888546E58A8548E5908552E5918547E5A4
:103A200094854BE5978592899985E3939B854CE531
:103A30009C854FE5A48545E5A6854591A88549E582
:103A4000A985468EAA856490AB854F8CAC85F2968D
:103A5000AE85F796AF85928FB0859EFBB98556E50A
:103A6000BA8554E5C1856D98C98553E5CD8595978F
:103A7000CF8555E5D08557E5D58558E5DC855BE5EF
:103A8000DD8559E5E485A193E5855AE5E985CB9483
:103A9000EA854DE5F785938FF9855CE5FA8561E563
:103AA000FB859491FE8560E5028641E5068662E528
:103AB000078668910A865DE50B865FE513865EE5FD
:103AC0001686509F1786419F1A8664E5228663E515
:103AD0002D8696972F86BAE1308665E53F8666E5A6
:103AE0004D8667E54E86D58C5086738B548669E586
:103AF00055867C995A86958B5C86B8975E86F18B45
:103B00005F866AE567866BE56B868E9271866CE5EB
:103B10007986F8937B86B8888A86E1898B8671E5F9
:103B20008C8672E593866DE595865C8EA3866EE540
:103B3000A4866194A9866FE5AA8670E5AB867AE5CE
:103B4000AF8674E5B08677E5B68673E5C48675E51D
:103B5000C68676E5C786D68EC98678E5CB8660921E
:103B6000CD86758CCE86618AD4867BE5D9865E8AC1
:103B7000DB8681E5DE867CE5DF8680E5E486B89439
:103B8000E9867DE5EC867EE5ED866795EE86D89440
:103B9000EF8682E5F886FB91F9868CE5FB8688E561
:103BA000FE86E989008786E502874996038787E5CF
:103BB000068784E5088785E509878AE50A878DE514
:103BC0000D878BE5118789E5128783E51887779242
:103BD0001A8794E51C87A896258792E5298793E59F
:103BE00034878EE5378790E53B8791E53F878FE502
:103BF0004987E4904B8758984C8798E54E8799E51C
:103C000053879FE55587499057879BE559879EE5E0
:103C10005F8796E5608795E56387A0E56687DA8923
:103C200068879CE56A87A1E56E879DE574879AE5BC
:103C30007687B192788797E57F8788948287A5E514
:103C40008D875A979F87A4E5A287A3E5AB87ACE54C
:103C5000AF87A6E5B387AEE5BA878697BB87B1E5A0
:103C6000BD87A8E5C087A9E5C487ADE5C687B0E5EF
:103C7000C787AFE5CB87A7E5D087AAE5D287BBE5A5
:103C8000E087B4E5EF87B2E5F287B3E5F687B8E5FC
:103C9000F787B9E5F987498AFB87618BFE87B7E526
:103CA0000588A2E50788A1FB0D88B6E50E88BAE570
:103CB0000F88B5E51188BCE51588BEE51688BDE519
:103CC0002188C0E52288BFE5238879E52788C4E5F7
:103CD0003188C1E53688C2E53988C3E53B88C5E54A
:103CE00040888C8C4288C7E54488C6E546884F8F5B
:103CF0004C88738D4D88A59F5288C8E55388708F76
:103D00005788588A5988C9E55B8871895D88D58F3D
:103D10005E88CAE56188748D6288CBE56388DF8838
:103D200068885C956B88CCE570888A907288D3E54A
:103D30007588D0E577888F927D88D1E57E88CEE53D
:103D40007F88DC8B8188CDE58288D4E58888558C96
:103D50008B88DC918D88DAE59288D6E59688B391D8
:103D60009788D5E59988D8E59E88CFE5A288D9E5DA
:103D7000A488DBE5AB88ED94AE88D7E5B088DCE5B8
:103D8000B188DEE5B488D18CB588D2E5B788BF8824
:103D9000BF88DDE5C188D98DC288F497C388DFE587
:103DA000C488E0E5C5889591CF88A097D488E1E5DF
:103DB000D5885497D888E2E5D988E3E5DC88E29590
:103DC000DD88E4E5DF88BE8DE188A197E888E9E534
:103DD000F288EAE5F388D68FF488E8E5F588A2FB57
:103DE000F8888797F988E5E5FC88E7E5FD88BB90CA
:103DF000FE889E900289E6E50489EBE50789A19596
:103E00000A89EDE50C89ECE510898C8A12894A96BD
:103E10001389EEE51C895DFA1D89FAE51E89F0E536
:103E20002589F1E52A89F2E52B89F3E53689F7E55D
:103E30003889F8E53B89F6E54189F4E54389EFE502
:103E40004489F5E54C89F9E54D89B5E85689A68997
:103E50005E89FCE55F89DD8B6089FBE5648941E66D
:103E6000668940E66A8943E66D8942E66F8944E6E1
:103E70007289508F748945E6778946E67E8947E6E0
:103E80007F89BC9081897697838948E68689A29547
:103E900087896594888949E68A894AE68B89A98C4D
:103EA0008F894B8B93894BE696898B8E978960948B
:103EB00098894CE69A896F8AA1894DE6A6894FE6D2
:103EC000A7899797A9894EE6AA896590AC8950E69B
:103ED000AF8951E6B28952E6B389CF8ABA8953E6EF
:103EE000BD8954E6BF8955E6C08956E6D289708AF5
:103EF000DA8957E6DC8958E6DD8959E6E389F089F5
:103F0000E6894790E7895AE6F4895BE6F8895CE63A
:103F1000008ABE8C028AF992038A5DE6088A768C52
:103F20000A8A75900C8A60E60E8AA293108A5FE670
:103F3000128AA3FB138A508C168A5EE6178AF591C3
:103F4000188A4C8B1B8A61E61D8A62E61F8AD78F0E
:103F5000238A8D8C258A63E62A8A4B962D8ADD90EA
:103F6000318A968B338AF396348A6991368A64E66D
:103F7000378AA4FB3A8A66903B8A90923C8AD88F13
:103F8000418A65E6468A68E6488A69E6508ABC8DB9
:103F9000518AC091528A67E6548AD98F558A5D95B5
:103FA0005B8A66E65E8A8C8E608A7289628A6DE6BA
:103FB000638A778C668A8E8E698A8D8E6B8A6C98FE
:103FC0006C8A6CE66D8A6BE66E8A4691708A6C8BA1
:103FD000718A6298728A598A738ADA8F798AA5FB04
:103FE0007C8A6AE6828A6FE6848A70E6858A6EE653
:103FF000878AD68C898A5F978C8A8F8E8D8A469421
:10400000918A73E6938ABE90958A6192988A5597B1
:104010009A8A76E69E8AEA8CA08ABD90A18A72E688
:10402000A38A77E6A48AEB8CA58A74E6A68A75E64D
:10403000A78AA6FBA88A71E6AC8AE090AD8AC793EE
:10404000B08A4E92B28ADB89B98AEE94BC8A628BBE
:10405000BE8AA7FBBF8AB292C28A7AE6C48A78E691
:10406000C78A6B92CB8ABF90CC8AD08ACD8A79E6F8
:10407000CF8A7A90D28AC897D68A5F98DA8A7BE606
:10408000DB8A87E6DC8AB392DE8A86E6DF8AA8FBD3
:10409000E08A83E6E18A8BE6E28A84E6E48A80E6C7
:1040A000E68AFA92E78A7EE6EB8A7CE6ED8A40971A
:1040B000EE8A908EF18A81E6F38A7DE6F68AAAFB83
:1040C000F78A85E6F88A948FFA8ABF8CFE8AF8917F
:1040D000008B6496018B7989028BE088048BA39313
:1040E000078B89E60C8B88E60E8BE493108B8DE6AC
:1040F000148B82E6168B8CE6178B8EE6198BAA8CB6
:104100001A8B8AE61B8B758D1D8BD38E208B8FE6C9
:10411000218B7797268B92E6288B95E62B8B93E65F
:104120002C8B5495338B90E6398BDE8B3E8B94E64B
:10413000418B96E6498B9AE64C8B97E64E8B99E637
:104140004F8B98E6538BABFB568B9BE6588BAF8E11
:104150005A8B9DE65B8B9CE65C8B88955F8B9FE61C
:10416000668B788C6B8B9EE66C8BA0E66F8BA1E6E2
:10417000708B638B718BBFE3728BF78F748BA2E6AE
:10418000778BEC8C7D8BA3E67F8BACFB808BA4E6DE
:10419000838B5D8E8A8BCC9D8C8BA5E68E8BA6E661
:1041A000908B518F928BA7E6938BA8E6968BA9E60E
:1041B000998BAAE69A8BABE6378C4A923A8CACE69E
:1041C0003F8CAEE6418CADE6468CA493488CAFE6BE
:1041D0004A8C4C964C8CB0E64E8CB1E6508CB2E6D4
:1041E000558CB3E65A8CD893618CDB8F628CB4E625
:1041F0006A8C8B8D6B8CAC986C8CB5E6788CB6E643
:10420000798C5E957A8CB7E67C8CBFE6828CB8E6BA
:10421000858CBAE6898CB9E68A8CBBE68C8C65966F
:104220008D8CBCE68E8CBDE6948CBEE6988CC0E688
:104230009D8C4C8A9E8CE592A08C8995A18CE08DFA
:10424000A28C768DA78C6E95A88CDD89A98CCC94D8
:10425000AA8CC3E6AB8CD18AAC8CD390AD8CC2E671
:10426000AE8CC7E6AF8C9992B08CE196B28CC5E665
:10427000B38CC6E6B48C4D8BB68CC8E6B78C8394F1
:10428000B88CDD91BB8CEF94BC8C5C93BD8CC4E688
:10429000BF8C6696C08CEA89C18CCAE6C28C4798EE
:1042A000C38CC092C48C6498C78C918EC88CC9E6AC
:1042B000CA8CAF91CD8CDAE6CE8C4791D18CF69337
:1042C000D38C6F95DA8CCDE6DB8C5E8EDC8C928E97
:1042D000DE8CDC8FE08C8594E28CAB8CE38CCCE6BE
:1042E000E48CCBE6E68C8A95EA8CBF8EED8C7193DC
:1042F000F08CADFBF48CAEFBFA8CCFE6FB8CD0E6F9
:10430000FC8C778DFD8CCEE6048DD1E6058DD2E652
:10431000078DD4E6088DA1910A8DD3E60B8DE48A32
:104320000D8DD6E60F8DD5E6108DD7E6128DAFFB3D
:10433000138DD9E6148DDBE6168DDCE6648DD49002
:10434000668DCD8E678DDDE66B8D718A6D8DDEE6B7
:10435000708D9691718DDFE6738DE0E6748D8B958F
:10436000768DB0FB778D4E8B818DE1E6858DB49295
:104370008A8D7A89998DE2E6A38DEF8EA88D96902D
:10438000B38DAB91BA8DE5E6BE8DE4E6C28DE3E672
:10439000CB8DEBE6CC8DE9E6CF8DE6E6D68DE8E673
:1043A000DA8DE7E6DB8DEAE6DD8D978BDF8DEEE6D5
:1043B000E18DD590E38DEFE6E88DD78CEA8DECE6C4
:1043C000EB8DEDE6EF8D4898F38DB592F58D489124
:1043D000FC8DF0E6FF8DF3E6088EF1E6098EF2E63D
:1043E0000A8E78970F8EA593108EF6E61D8EF4E652
:1043F0001E8EF5E61F8EF7E62A8E48E7308EFAE627
:10440000348EFBE6358EF9E6428EF8E6448EFB925A
:10441000478E40E7488E44E7498E41E74A8EFCE6E6
:104420004C8E42E7508E43E7558E4AE7598E45E75A
:104430005F8ED690608E47E7638E49E7648E46E7CD
:10444000728E4CE7748E528F768E4BE77C8E4DE7E2
:10445000818E4EE7848E51E7858E50E7878E4FE739
:104460008A8E53E78B8E52E78D8EF496918E55E7A8
:10447000938E54E7948E56E7998E57E7A18E59E7AD
:10448000AA8E58E7AB8E6790AC8E5AE7AF8EEB8B57
:10449000B08E5BE7B18E5DE7BE8E5EE7C58E5FE7EF
:1044A000C68E5CE7C88E60E7CA8ED48ECB8E61E77D
:1044B000CC8E4F8BCD8E528CCF8EB2FBD28EAC8CED
:1044C000DB8E62E7DF8EEE93E28E5D93E38E63E731
:1044D000EB8E66E7F88EB28EFB8E65E7FC8E64E7A6
:1044E000FD8E798CFE8E67E7038F728A058F69E7F0
:1044F000098FDA8D0A8F68E70C8F71E7128F6BE7EF
:10450000138F6DE7148FE395158F6AE7198F6CE7AA
:104510001B8F70E71C8F6EE71D8F508B1F8F6FE70F
:10452000268F72E7298F79942A8FD6972F8F538FF2
:10453000338F73E7388F4197398F75E73B8F74E777
:104540003E8F78E73F8F6097428F77E7448F8D8A61
:10455000458F76E7468F7BE7498F7AE74C8F79E77F
:104560004D8F51934E8F7CE7578F7DE75C8F7EE7B1
:104570005F8F8C8D618F448C628F80E7638F81E7C2
:10458000648F82E79B8F68909C8F83E79E8FAB8EB2
:104590009F8F84E7A38F85E7A78F9F99A88F9E9908
:1045A000AD8F86E7AE8F90E3AF8F87E7B08F4392F2
:1045B000B18F4A90B28F5F94B78F88E7BA8FD39547
:1045C000BB8FD292BC8F9E8DBF8F4892C28F49897C
:1045D000C48F9896C58F7690CE8F7D8CD18FDF8BD0
:1045E000D48FD495DA8F89E7E28F8BE7E58F8AE75E
:1045F000E68FDE89E98FF493EA8F8CE7EB8F97944F
:10460000ED8F5293EF8F8DE7F08F718FF48F8FE7DF
:10461000F78FC096F88F9EE7F98F91E7FA8F92E7B0
:10462000FD8FC7920090DE91019097910390A69321
:10463000059090E70690748B0B9099E70D9096E7A4
:104640000E90A3E70F90A79310908092119093E79C
:104650001390FC9214907293159094E7169098E73B
:1046600017908090199087941A90CA921D90C090CC
:104670001E9097E71F90AC912090A291219095E712
:104680002290A7882390419827909AE72E90DF9157
:104690003190548F3290699035909CE736909BE72B
:1046A0003890ED8839909DE73C904E953E90A5E777
:1046B0004190D99342908B90459078924790F68B99
:1046C0004990A4E74A9056974B905E894D90D595B6
:1046D0004E90DF894F909FE75090A0E75190A1E75F
:1046E0005290A2E75390B993549042925590E1882A
:1046F0005690A6E75890A7E75990A1EA5C90BB9125
:104700005E90A8E76090938961906B916390AD8C07
:10471000659079976790B5FB6890A9E769904B938E
:104720006D9098916E90D58E6F90AAE77290ADE7DC
:104730007590858F7690ABE777904A917890499104
:104740007A90E2887C90C9977D90AFE77F90F09453
:104750008090B1E78190B0E78290AEE7839084E2E9
:104760008490D28A87908EE78990B3E78A90B2E7E7
:104770008F90B4E791905797A390DF93A6904D96B2
:10478000A890B5E7AA90D78EAF90B6E7B190B7E7FB
:10479000B590B8E7B8904093C190E888CA90788DFA
:1047A000CE905998DB90BCE7DE90B6FBE190538C3D
:1047B000E290B9E7E490BAE7E8909495ED90738AB7
:1047C000F5905897F790BD8BFD9073930291BDE7DC
:1047D0001291BEE71591B8FB1991BFE72791B9FB7C
:1047E0002D9141933091C1E73291C0E74991D19326
:1047F0004A91C2E74B91558F4C91DE8E4D917A9440
:104800004E9191925291F08E54918C905691C3E7B3
:104810005891C4E762917C906391C5E76591C6E7C2
:104820006991C7E76A918F976C91568F7291C9E72A
:104830007391C8E77591798D7791938D78915F8E9B
:104840008291CCE78791868F8991CBE78B91CAE7DC
:104850008D91E7919091ED8C9291C1909791AE944A
:104860009C91588FA291CDE7A491DD8FAA91D0E7BA
:10487000AB91CEE7AF91CFE7B491D2E7B591D1E755
:10488000B891F88FBA91D3E7C091D4E7C191D5E739
:10489000C691CE94C791D18DC891DF8EC991D6E7CC
:1048A000CB91D7E7CC91A297CD91648FCE91EC9626
:1048B000CF91CA97D091D8E7D191E08BD691D9E723
:1048C000D791BBFBD8914293DA91BAFBDB91DCE73D
:1048D000DC91988ADD916A90DE91BCFBDF91DAE78A
:1048E000E191DBE7E391DE92E491BFFBE591C0FB50
:1048F000E6917496E791FA8BED91BDFBEE91BEFBCC
:10490000F591DEE7F691DFE7FC91DDE7FF91E1E766
:104910000692C1FB0A92C3FB0D92DD930E92628A4E
:104920001092C2FB1192E5E71492E2E71592E4E7D8
:104930001E92E0E729926EE82C92E3E73492E99721
:104940003792D88C3992CAFB3A92C4FB3C92C6FB90
:104950003F92EDE74092C5FB449253934592E8E7BE
:104960004892EBE74992E9E74B92EEE74E92C7FB9C
:104970005092EFE75192C9FB5792E7E75992C8FB73
:104980005A92F4E75B9294895E92E6E76292AB9466
:104990006492EAE76692DE8F6792CBFB71927A8D22
:1049A0007792CDFB7892CEFB7E9267968092E28BD7
:1049B0008392658F8592BA9388925FFA91924C9117
:1049C0009392F2E79592ECE79692F1E79892C1966E
:1049D0009A92B6929B92F3E79C92F0E7A792CCFB57
:1049E000AD924B91B792F7E7B992F6E7CF92F5E720
:1049F000D092D2FBD2924E96D392D6FBD592D4FBD4
:104A0000D792D0FBD992D1FBE092D5FBE4929B8F59
:104A1000E792CFFBE992F8E7EA92DD95ED92738990
:104A2000F2926595F3929292F892988BF99265FAC8
:104A3000FA92FAE7FB92D9FBFC927C8DFF92DCFBA9
:104A40000293DEFB06934B8E0F93F9E710938D9044
:104A500018938E90199340E81A9342E81D93DDFB5A
:104A60001E93DBFB2093F98F2193D8FB229341E81F
:104A7000239343E82593D7FB2693D18B2893649502
:104A80002B93E08E2C9342982E93FCE72F93F68D78
:104A900032935E98359345E83A9344E83B9346E871
:104AA0004493FBE748935EFA4B93E7934D937493DB
:104AB0005493D59256934BE85793E0FB5B936292E5
:104AC0005C9347E8609348E86C934C8C6E934AE89B
:104AD0007093DFFB7593AE8C7C9349E87E93DF8FF8
:104AE0008C93998A94934FE89693BD8D979399915F
:104AF0009A93C892A493E1FBA7935A8AAC934DE88A
:104B0000AD934EE8AE93C192B0934CE8B99350E8A0
:104B1000C39356E8C693E2FBC89359E8D09358E88C
:104B2000D1934C93D69351E8D79352E8D89355E854
:104B3000DD9357E8DE93E3FBE193BE8BE4935AE801
:104B4000E59354E8E89353E8F893E4FB03945EE8B4
:104B500007945FE8109460E813945DE814945CE8AF
:104B60001894E08F1994A8931A945BE8219464E850
:104B70002B9462E83194E5FB359463E8369461E860
:104B80003894F6913A9465E8419466E8449468E86C
:104B90004594E6FB4894E7FB5194D38A529467E826
:104BA0005394F8965A9473E85B9469E85E946CE8C1
:104BB00060946AE862946BE86A946DE870946FE8B8
:104BC000759470E8779471E87C9474E87D9472E849
:104BD0007E9475E87F9477E8819476E87795B7922C
:104BE0008095E596829578E883954D91879579E84B
:104BF0008995C2958A957AE88B954A8A8F955B89C3
:104C00009195D58A9295E8FB9395D48A94957BE803
:104C100096957CE898957DE899957EE8A09580E842
:104C2000A295D68AA395748AA4957D8DA595B494F2
:104C3000A79582E8A89581E8AD9583E8B2957B8930
:104C4000B99586E8BB9585E8BC9584E8BE9587E86C
:104C5000C3958AE8C795C588CA9588E8CC958CE83D
:104C6000CD958BE8D4958EE8D5958DE8D6958FE8CF
:104C7000D895AC93DC9590E8E19591E8E29593E8BE
:104C8000E59592E81C968C95219694E8289695E8EF
:104C90002A96E38D2E9696E82F9697E83296689698
:104CA0003B966A913F96A2884096C991429698E8B1
:104CB00044968D954B969BE84C9699E84D967E8D43
:104CC0004F969AE85096C08C5B96C3955C969DE88B
:104CD0005D969FE85E969EE85F96A0E862964089A2
:104CE0006396779064969C8F6596D78A6696A1E8BE
:104CF0006A9686946C96A3E8709641897296A2E8AB
:104D00007396C2927596CB977696A99377969CE800
:104D10007896A4977A96AF8C7D967A978596F78B3E
:104D20008696B2978896478C8A96E0918B9640E457
:104D30008D96A4E88E964B8A8F968F909496758A5E
:104D40009596A6E89796A7E89896A5E89996848CF4
:104D50009B96DB8D9C96E18F9D96EBFBA0964289FE
:104D6000A396D797A796A9E8A896ACE7AA96A8E82D
:104D7000AF96ECFBB096ACE8B196AAE8B296ABE879
:104D8000B496ADE8B696AEE8B796EA97B896AFE8AF
:104D9000B996B0E8BB96C790BC96B994C0969D9062
:104DA000C196E58AC4965997C596EB89C696578FE2
:104DB000C796D98CC996B3E8CB96B2E8CC96938EB9
:104DC000CD96B4E8CE96B1E8D196478ED596B8E8A0
:104DD000D696ABE5D996D499DB969790DC96B6E853
:104DE000E296A397E396EF93E8964A89EA96E190D4
:104DF000EB96B48EF096B595F2965F89F696EB97A2
:104E0000F7968B97F996B9E8FB9664930097F98E1D
:104E10000497BAE80697BBE807976B900897BCE839
:104E20000A97EC970D97B7E80E97BEE80F97C0E882
:104E30001197BFE81397BDE81697C1E81997C2E824
:104E40001C979A911E97E0892497C3E82797B696F6
:104E50002A97C4E83097C5E8329749983397EDFB15
:104E60003897509E3997C6E83B97EEFB3D97C7E8C9
:104E70003E97C8E84297CCE84397EFFB4497C9E8D0
:104E80004697CAE84897CBE84997CDE84D97F0FB9D
:104E90004F97F1FB5197F2FB5297C2905597F3FB56
:104EA0005697F5965997C3905C97CEE85E97F19424
:104EB0006097CFE8619772EA6297CA966497D0E8E4
:104EC0006697D1E86897D2E86997768A6B97D4E8B5
:104ED0006D9778907197D5E87497438C7997D6E859
:104EE0007A97DAE87C97D8E88197D9E88497938A0B
:104EF0008597D7E88697DBE88B97DCE88D97C6889F
:104F00008F97DDE89097DEE89897E28F9C97DFE82F
:104F1000A097668BA397E2E8A697E1E8A897E0E858
:104F2000AB9791E6AD97DA95B397E3E8B497E4E8E9
:104F3000C397E5E8C697E6E8C897E7E8CB97E8E8BF
:104F4000D397D88ADC97E9E8ED97EAE8EE974294A0
:104F5000F297ECE8F397B989F597EFE8F697EEE862
:104F6000FB974389FF97BF8B0198C5950298B8922C
:104F70000398A08D0598808D0698878F08987B9060
:104F80000C98F1E80F98F0E8109861971198E68A6C
:104F90001298D0941398DA9317989C901898CC97FD
:104FA0001A987A8C2198F4E82498F3E82C986A9659
:104FB0002D98AA9334986F893798F5E83898F2E8D5
:104FC0003B9870953C988A973D98F6E84698F7E8A4
:104FD0004B98F9E84C98E8914D987A8A4E987B8ADC
:104FE0004F98F8E85498E78A5598B08C5798F4FB96
:104FF0005898E88A5B985E935E98DE976598F5FB13
:105000006798DA8C6B98FAE86F98FBE87098FCE880
:10501000719840E9739842E9749841E9A898979586
:10502000AA9843E9AF9844E9B19845E9B69846E9AA
:10503000C39848E9C49847E9C69849E9DB98F294CF
:10504000DC98CAE3DF984890E298518BE9984AE9E6
:10505000EB984BE9ED98AA99EE985A9FEF98D19466
:10506000F298F988F498B988FC98948EFD984F9638
:10507000FE98FC8F03994CE90599DD9609994DE955
:105080000A997B970C9961891099608E12994EE963
:105090001399EC8914994FE9189950E91D9952E92F
:1050A0001E9953E9209955E9219951E9249954E928
:1050B0002799F8FB2899D98A2C9956E92E9957E90E
:1050C0003D9958E93E9959E942995AE945995CE96F
:1050D00049995BE94B995EE94C9961E950995DE921
:1050E00051995FE9529960E9559962E95799C08BE6
:1050F0009699F18E979963E9989964E99999818DC8
:105100009E99FAFBA59965E9A8995D8AAC996E9478
:10511000AD9966E9AE9967E9B3997992B499E99343
:10512000BC9968E9C1999D94C499CA91C599778938
:10513000C699EC8BC899ED8BD0999392D1996DE972
:10514000D299EE8BD599ED89D8996CE9DB996AE90A
:10515000DD996BE9DF9969E9E29977E9ED996EE903
:10516000EE996FE9F19970E9F29971E9F89973E9AB
:10517000FB9972E9FF99788F019A74E9059A76E9AB
:105180000E9A528B0F9A75E9129A9B91139AB18CD1
:10519000199A78E9289ACB912B9A79E9309AAB93AE
:1051A000379A7AE93E9A80E9409A7DE9429A7CE909
:1051B000439A7EE9459A7BE94D9A82E94E9AFBFB38
:1051C000559A81E9579A84E95A9AC18B5B9A83E987
:1051D0005F9A85E9629A86E9649A88E9659A87E91F
:1051E000699A89E96A9A8BE96B9A8AE9A89A9C8DEF
:1051F000AD9A8CE9B09A8DE9B89A5B8ABC9A8EE92F
:10520000C09A8FE9C49A9190CF9A90E9D19A91E986
:10521000D39A92E9D49A93E9D89A828DD99AFCFBD1
:10522000DC9A40FCDE9A94E9DF9A95E9E29A96E9E5
:10523000E39A97E9E69A98E9EA9AAF94EB9A9AE9A1
:10524000ED9A4595EE9A9BE9EF9A99E9F19A9DE9D5
:10525000F49A9CE9F79A9EE9FB9A9FE9069BA0E9DC
:10526000189BA1E91A9BA2E91F9BA3E9229BA4E931
:10527000239BA5E9259BA6E9279BA7E9289BA8E9ED
:10528000299BA9E92A9BAAE92E9BABE92F9BACE9B4
:10529000319B549F329BADE93B9BF6E23C9B538B89
:1052A000419B408A429BB08D439BAFE9449BAEE952
:1052B000459BA3964D9BB1E94E9BB2E94F9BB0E94C
:1052C000519BB3E9549B8296589BB4E95A9B9B8BA4
:1052D0006F9B4498729B42FC749BB5E9759B41FCA3
:1052E000839BB7E98E9BBC888F9B43FC919BB8E95D
:1052F000929BA995939BB6E9969BB9E9979BBAE9CE
:105300009F9BBBE9A09BBCE9A89BBDE9AA9B8E968D
:10531000AB9B4C8EAD9BF88DAE9B4E91B19B44FCEC
:10532000B49BBEE9B99BC1E9BB9B45FCC09BBFE9EF
:10533000C69BC2E9C99BEF8CCA9BC0E9CF9BC3E95E
:10534000D19BC4E9D29BC5E9D49BC9E9D69B498EC0
:10535000DB9BE291E19BCAE9E29BC7E9E39BC6E9DB
:10536000E49BC8E9E89B7E8CF09BCEE9F19BCDE9FC
:10537000F29BCCE9F59BB188009C46FC049CD8E9E3
:10538000069CD4E9089CD5E9099CD1E90A9CD7E997
:105390000C9CD3E90D9C828A109C6B98129CD6E9D8
:1053A000139CD2E9149CD0E9159CCFE91B9CDAE947
:1053B000219CDDE9249CDCE9259CDBE92D9C68959A
:1053C0002E9CD9E92F9CF188309CDEE9329CE0E9E3
:1053D000399C8F8A3A9CCBE93B9C56893E9CE2E9FA
:1053E000469CE1E9479CDFE9489C4C92529C909690
:1053F000579CD8975A9CE3E9609CE4E9679CE5E9EF
:10540000769CE6E9789CE7E9E59CB992E79CE8E9B7
:10541000E99CB594EB9CEDE9EC9CE9E9F09CEAE9A8
:10542000F39C5096F49CC296F69CCE93039DEEE9B5
:10543000069DEFE9079DBC93089DECE9099DEBE90A
:105440000E9DA889129DF7E9159DF6E91B9D95898A
:105450001F9DF4E9239DF3E9269DF1E9289D9B8A90
:105460002A9DF0E92B9DB08E2C9DA7893B9D838DB5
:105470003E9DFAE93F9DF9E9419DF8E9449DF5E932
:10548000469DFBE9489DFCE9509D44EA519D43EA55
:10549000599D45EA5C9D4C895D9D40EA5E9D41EACF
:1054A000609D948D619DB796649D42EA6B9D48FC1A
:1054B0006C9D51966F9D4AEA709D47FC729D46EA2D
:1054C0007A9D4BEA879D48EA899D47EA8F9D7B8CB0
:1054D0009A9D4CEAA49D4DEAA99D4EEAAB9D49EAEE
:1054E000AF9DF2E9B29D4FEAB49DDF92B89D53EAB9
:1054F000BA9D54EABB9D52EAC19D51EAC29D57EA4A
:10550000C49D50EAC69D55EACF9D56EAD39D59EAFF
:10551000D99D58EAE69D5BEAED9D5CEAEF9D5DEA68
:10552000F29D6898F89D5AEAF99DE991FA9DEB8DF4
:10553000FD9D5EEA199E4AFC1A9E5FEA1B9E60EA88
:105540001E9E61EA759E62EA789EB28C799E63EA3D
:105550007D9E64EA7F9EAD8E819E65EA889E66EAA6
:105560008B9E67EA8C9E68EA919E6BEA929E69EA3E
:10557000939E5B98959E6AEA979EED979D9E6CEA36
:105580009F9ED997A59E6DEAA69E9E94A99E6EEABF
:10559000AA9E70EAAD9E71EAB89E6FEAB99E8D8DA3
:1055A000BA9ECB96BB9E8396BC9EF59BBE9E809F6B
:1055B000BF9E9B96C49EA989CC9E73EACD9E6F8B9D
:1055C000CE9E74EACF9E75EAD09E76EAD19E4BFCC1
:1055D000D29E958DD49E77EAD89ED2E0D99ED99658
:1055E000DB9EE191DC9E78EADD9E7AEADE9E79EA36
:1055F000E09E7BEAE59E7CEAE89E7DEAEF9E7EEAFD
:10560000F49E80EAF69E81EAF79E82EAF99E83EA9A
:10561000FB9E84EAFC9E85EAFD9E86EA079F87EA58
:10562000089F88EA0E9F4393139FDB8C159F8AEA9D
:10563000209F6C91219F8BEA2C9F8CEA3B9F409589
:105640003E9F8DEA4A9F8EEA4B9F56E24E9FD8E6D8
:105650004F9FEBE8529F8FEA549F90EA5F9F92EA38
:10566000609F93EA619F94EA629FEE97639F91EA3D
:10567000669F95EA679F96EA6A9F98EA6C9F97EA09
:10568000729F9AEA769F9BEA779F99EA8D9FB497DB
:10569000959F9CEA9C9F9DEA9D9F73E2A09F9EEA36
:1056A00029F9E0FADCF9E9FB0EFA90FA0FFA9BFA15
:1056B00010FA9CFA11FAB1FA12FAD8FA13FAE8FAC7
:1056C00014FAEAFA15FA58FB16FA5EFB17FA75FB9C
:1056D00018FA7DFB19FA7EFB1AFA80FB1BFA82FB93
:1056E0001CFA86FB1DFA89FB1EFA92FB1FFA9DFB32
:1056F00020FA9FFB21FAA0FB22FAA9FB23FAB1FBB7
:1057000024FAB3FB25FAB4FB26FAB7FB27FAD3FB3E
:1057100028FADAFB29FAEAFB2AFAF6FB2BFAF7FB5E
:105720002CFAF9FB2DFA49FC01FF498102FF57FAD7
:1057300003FF948104FF908105FF938106FF95810B
:1057400007FF56FA08FF698109FF6A810AFF9681FF
:105750000BFF7B810CFF43810DFF7C810EFF448199
:105760000FFF5E8110FF4F8211FF508212FF5182A6
:1057700013FF528214FF538215FF548216FF558285
:1057800017FF568218FF578219FF58821AFF468169
:105790001BFF47811CFF83811DFF81811EFF8481C8
:1057A0001FFF488120FF978121FF608222FF6182D5
:1057B00023FF628224FF638225FF648226FF6582C5
:1057C00027FF668228FF678229FF68822AFF698295
:1057D0002BFF6A822CFF6B822DFF6C822EFF6D8265
:1057E0002FFF6E8230FF6F8231FF708232FF718235
:1057F00033FF728234FF738235FF748236FF758205
:1058000037FF768238FF778239FF78823AFF7982D4
:105810003BFF6D813CFF5F813DFF6E813EFF4F810D
:105820003FFF518140FF4D8141FF818242FF8282D3
:1058300043FF838244FF848245FF858246FF868240
:1058400047FF878248FF888249FF89824AFF8A8210
:105850004BFF8B824CFF8C824DFF8D824EFF8E82E0
:105860004FFF8F8250FF908251FF918252FF9282B0
:1058700053FF938254FF948255FF958256FF968280
:1058800057FF978258FF988259FF99825AFF9A8250
:105890005BFF6F815CFF62815DFF70815EFF6081F5
:1058A00061FFA10062FFA20063FFA30064FFA400E8
:1058B00065FFA50066FFA60067FFA70068FFA800B8
:1058C00069FFA9006AFFAA006BFFAB006CFFAC0088
:1058D0006DFFAD006EFFAE006FFFAF0070FFB00058
:1058E00071FFB10072FFB20073FFB30074FFB40028
:1058F00075FFB50076FFB60077FFB70078FFB800F8
:1059000079FFB9007AFFBA007BFFBB007CFFBC00C7
:105910007DFFBD007EFFBE007FFFBF0080FFC00097
:1059200081FFC10082FFC20083FFC30084FFC40067
:1059300085FFC50086FFC60087FFC70088FFC80037
:1059400089FFC9008AFFCA008BFFCB008CFFCC0007
:105950008DFFCD008EFFCE008FFFCF0090FFD000D7
:1059600091FFD10092FFD20093FFD30094FFD400A7
:1059700095FFD50096FFD60097FFD70098FFD80077
:1059800099FFD9009AFFDA009BFFDB009CFFDC0047
:105990009DFFDD009EFFDE009FFFDF00E0FF9181A5
:1059A000E1FF9281E2FFCA81E3FF5081E4FF55FAF3
:1059B000E5FF8F8100000000A10061FFA20062FFEF
:1059C000A30063FFA40064FFA50065FFA60066FFB7
:1059D000A70067FFA80068FFA90069FFAA006AFF87
:1059E000AB006BFFAC006CFFAD006DFFAE006EFF57
:1059F000AF006FFFB00070FFB10071FFB20072FF27
:105A0000B30073FFB40074FFB50075FFB60076FFF6
:105A1000B70077FFB80078FFB90079FFBA007AFFC6
:105A2000BB007BFFBC007CFFBD007DFFBE007EFF96
:105A3000BF007FFFC00080FFC10081FFC20082FF66
:105A4000C30083FFC40084FFC50085FFC60086FF36
:105A5000C70087FFC80088FFC90089FFCA008AFF06
:105A6000CB008BFFCC008CFFCD008DFFCE008EFFD6
:105A7000CF008FFFD00090FFD10091FFD20092FFA6
:105A8000D30093FFD40094FFD50095FFD60096FF76
:105A9000D70097FFD80098FFD90099FFDA009AFF46
:105AA000DB009BFFDC009CFFDD009DFFDE009EFF16
:105AB000DF009FFF40810030418101304281023090
:105AC00043810CFF44810EFF4581FB3046811AFF64
:105AD00047811BFF48811FFF498101FF4A819B309D
:105AE0004B819C304C81B4004D8140FF4E81A80019
:105AF0004F813EFF5081E3FF51813FFF5281FD30D6
:105B00005381FE3054819D3055819E305681033043
:105B10005781DD4E58810530598106305A81073052
:105B20005B81FC305C8115205D8110205E810FFF60
:105B30005F813CFF60815EFF6181252262815CFFA5
:105B400063812620648125206581182066811920C3
:105B500067811C2068811D20698108FF6A8109FF17
:105B60006B8114306C8115306D813BFF6E813DFF80
:105B70006F815BFF70815DFF718108307281093038
:105B800073810A3074810B3075810C3076810D3051
:105B900077810E3078810F30798110307A81113021
:105BA0007B810BFF7C810DFF7D81B1007E81D70061
:105BB0008081F70081811DFF8281602283811CFF2B
:105BC00084811EFF858166228681672287811E224D
:105BD00088813422898142268A8140268B81B000C7
:105BE0008C8132208D8133208E8103218F81E5FFCE
:105BF000908104FF9181E0FF9281E1FF938105FF95
:105C0000948103FF958106FF96810AFF978120FF0B
:105C10009881A700998106269A8105269B81CB252C
:105C20009C81CF259D81CE259E81C7259F81C6253C
:105C3000A081A125A181A025A281B325A381B225A0
:105C4000A481BD25A581BC25A6813B20A78112305A
:105C5000A8819221A9819021AA819121AB819321D0
:105C6000AC811330B8810822B9810B22BA81862217
:105C7000BB818722BC818222BD818322BE812A22F0
:105C8000BF812922C8812722C9812822CA81E2FF37
:105C9000CB81D221CC81D421CD810022CE8103229F
:105CA000DA812022DB81A522DC811223DD81022220
:105CB000DE810722DF816122E0815222E1816A22B6
:105CC000E2816B22E3811A22E4813D22E5811D22DB
:105CD000E6813522E7812B22E8812C22F0812B21DD
:105CE000F1813020F2816F26F3816D26F4816A26DE
:105CF000F5812020F6812120F781B600FC81EF2577
:105D00004F8210FF508211FF518212FF528213FF07
:105D1000538214FF548215FF558216FF568217FFD7
:105D2000578218FF588219FF608221FF618222FF8B
:105D3000628223FF638224FF648225FF658226FF3F
:105D4000668227FF678228FF688229FF69822AFF0F
:105D50006A822BFF6B822CFF6C822DFF6D822EFFDF
:105D60006E822FFF6F8230FF708231FF718232FFAF
:105D7000728233FF738234FF748235FF758236FF7F
:105D8000768237FF778238FF788239FF79823AFF4F
:105D9000818241FF828242FF838243FF848244FFEB
:105DA000858245FF868246FF878247FF888248FFBB
:105DB000898249FF8A824AFF8B824BFF8C824CFF8B
:105DC0008D824DFF8E824EFF8F824FFF908250FF5B
:105DD000918251FF928252FF938253FF948254FF2B
:105DE000958255FF968256FF978257FF988258FFFB
:105DF000998259FF9A825AFF9F824130A082423095
:105E0000A1824330A2824430A3824530A48246302E
:105E1000A5824730A6824830A7824930A8824A30FE
:105E2000A9824B30AA824C30AB824D30AC824E30CE
:105E3000AD824F30AE825030AF825130B08252309E
:105E4000B1825330B2825430B3825530B48256306E
:105E5000B5825730B6825830B7825930B8825A303E
:105E6000B9825B30BA825C30BB825D30BC825E300E
:105E7000BD825F30BE826030BF826130C0826230DE
:105E8000C1826330C2826430C3826530C4826630AE
:105E9000C5826730C6826830C7826930C8826A307E
:105EA000C9826B30CA826C30CB826D30CC826E304E
:105EB000CD826F30CE827030CF827130D08272301E
:105EC000D1827330D2827430D3827530D4827630EE
:105ED000D5827730D6827830D7827930D8827A30BE
:105EE000D9827B30DA827C30DB827D30DC827E308E
:105EF000DD827F30DE828030DF828130E08282305E
:105F0000E1828330E2828430E3828530E48286302D
:105F1000E5828730E6828830E7828930E8828A30FD
:105F2000E9828B30EA828C30EB828D30EC828E30CD
:105F3000ED828F30EE829030EF829130F08292309D
:105F4000F18293304083A1304183A2304283A33059
:105F50004383A4304483A5304583A6304683A730CD
:105F60004783A8304883A9304983AA304A83AB309D
:105F70004B83AC304C83AD304D83AE304E83AF306D
:105F80004F83B0305083B1305183B2305283B3303D
:105F90005383B4305483B5305583B6305683B7300D
:105FA0005783B8305883B9305983BA305A83BB30DD
:105FB0005B83BC305C83BD305D83BE305E83BF30AD
:105FC0005F83C0306083C1306183C2306283C3307D
:105FD0006383C4306483C5306583C6306683C7304D
:105FE0006783C8306883C9306983CA306A83CB301D
:105FF0006B83CC306C83CD306D83CE306E83CF30ED
:106000006F83D0307083D1307183D2307283D330BC
:106010007383D4307483D5307583D6307683D7308C
:106020007783D8307883D9307983DA307A83DB305C
:106030007B83DC307C83DD307D83DE307E83DF302C
:106040008083E0308183E1308283E2308383E330F8
:106050008483E4308583E5308683E6308783E730C8
:106060008883E8308983E9308A83EA308B83EB3098
:106070008C83EC308D83ED308E83EE308F83EF3068
:106080009083F0309183F1309283F2309383F33038
:106090009483F4309583F5309683F6309F83910393
:1060A000A0839203A1839303A2839403A383950304
:1060B000A4839603A5839703A6839803A7839903D4
:1060C000A8839A03A9839B03AA839C03AB839D03A4
:1060D000AC839E03AD839F03AE83A003AF83A10374
:1060E000B083A303B183A403B283A503B383A60340
:1060F000B483A703B583A803B683A903BF83B10301
:10610000C083B203C183B303C283B403C383B503A3
:10611000C483B603C583B703C683B803C783B90373
:10612000C883BA03C983BB03CA83BC03CB83BD0343
:10613000CC83BE03CD83BF03CE83C003CF83C10313
:10614000D083C303D183C403D283C503D383C603DF
:10615000D483C703D583C803D683C90340841004FE
:1061600041841104428412044384130444841404BB
:1061700045841504468401044784160448841704A2
:10618000498418044A8419044B841A044C841B045F
:106190004D841C044E841D044F841E0450841F042F
:1061A00051842004528421045384220454842304FF
:1061B00055842404568425045784260458842704CF
:1061C000598428045A8429045B842A045C842B049F
:1061D0005D842C045E842D045F842E0460842F046F
:1061E0007084300471843104728432047384330403
:1061F00074843404758435047684510477843604B9
:1062000078843704798438047A8439047B843A04A6
:106210007C843B047D843C047E843D0480843E0475
:1062200081843F0482844004838441048484420442
:106230008584430486844404878445048884460412
:10624000898447048A8448048B8449048C844A04E2
:106250008D844B048E844C048F844D0490844E04B2
:1062600091844F049F840025A0840225A1840C25DD
:10627000A2841025A3841825A4841425A5841C2594
:10628000A6842C25A7842425A8843425A9843C250C
:10629000AA840125AB840325AC840F25AD84132586
:1062A000AE841B25AF841725B0842325B184332504
:1062B000B2842B25B3843B25B4844B25B58420259B
:1062C000B6842F25B7842825B8843725B9843F257F
:1062D000BA841D25BB843025BC842525BD84382582
:1062E000BE8442254087602441876124428762241E
:1062F000438763244487642445876524468766244E
:106300004787672448876824498769244A876A241D
:106310004B876B244C876C244D876D244E876E24ED
:106320004F876F24508770245187712452877224BD
:1063300053877324548760215587612156876221D2
:106340005787632158876421598765215A876621B9
:106350005B8767215C8768215D8769215F87493397
:10636000608714336187223362874D336387183324
:1063700064872733658703336687363367875133EE
:106380006887573369870D336A8726336B872333D2
:106390006C872B336D874A336E873B336F879C3313
:1063A00070879D3371879E3372878E3373878F33E7
:1063B0007487C4337587A1337E877B3380871D3014
:1063C00081871F30828716218387CD3384872121DF
:1063D0008587A4328687A5328787A6328887A73229
:1063E0008987A8328A8731328B8732328C8739325B
:1063F0008D877E338E877D338F877C3393872E22E4
:106400009487112298871F229987BF229F889C4ECC
:10641000A0881655A188035AA2883F96A388C05425
:10642000A4881B61A5882863A688F659A7882290AE
:10643000A8887584A9881C83AA88507AAB88AA602A
:10644000AC88E163AD88256EAE88ED65AF88668463
:10645000B088A682B188F59BB2889368B388275725
:10646000B488A165B5887162B6889B5BB788D0593E
:10647000B8887B86B988F498BA88627DBB88BE7D6F
:10648000BC888E9BBD881662BE889F7CBF88B788FB
:10649000C088895BC188B55EC2880963C388976676
:1064A000C4884868C588C795C6888D97C7884F67D0
:1064B000C888E54EC9880A4FCA884D4FCB889D4F82
:1064C000CC884950CD88F256CE883759CF88D459D8
:1064D000D088015AD188095CD288DF60D3880F61E7
:1064E000D4887061D5881366D6880569D788BA7054
:1064F000D8884F75D9887075DA88FB79DB88AD7DCF
:10650000DC88EF7DDD88C380DE880E84DF886388C9
:10651000E088028BE1885590E2887A90E3883B53CB
:10652000E488954EE588A54EE688DF57E788B28077
:10653000E888C190E988EF78EA88004EEB88F15846
:10654000EC88A26EED883890EE88327AEF88288346
:10655000F0888B82F1882F9CF2884151F388705328
:10656000F488BD54F588E154F688E056F788FB5965
:10657000F888155FF988F298FA88EB6DFB88E4805B
:10658000FC882D8540896296418970964289A09643
:106590004389FB9744890B544589F3534689875BAC
:1065A0004789CF704889BD7F4989C28F4A89E8965B
:1065B0004B896F534C895C9D4D89BA7A4E89114E37
:1065C0004F8993785089FC815189266E52891856DB
:1065D0005389045554891D6B55891A8556893B9CEE
:1065E0005789E5595889A9535989666D5A89DC74C8
:1065F0005B898F955C8942565D89914E5E894B908F
:106600005F89F29660894F8361890C996289E153B1
:106610006389B6556489305B6589715F66892066D8
:106620006789F366688904686989386C6A89F36CDC
:106630006B89296D6C895B746D89C8766E894E7A19
:106640006F8934987089F18271895B887289608A58
:106650007389ED927489B26D7589AB757689CA7646
:106660007789C5997889A6607989018B7A898A8D1D
:106670007B89B2957C898E697D89AD537E898651EF
:106680008089125781893058828944598389B45B43
:106690008489F65E858928608689A9638789F46381
:1066A0008889BF6C8989146F8A898E708B8914716F
:1066B0008C8959718D89D5718E893F738F89017E3F
:1066C000908976829189D182928997859389609009
:1066D00094895B9295891B9D968969589789BC65B9
:1066E00098895A6C998925759A89F9519B892E59EF
:1066F0009C8965599D89805F9E89DC5F9F89BC620A
:10670000A089FA65A1892A6AA289276BA389B46B3B
:10671000A4898B73A589C17FA6895689A7892C9DD9
:10672000A8890E9DA989C49EAA89A15CAB89966C93
:10673000AC897B83AD890451AE894B5CAF89B6616E
:10674000B089C681B1897668B2896172B389594EC0
:10675000B489FA4FB5897853B6896960B789296ECB
:10676000B8894F7AB989F397BA890B4EBB8916530A
:10677000BC89EE4EBD89554FBE893D4FBF89A14FA3
:10678000C089734FC189A052C289EF53C38909568A
:10679000C4890F59C589C15AC689B65BC789E15BEF
:1067A000C889D179C9898766CA899C67CB89B66748
:1067B000CC894C6BCD89B36CCE896B70CF89C27399
:1067C000D0898D79D189BE79D2893C7AD389877B6A
:1067D000D489B182D589DB82D6890483D78977832E
:1067E000D889EF83D989D383DA896687DB89B28A2E
:1067F000DC892956DD89A88CDE89E68FDF894E90F9
:10680000E0891E97E1898A86E289C44FE389E85CC2
:10681000E4891162E5895972E6893B75E789E5816A
:10682000E889BD82E989FE86EA89C08CEB89C59634
:10683000EC891399ED89D599EE89CB4EEF891A4FE2
:10684000F089E389F189DE56F2894A58F389CA58FA
:10685000F489FB5EF589EB5FF6892A60F78994601D
:10686000F8896260F989D061FA891262FB89D06285
:10687000FC893965408A419B418A6666428AB068D4
:10688000438A776D448A7070458A4C75468A86764D
:10689000478A757D488AA582498AF9874A8A8B95F5
:1068A0004B8A8E964C8A9D8C4D8AF1514E8ABE52EF
:1068B0004F8A1659508AB354518AB35B528A165D77
:1068C000538A6861548A8269558AAF6D568A8D7879
:1068D000578ACB84588A5788598A728A5A8AA793CA
:1068E0005B8AB89A5C8A6C6D5D8AA8995E8AD98643
:1068F0005F8AA357608AFF67618ACE86628A0E929A
:10690000638A8352648A8756658A0454668AD35E92
:10691000678AE162688AB964698A3C686A8A386809
:106920006B8ABB6B6C8A72736D8ABA786E8A6B7A6B
:106930006F8A9A89708AD289718A6B8D728A038F65
:10694000738AED90748AA395758A9496768A69976E
:10695000778A665B788AB35C798A7D697A8A4D9892
:106960007B8A4E987C8A9B637D8A207B7E8A2B6AF9
:10697000808A7F6A818AB668828A0D9C838A5F6F6B
:10698000848A7252858A9D55868A7060878AEC62F5
:10699000888A3B6D898A076E8A8AD16E8B8A5B846E
:1069A0008C8A10898D8A448F8E8A144E8F8A399CE6
:1069B000908AF653918A1B69928A3A6A938A8497DD
:1069C000948A2A68958A5C51968AC37A978AB28497
:1069D000988ADC91998A8C939A8A5B569B8A289D27
:1069E0009C8A22689D8A05839E8A31849F8AA57C21
:1069F000A08A0852A18AC582A28AE674A38A7E4E22
:106A0000A48A834FA58AA051A68AD25BA78A0A527C
:106A1000A88AD852A98AE752AA8AFB5DAB8A9A55FE
:106A2000AC8A2A58AD8AE659AE8A8C5BAF8A985BED
:106A3000B08ADB5BB18A725EB28A795EB38AA36088
:106A4000B48A1F61B58A6361B68ABE61B78ADB63A7
:106A5000B88A6265B98AD167BA8A5368BB8AFA680C
:106A6000BC8A3E6BBD8A536BBE8A576CBF8A226F4D
:106A7000C08A976FC18A456FC28AB074C38A18757D
:106A8000C48AE376C58A0B77C68AFF7AC78AA17B58
:106A9000C88A217CC98AE97DCA8A367FCB8AF07F81
:106AA000CC8A9D80CD8A6682CE8A9E83CF8AB38926
:106AB000D08ACC8AD18AAB8CD28A8490D38A5194E2
:106AC000D48A9395D58A9195D68AA295D78A6596C8
:106AD000D88AD397D98A2899DA8A1882DB8A384EDD
:106AE000DC8A2B54DD8AB85CDE8ACC5DDF8AA97330
:106AF000E08A4C76E18A3C77E28AA95CE38AEB7F04
:106B0000E48A0B8DE58AC196E68A1198E78A549843
:106B1000E88A5898E98A014FEA8A0E4FEB8A715346
:106B2000EC8A9C55ED8A6856EE8AFA57EF8A4759E7
:106B3000F08A095BF18AC45BF28A905CF38A0C5E8E
:106B4000F48A7E5EF58ACC5FF68AEE63F78A3A674E
:106B5000F88AD765F98AE265FA8A1F67FB8ACB68EB
:106B6000FC8AC468408B5F6A418B305E428BC56B88
:106B7000438B176C448B7D6C458B7F75468B4879B6
:106B8000478B635B488B007A498B007D4A8BBD5FE6
:106B90004B8B8F894C8B188A4D8BB48C4E8B778D99
:106BA0004F8BCC8E508B1D8F518BE298528B0E9A4F
:106BB000538B3C9B548B804E558B7D50568B005194
:106BC000578B9359588B9C5B598B2F625A8B8062E1
:106BD0005B8BEC645C8B3A6B5D8BA0725E8B91750A
:106BE0005F8B4779608BA97F618BFB87628BBC8A47
:106BF000638B708B648BAC63658BCA83668BA09749
:106C0000678B0954688B0354698BAB556A8B546846
:106C10006B8B586A6C8B708A6D8B27786E8B75675F
:106C20006F8BCD9E708B7453718BA25B728B1A81AC
:106C3000738B5086748B0690758B184E768B454EF1
:106C4000778BC74E788B114F798BCA537A8B385418
:106C50007B8BAE5B7C8B135F7D8B25607E8B516560
:106C6000808B3D67818B426C828B726C838BE36C73
:106C7000848B7870858B0374868B767A878BAE7A5B
:106C8000888B087B898B1A7D8A8BFE7C8B8B667D3B
:106C90008C8BE7658D8B5B728E8BBB538F8B455CCA
:106CA000908BE85D918BD262928BE062938B19633B
:106CB000948B206E958B5A86968B318A978BDD8DBF
:106CC000988BF892998B016F9A8BA6799B8B5A9B24
:106CD0009C8BA84E9D8BAB4E9E8BAC4E9F8B9B4F3F
:106CE000A08BA04FA18BD150A28B4751A38BF67ADA
:106CF000A48B7151A58BF651A68B5453A78B2153AE
:106D0000A88B7F53A98BEB53AA8BAC55AB8B8358C5
:106D1000AC8BE15CAD8B375FAE8B4A5FAF8B2F6086
:106D2000B08B5060B18B6D60B28B1F63B38B5965B4
:106D3000B48B4B6AB58BC16CB68BC272B78BED72DC
:106D4000B88BEF77B98BF880BA8B0581BB8B088243
:106D5000BC8B4E85BD8BF790BE8BE193BF8BFF97AD
:106D6000C08B5799C18B5A9AC28BF04EC38BDD51A1
:106D7000C48B2D5CC58B8166C68B6D69C78B405CEF
:106D8000C88BF266C98B7569CA8B8973CB8B5068C7
:106D9000CC8B817CCD8BC550CE8BE452CF8B4757AB
:106DA000D08BFE5DD18B2693D28BA465D38B236BC6
:106DB000D48B3D6BD58B3474D68B8179D78BBD79D1
:106DC000D88B4B7BD98BCA7DDA8BB982DB8BCC839A
:106DD000DC8B7F88DD8B5F89DE8B398BDF8BD18FFE
:106DE000E08BD191E18B1F54E28B8092E38B5D4E5F
:106DF000E48B3650E58BE553E68B3A53E78BD7723D
:106E0000E88B9673E98BE977EA8BE682EB8BAF8EA2
:106E1000EC8BC699ED8BC899EE8BD299EF8B77519D
:106E2000F08B1A61F18B5E86F28BB055F38B7A7A18
:106E3000F48B7650F58BD35BF68B4790F78B85966A
:106E4000F88B324EF98BDB6AFA8BE791FB8B515C46
:106E5000FC8B485C408C9863418C9F7A428C936C8D
:106E6000438C7497448C618F458CAA7A468C8A71C6
:106E7000478C8896488C827C498C17684A8C707E37
:106E80004B8C51684C8C6C934D8CF2524E8C1B5435
:106E90004F8CAB85508C138A518CA47F528CCD8E35
:106EA000538CE190548C6653558C8888568C41796C
:106EB000578CC24F588CBE50598C11525A8C445129
:106EC0005B8C53555C8C2D575D8CEA735E8C8B57B5
:106ED0005F8C5159608C625F618C845F628C7560DD
:106EE000638C7661648C6761658CA961668CB26322
:106EF000678C3A64688C6C65698C6F666A8C4268D2
:106F00006B8C136E6C8C66756D8C3D7A6E8CFB7C15
:106F10006F8C4C7D708C997D718C4B7E728C6B7FED
:106F2000738C0E83748C4A83758CCD86768C088A1C
:106F3000778C638A788C668B798CFD8E7A8C1A9824
:106F40007B8C8F9D7C8CB8827D8CCE8F7E8CE89BD9
:106F5000808C8752818C1F62828C8364838CC06F8B
:106F6000848C9996858C4168868C9150878C206B97
:106F7000888C7A6C898C546F8A8C747A8B8C507D57
:106F80008C8C40888D8C238A8E8C08678F8CF64E73
:106F9000908C3950918C2650928C6550938C7C51FA
:106FA000948C3852958C6352968CA755978C0F57BA
:106FB000988C0558998CCC5A9A8CFA5E9B8CB2614D
:106FC0009C8CF8619D8CF3629E8C72639F8C1C6913
:106FD000A08C296AA18C7D72A28CAC72A38C2E73BA
:106FE000A48C1478A58C6F78A68C797DA78C0C77EF
:106FF000A88CA980A98C8B89AA8C198BAB8CE28C6C
:10700000AC8CD28EAD8C6390AE8C7593AF8C7A962F
:10701000B08C5598B18C139AB28C789EB38C435136
:10702000B48C9F53B58CB353B68C7B5EB78C265F04
:10703000B88C1B6EB98C906EBA8C8473BB8CFE734B
:10704000BC8C437DBD8C3782BE8C008ABF8CFA8A93
:10705000C08C5096C18C4E4EC28C0B50C38CE453E6
:10706000C48C7C54C58CFA56C68CD159C78C645BD1
:10707000C88CF15DC98CAB5ECA8C275FCB8C386243
:10708000CC8C4565CD8CAF67CE8C566ECF8CD072D4
:10709000D08CCA7CD18CB488D28CA180D38CE18076
:1070A000D48CF083D58C4E86D68C878AD78CE88D8D
:1070B000D88C3792D98CC796DA8C6798DB8C139F63
:1070C000DC8C944EDD8C924EDE8C0D4FDF8C485361
:1070D000E08C4954E18C3E54E28C2F5AE38C8C5F57
:1070E000E48CA15FE58C9F60E68CA768E78C8E6AD4
:1070F000E88C5A74E98C8178EA8C9E8AEB8CA48A9D
:10710000EC8C778BED8C9091EE8C5E4EEF8CC99B66
:10711000F08CA44EF18C7C4FF28CAF4FF38C195055
:10712000F48C1650F58C4951F68C6C51F78C9F52AB
:10713000F88CB952F98CFE52FA8C9A53FB8CE353BB
:10714000FC8C1154408D0E54418D8955428D515700
:10715000438DA257448D7D59458D545B468D5D5BB3
:10716000478D8F5B488DE55D498DE75D4A8DF75D05
:107170004B8D785E4C8D835E4D8D9A5E4E8DB75EE5
:107180004F8D185F508D5260518D4C61528D9762BA
:10719000538DD862548DA763558D3B65568D02661D
:1071A000578D4366588DF466598D6D675A8D2168E9
:1071B0005B8D97685C8DCB695D8D5F6C5E8D2A6D94
:1071C0005F8D696D608D2F6E618D9D6E628D3275E4
:1071D000638D8776648D6C78658D3F7A668DE07CF3
:1071E000678D057D688D187D698D5E7D6A8DB17DA9
:1071F0006B8D15806C8D03806D8DAF806E8DB18031
:107200006F8D5481708D8F81718D2A82728D528322
:10721000738D4C88748D6188758D1B8B768DA28CD7
:10722000778DFC8C788DCA90798D75917A8D71925D
:107230007B8D3F787C8DFC927D8DA4957E8D4D96C7
:10724000808D0598818D9999828DD89A838D3B9DEB
:10725000848D5B52858DAB52868DF753878D085494
:10726000888DD558898DF7628A8DE06F8B8D6A8CF9
:107270008C8D5F8F8D8DB99E8E8D4B518F8D3B5236
:10728000908D4A54918DFD56928D407A938D7791D1
:10729000948D609D958DD29E968D4473978D096FC8
:1072A000988D7081998D11759A8DFD5F9B8DDA6037
:1072B0009C8DA89A9D8DDB729E8DBC8F9F8D646B7B
:1072C000A08D0398A18DCA4EA28DF056A38D645750
:1072D000A48DBE58A58D5A5AA68D6860A78DC7612A
:1072E000A88D0F66A98D0666AA8D3968AB8DB16829
:1072F000AC8DF76DAD8DD575AE8D3A7DAF8D6E824F
:10730000B08D429BB18D9B4EB28D504FB38DC95302
:10731000B48D0655B58D6F5DB68DE65DB78DEE5DAE
:10732000B88DFB67B98D996CBA8D7374BB8D02787B
:10733000BC8D508ABD8D9693BE8DDF88BF8D505712
:10734000C08DA75EC18D2B63C28DB550C38DAC506F
:10735000C48D8D51C58D0067C68DC954C78D5E58CB
:10736000C88DBB59C98DB05BCA8D695FCB8D4D622D
:10737000CC8DA163CD8D3D68CE8D736BCF8D086EA6
:10738000D08D7D70D18DC791D28D8072D38D1578BF
:10739000D48D2678D58D6D79D68D8E65D78D307D3F
:1073A000D88DDC83D98DC188DA8D098FDB8D9B96D2
:1073B000DC8D6452DD8D2857DE8D5067DF8D6A7F4E
:1073C000E08DA18CE18DB451E28D4257E38D2A9678
:1073D000E48D3A58E58D8A69E68DB480E78DB25424
:1073E000E88D0E5DE98DFC57EA8D9578EB8DFA9D61
:1073F000EC8D5C4FED8D4A52EE8D8B54EF8D3E64DB
:10740000F08D2866F18D1467F28DF567F38D847A1F
:10741000F48D567BF58D227DF68D2F93F78D5C686C
:10742000F88DAD9BF98D397BFA8D1953FB8D8A51FF
:10743000FC8D3752408EDF5B418EF662428EAE6429
:10744000438EE664448E2D67458EBA6B468EA985C1
:10745000478ED196488E9076498ED69B4A8E4C6345
:107460004B8E06934C8EAB9B4D8EBF764E8E5266E6
:107470004F8E094E508E9850518EC253528E715C71
:10748000538EE860548E9264558E6365568E5F68A5
:10749000578EE671588ECA73598E23755A8E977B14
:1074A0005B8E827E5C8E95865D8E838B5E8EDB8CA2
:1074B0005F8E7891608E1099618EAC65628EAB663E
:1074C000638E8B6B648ED54E658ED44E668E3A4F2E
:1074D000678E7F4F688E3A52698EF8536A8EF253E8
:1074E0006B8EE3556C8EDB566D8EEB586E8ECB59E2
:1074F0006F8EC959708EFF59718E505B728E4D5CC4
:10750000738E025E748E2B5E758ED75F768E1D60D5
:10751000778E0763788E2F65798E5C5B7A8EAF6588
:107520007B8EBD657C8EE8657D8E9D677E8E626BF1
:10753000808E7B6B818E0F6C828E4573838E497932
:10754000848EC179858EF87C868E197D878E2B7D01
:10755000888EA280898E02818A8EF3818B8E968995
:107560008C8E5E8A8D8E698A8E8E668A8F8E8C8ACC
:10757000908EEE8A918EC78C928EDC8C938ECC96F8
:10758000948EFC98958E6F6B968E8B4E978E3C4F9B
:10759000988E8D4F998E50519A8E575B9B8EFA5BC9
:1075A0009C8E48619D8E01639E8E42669F8E216BEC
:1075B000A08ECB6EA18EBB6CA28E3E72A38EBD74CC
:1075C000A48ED475A58EC178A68E3A79A78E0C802C
:1075D000A88E3380A98EEA81AA8E9484AB8E9E8F6A
:1075E000AC8E506CAD8E7F9EAE8E0F5FAF8E588B83
:1075F000B08E2B9DB18EFA7AB28EF88EB38E8D5BE3
:10760000B48EEB96B58E034EB68EF153B78EF75708
:10761000B88E3159B98EC95ABA8EA45BBB8E8960B7
:10762000BC8E7F6EBD8E066FBE8EBE75BF8EEA8C21
:10763000C08E9F5BC18E0085C28EE07BC38E725070
:10764000C48EF467C58E9D82C68E615CC78E4A85E6
:10765000C88E1E7EC98E0E82CA8E9951CB8E045C56
:10766000CC8E6863CD8E668DCE8E9C65CF8E6E710E
:10767000D08E3E79D18E177DD28E0580D38E1D8B14
:10768000D48ECA8ED58E6E90D68EC786D78EAA908F
:10769000D88E1F50D98EFA52DA8E3A5CDB8E536741
:1076A000DC8E7C70DD8E3572DE8E4C91DF8EC89163
:1076B000E08E2B93E18EE582E28EC25BE38E315F3A
:1076C000E48EF960E58E3B4EE68ED653E78E885BFE
:1076D000E88E4B62E98E3167EA8E8A6BEB8EE97237
:1076E000EC8EE073ED8E2E7AEE8E6B81EF8EA38D95
:1076F000F08E5291F18E9699F28E1251F38ED753ED
:10770000F48E6A54F58EFF5BF68E8863F78E396AC5
:10771000F88EAC7DF98E0097FA8EDA56FB8ECE533A
:10772000FC8E6854408F975B418F315C428FDE5DE9
:10773000438FEE4F448F0161458FFE62468F326D5D
:10774000478FC079488FCB79498F427D4A8F4D7ED4
:107750004B8FD27F4C8FED814D8F1F824E8F908447
:107760004F8F4688508F7289518F908B528F748EB5
:10777000538F2F8F548F3190558F4B91568F6C9123
:10778000578FC696588F9C91598FC04E5A8F4F4F26
:107790005B8F45515C8F41535D8F935F5E8F0E62AF
:1077A0005F8FD467608F416C618F0B6E628F6373E4
:1077B000638F267E648FCD91658F8392668FD453BD
:1077C000678F1959688FBF5B698FD16D6A8F5D793B
:1077D0006B8F2E7E6C8F9B7C6D8F7E586E8F9F7112
:1077E0006F8FFA51708F5388718FF08F728FCA4FDD
:1077F000738FFB5C748F2566758FAC77768FE37A19
:10780000778F1C82788FFF99798FC6517A8FAA5F04
:107810007B8FEC657C8F6F697D8F896B7E8FF36DBD
:10782000808F966E818F646F828FFE76838F147D3A
:10783000848FE15D858F7590868F8791878F0698FD
:10784000888FE651898F1D528A8F40628B8F916697
:107850008C8FD9668D8F1A6E8E8FB65E8F8FD27D8C
:10786000908F727F918FF866928FAF85938FF78597
:10787000948FF88A958FA952968FD953978F735901
:10788000988F8F5E998F905F9A8F55609B8FE4924F
:107890009C8F64969D8FB7509E8F1F519F8FDD5296
:1078A000A08F2053A18F4753A28FEC53A38FE8548E
:1078B000A48F4655A58F3155A68F1756A78F6859A7
:1078C000A88FBE59A98F3C5AAA8FB55BAB8F065CB7
:1078D000AC8F0F5CAD8F115CAE8F1A5CAF8F845E86
:1078E000B08F8A5EB18FE05EB28F705FB38F7F62C0
:1078F000B48F8462B58FDB62B68F8C63B78F77638A
:10790000B88F0766B98F0C66BA8F2D66BB8F766607
:10791000BC8F7E67BD8FA268BE8F1F6ABF8F356A1E
:10792000C08FBC6CC18F886DC28F096EC38F586EBB
:10793000C48F3C71C58F2671C68F6771C78FC7759D
:10794000C88F0177C98F5D78CA8F0179CB8F657930
:10795000CC8FF079CD8FE07ACE8F117BCF8FA77C43
:10796000D08F397DD18F9680D28FD683D38F8B8461
:10797000D48F4985D58F5D88D68FF388D78F1F8A9E
:10798000D88F3C8AD98F548ADA8F738ADB8F618CC7
:10799000DC8FDE8CDD8FA491DE8F6692DF8F7E938D
:1079A000E08F1894E18F9C96E28F9897E38F0A4EB0
:1079B000E48F084EE58F1E4EE68F574EE78F9751A6
:1079C000E88F7052E98FCE57EA8F3458EB8FCC583E
:1079D000EC8F225BED8F385EEE8FC560EF8FFE641B
:1079E000F08F6167F18F5667F28F446DF38FB67237
:1079F000F48F7375F58F637AF68FB884F78F728B77
:107A0000F88FB891F98F2093FA8F3156FB8FF45786
:107A1000FC8FFE984090ED6241900D694290966B0C
:107A20004390ED714490547E4590778046907282E9
:107A30004790E6894890DF98499055874A90B18FE2
:107A40004B903B5C4C90384F4D90E14F4E90B54F72
:107A50004F9007555090205A5190DD5B5290E95B52
:107A60005390C35F54904E6155902F635690B0650C
:107A700057904B665890EE6859909B695A90786D74
:107A80005B90F16D5C9033755D90B9755E901F777A
:107A90005F905E796090E6796190337D6290E381DA
:107AA0006390AF826490AA856590AA8966903A8AAD
:107AB0006790AB8E68909B8F699032906A90DD9151
:107AC0006B9007976C90BA4E6D90C14E6E900352BA
:107AD0006F9075587090EC5871900B5C72901A759D
:107AE00073903D5C74904E8175900A8A7690C58F34
:107AF0007790639678906D977990257B7A90CF8A6E
:107B00007B9008987C9062917D90F3567E90A8536C
:107B10008090179081903954829082578390255E8F
:107B20008490A8638590346C86908A708790617782
:107B300088908B7C8990E07F8A9070888B904290AF
:107B40008C9054918D9010938E9018938F908F9667
:107B500090905E749190C49A9290075D9390695D45
:107B6000949070659590A2679690A88D9790DB96FB
:107B700098906E63999049679A9019699B90C58314
:107B80009C9017989D90C0969E90FE889F90846FC1
:107B9000A0907A64A190F85BA290164EA3902C70EE
:107BA000A4905D75A5902F66A690C451A7903652FB
:107BB000A890E252A990D359AA90815FAB90276018
:107BC000AC901062AD903F65AE907465AF901F664B
:107BD000B0907466B190F268B2901668B390636B1F
:107BE000B490056EB5907272B6901F75B790DB7643
:107BF000B890BE7CB9905680BA90F058BB90FD8882
:107C0000BC907F89BD90A08ABE90938ABF90CB8A9A
:107C1000C0901D90C1909291C2905297C390599775
:107C2000C4908965C5900E7AC6900681C790BB96B0
:107C3000C8902D5EC990DC60CA901A62CB90A56591
:107C4000CC901466CD909067CE90F377CF904D7A1C
:107C5000D0904D7CD1903E7ED2900A81D390AC8C56
:107C6000D490648DD590E18DD6905F8ED790A97811
:107C7000D8900752D990D962DA90A563DB9042641C
:107C8000DC909862DD902D8ADE90837ADF90C07B55
:107C9000E090AC8AE190EA96E290767DE3900C82E7
:107CA000E4904987E590D94EE6904851E7904353D8
:107CB000E8906053E990A35BEA90025CEB90165C5D
:107CC000EC90DD5DED902662EE904762EF90B0643F
:107CD000F0901368F1903468F290C96CF390456DA0
:107CE000F490176DF590D367F6905C6FF7904E7136
:107CF000F8907D71F990CB65FA907F7AFB90AD7B1F
:107D0000FC90DA7D40914A7E4191A87F42917A8130
:107D100043911B82449139824591A68546916E8A92
:107D20004791CE8C4891F58D499178904A91779002
:107D30004B91AD924C9191924D9183954E91AE9B0A
:107D40004F914D52509184555191386F52913671E7
:107D500053916851549185795591557E5691B381CF
:107D60005791CE7C58914C56599151585A91A85CD4
:107D70005B91AA635C91FE665D91FD665E915A69B6
:107D80005F91D97260918F7561918E7562910E7954
:107D9000639156796491DF796591977C6691207D36
:107DA0006791447D689107866991348A6A913B9610
:107DB0006B9161906C91209F6D91E7506E9175521F
:107DC0006F91CC537091E253719109507291AA5501
:107DD0007391EE5874914F5975913D7276918B5B0A
:107DE0007791645C78911D537991E3607A91F360A7
:107DF0007B915C637C9183637D913F637E91BB63E8
:107E00008091CD648191E9658291F9668391E35D0A
:107E10008491CD698591FD698691156F8791E57192
:107E20008891894E8991E9758A91F8768B91937A38
:107E30008C91DF7C8D91CF7D8E919C7D8F91618027
:107E4000909149839191588392916C849391BC84D1
:107E50009491FB859591C5889691708D979101902D
:107E600098916D90999197939A911C979B91129AE2
:107E70009C91CF509D9197589E918E619F91D381F7
:107E8000A0913585A191088DA2912090A391C34F17
:107E9000A4917450A5914752A6917353A7916F6016
:107EA000A8914963A9915F67AA912C6EAB91B38D9C
:107EB000AC911F90AD91D74FAE915E5CAF91CA8CE3
:107EC000B091CF65B1919A7DB2915253B39196889A
:107ED000B4917651B591C363B691585BB7916B5B22
:107EE000B8910A5CB9910D64BA915167BB915C90ED
:107EF000BC91D64EBD911A59BE912A59BF91706C52
:107F0000C091518AC1913E55C2911558C391A5594E
:107F1000C491F060C5915362C691C167C791358223
:107F2000C8915569C9914096CA91C499CB91289A34
:107F3000CC91534FCD910658CE91FE5BCF911080DE
:107F4000D091B15CD1912F5ED291855FD3912060A9
:107F5000D4914B61D5913462D691FF66D791F06C84
:107F6000D891DE6ED991CE80DA917F81DB91D48277
:107F7000DC918B88DD91B88CDE910090DF912E90A2
:107F8000E0918A96E191DB9EE291DB9BE391E34EE7
:107F9000E491F053E5912759E6912C7BE7918D917F
:107FA000E8914C98E991F99DEA91DD6EEB9127708B
:107FB000EC915353ED914455EE91855BEF915862EE
:107FC000F0919E62F191D362F291A26CF391EF6F06
:107FD000F4912274F591178AF6913894F791C16F54
:107FE000F891FE8AF9913883FA91E751FB91F8866E
:107FF000FC91EA534092E9534192464F4292549089
:108000004392B08F44926A59459231814692FD5D08
:108010004792EA7A4892BF8F4992DA684A92378C3F
:108020004B92F8724C92489C4D923D6A4E92B08AA7
:108030004F92394E5092585351920656529266576B
:108040005392C5625492A2635592E66556924E6B66
:108050005792E16D58925B6E5992AD705A92ED77DE
:108060005B92EF7A5C92AA7B5D92BB7D5E923D80D3
:108070005F92C6806092CB866192958A62925B9392
:108080006392E3566492C75865923E5F6692AD650F
:10809000679296666892806A6992B56B6A92377544
:1080A0006B92C78A6C9224506D92E5776E9230572E
:1080B0006F921B5F7092656071927A667292606CCB
:1080C0007392F47574921A7A75926E7F7692F48137
:1080D00077921887789245907992B3997A92C97B72
:1080E0007B925C757C92F97A7D92517B7E92C484FE
:1080F000809210908192E9798292927A839236836B
:108100008492E15A8592407786922D4E8792F24E64
:108110008892995B8992E05F8A92BD628B923C66FD
:108120008C92F1678D92E86C8E926B868F92778835
:1081300090923B8A91924E919292F3929392D0991F
:108140009492176A9592267096922A739792E78274
:10815000989257849992AF8C9A92014E9B92465175
:108160009C92CB519D928B559E92F55B9F92165E91
:10817000A092335EA192815EA292145FA392355FBA
:10818000A4926B5FA592B45FA692F261A79211636D
:10819000A892A266A9921D67AA926E6FAB925272C4
:1081A000AC923A75AD923A77AE927480AF923981C3
:1081B000B0927881B1927687B292BF8AB392DC8A0C
:1081C000B492858DB592F38DB6929A92B7927795C7
:1081D000B8920298B992E59CBA92C552BB92576385
:1081E000BC92F476BD921567BE92886CBF92CD7337
:1081F000C092C38CC192AE93C2927396C392256D06
:10820000C4929C58C5920E69C692CC69C792FD8FE4
:10821000C8929A93C992DB75CA921A90CB925A5817
:10822000CC920268CD92B463CE92FB69CF92434F59
:10823000D0922C6FD192D867D292BB8FD3922685E1
:10824000D492B47DD5925493D6923F69D792706FF1
:10825000D8926A57D992F758DA922C5BDB922C7D30
:10826000DC922A72DD920A54DE92E391DF92B49D91
:10827000E092AD4EE1924E4FE2925C50E392755027
:10828000E4924352E5929E8CE6924854E792245839
:10829000E8929A5BE9921D5EEA92955EEB92AD5E82
:1082A000EC92F75EED921F5FEE928C60EF92B562FA
:1082B000F0923A63F192D063F292AF68F392406C1D
:1082C000F4928778F5928E79F6920B7AF792E07DA8
:1082D000F8924782F992028AFA92E68AFB92448ED9
:1082E000FC9213904093B89041932D914293D89172
:1082F00043930E9F4493E56C459358644693E26420
:10830000479375654893F46E499384764A931B7B33
:108310004B9369904C93D1934D93BA6E4E93F25414
:108320004F93B95F5093A46451934D8F5293ED8F47
:10833000539344925493785155936B5856932959BB
:108340005793555C5893975E5993FB6D5A938F7E64
:108350005B931C755C93BC8C5D93E28E5E935B9823
:108360005F93B97060931D4F6193BF6B6293B16F60
:10837000639330756493FB9665934E5166931054E6
:1083800067933558689357586993AC596A93605C02
:108390006B93925F6C9397656D935C676E93216EA0
:1083A0006F937B767093DF837193ED8C729314904F
:1083B0007393FD9074934D937593257876933A78E3
:1083C0007793AA527893A65E79931F577A9374593C
:1083D0007B9312607C9312507D935A517E93AC51E3
:1083E0008093CD51819300528293105583935458BA
:1083F00084935858859357598693955B8793F65C79
:1084000088938B5D8993BC608A9395628B932D646E
:108410008C9371678D9343688E93BC688F93DF68EC
:108420009093D7769193D86D92936F6E93939B6D43
:1084300094936F709593C8719693535F9793D87583
:10844000989377799993497B9A93547B9B93527B2A
:108450009C93D67C9D93717D9E9330529F936384B1
:10846000A0936985A193E485A2930E8AA393048BBC
:10847000A493468CA5930F8EA6930390A7930F9079
:10848000A8931994A9937696AA932D98AB93309AB2
:10849000AC93D895AD93CD50AE93D552AF930C54C9
:1084A000B0930258B1930E5CB293A761B3939E64EC
:1084B000B4931E6DB593B377B693E57AB793F48012
:1084C000B8930484B9935390BA938592BB93E05CBC
:1084D000BC93079DBD933F53BE93975FBF93B35F1C
:1084E000C0939C6DC1937972C2936377C393BF7934
:1084F000C493E47BC593D26BC693EC72C793AD8AE9
:10850000C8930368C993616ACA93F851CB93817A7F
:10851000CC933469CD934A5CCE93F69CCF93EB8297
:10852000D093C55BD1934991D2931E70D393785663
:10853000D4936F5CD593C760D6936665D7938C6CE4
:10854000D8935A8CD9934190DA931398DB93515472
:10855000DC93C766DD930D92DE934859DF93A390B9
:10856000E0938551E1934D4EE293EA51E39399856F
:10857000E4930E8BE5935870E6937A63E7934B93FD
:10858000E8936269E993B499EA93047EEB93777573
:10859000EC935753ED936069EE93DF8EEF93E39680
:1085A000F0935D6CF1938C4EF2933C5CF393105F0F
:1085B000F493E98FF5930253F693D18CF793898066
:1085C000F8937986F993FF5EFA93E565FB93734E12
:1085D000FC9365514094825941943F5C4294EE97DC
:1085E0004394FB4E44948A594594CD5F46948D8ABA
:1085F0004794E16F4894B079499462794A94E75B73
:108600004B9471844C942B734D94B1714E94745E61
:108610004F94F55F50947B6351949A645294C37164
:108620005394987C5494434E5594FC5E56944B4E10
:108630005794DC575894A2565994A9605A94C36F22
:108640005B940D7D5C94FD805D9433815E94BF816D
:108650005F94B28F609497896194A4866294F45D6C
:1086600063948A626494AD6465948789669477673D
:108670006794E26C68943E6D699436746A943478B9
:108680006B94465A6C94757F6D94AD826E94AC99E0
:108690006F94F34F7094C35E7194DD627294926331
:1086A0007394576574946F677594C37676944C721F
:1086B0007794CC807894BA807994298F7A944D916C
:1086C0007B940D507C94F9577D94925A7E948568E2
:1086D00080947369819464718294FD728394B78CE1
:1086E0008494F2588594E08C86946A9687941990C5
:1086F00088947F878994E4798A94E7778B94298496
:108700008C942F4F8D9465528E945A538F94CD62D2
:108710009094CF679194CA6C92947D769394947B55
:108720009494957C95943682969484859794EB8F57
:108730009894DD669994206F9A9406729B941B7EA0
:108740009C94AB839D94C1999E94A69E9F94FD5149
:10875000A094B17BA1947278A294B87BA3948780F3
:10876000A494487BA594E86AA694615EA7948C8043
:10877000A8945175A9946075AA946B51AB946292B8
:10878000AC948C6EAD947A76AE949791AF94EA9A4D
:10879000B094104FB194707FB2949C62B3944F7BAD
:1087A000B494A595B594E99CB6947A56B794595863
:1087B000B894E486B994BC96BA94344FBB942452CE
:1087C000BC944A53BD94CD53BE94DB53BF94065E14
:1087D000C0942C64C1949165C2947F67C3943E6C2D
:1087E000C4944E6CC5944872C694AF72C794ED732E
:1087F000C8945475C994417ECA942C82CB94E9855F
:10880000CC94A98CCD94C47BCE94C691CF9469713D
:10881000D0941298D194EF98D2943D63D394696622
:10882000D4946A75D594E476D694D078D794438559
:10883000D894EE86D9942A53DA945153DB94265473
:10884000DC948359DD94875EDE947C5FDF94B260B4
:10885000E0944962E1947962E294AB62E3949065BA
:10886000E494D46BE594CC6CE694B275E794AE7660
:10887000E8949178E994D879EA94CB7DEB94777F6A
:10888000EC94A580ED94AB88EE94B98AEF94BB8C00
:10889000F0947F90F1945E97F294DB98F3940B6AD6
:1088A000F494387CF5949950F6943E5CF794AE5F5E
:1088B000F8948767F994D86BFA943574FB94097728
:1088C000FC948E7F40953B9F4195CA674295177AED
:1088D0004395395344958B754595ED9A4695665F5A
:1088E00047959D814895F183499598804A953C5FCD
:1088F0004B95C55F4C9562754D95467B4E953C906A
:108900004F9567685095EB5951959B5A5295107D3C
:1089100053957E7654952C8B5595F54F56956A5FF9
:108920005795196A5895376C5995026F5A95E274A4
:108930005B9568795C9568885D95558A5E95798CBC
:108940005F95DF5E6095CF636195C5756295D2795D
:108950006395D782649528936595F29266959C8479
:108960006795ED8668952D9C6995C1546A956C5FF5
:108970006B958C656C955C6D6D9515706E95A78C7F
:108980006F95D38C70953B9871954F657295F67481
:1089900073950D4E7495D84E7595E05776952B5975
:1089A0007795665A7895CC5B7995A8517A95035E50
:1089B0007B959C5E7C9516607D9576627E9577654D
:1089C0008095A76581956E6682956E6D83953672EA
:1089D0008495267B8595508186959A818795998285
:1089E00088955C8B8995A08C8A95E68C8B95748D87
:1089F0008C951C968D9544968E95AE4F8F95AB6455
:108A00009095666B91951E829295618493956A8587
:108A10009495E8909595015C969553699795A898DB
:108A200098957A84999557859A950F4F9B956F5293
:108A30009C95A95F9D95455E9E950D679F958F7945
:108A4000A0957981A1950789A2958689A395F56D51
:108A5000A495175FA5955562A695B86CA795CF4EBE
:108A6000A8956972A995929BAA950652AB953B541D
:108A7000AC957456AD95B358AE95A461AF956E6242
:108A8000B0951A71B1956E59B295897CB395DE7C1B
:108A9000B4951B7DB595F096B6958765B7955E80C4
:108AA000B895194EB995754FBA957551BB95405803
:108AB000BC95635EBD95735EBE950A5FBF95C46746
:108AC000C095264EC1953D85C2958995C3955B9607
:108AD000C495737CC5950198C695FB50C795C15840
:108AE000C8955676C995A778CA952552CB95A5778E
:108AF000CC951185CD95867BCE954F50CF95095954
:108B0000D0954772D195C77BD295E87DD395BA8F22
:108B1000D495D48FD5954D90D695BF4FD795C95242
:108B2000D895295AD995015FDA95AD97DB95DD4F38
:108B3000DC951782DD95EA92DE950357DF95556344
:108B4000E095696BE1952B75E295DC88E395148FD0
:108B5000E495427AE595DF52E6959358E79555619D
:108B6000E8950A62E995AE66EA95CD6BEB953F7C98
:108B7000EC95E983ED952350EE95F84FEF9505536D
:108B8000F0954654F1953158F2954959F3959D5B0E
:108B9000F495F05CF595EF5CF695295DF795965E9A
:108BA000F895B162F9956763FA953E65FB95B965ED
:108BB000FC950B674096D56C4196E16C4296F97036
:108BC0004396327844962B7E4596DE804696B38255
:108BD00047960C844896EC84499602874A961289F7
:108BE0004B962A8A4C964A8C4D96A6904E96D292D7
:108BF0004F96FD985096F39C51966C9D52964F4E11
:108C00005396A14E54968D505596565256964A57A5
:108C10005796A85958963D5E5996D85F5A96D95F8F
:108C20005B963F625C96B4665D961B675E96D06706
:108C30005F96D268609692516196217D6296AA8075
:108C40006396A8816496008B65968C8C6696BF8C23
:108C500067967E9268963296699620546A962C980A
:108C60006B9617536C96D5506D965C536E96A858BC
:108C70006F96B26470963467719667727296667773
:108C80007396467A7496E6917596C3527696A16C61
:108C90007796866B7896005879964C5E7A965459FA
:108CA0007B962C677C96FB7F7D96E1517E96C676FF
:108CB000809669648196E8788296549B8396BB9EE1
:108CC0008496CB578596B9598696276687969A6774
:108CD0008896CE6B8996E9548A96D9698B96555EAB
:108CE0008C969C818D9695678E96AA9B8F96FE6733
:108CF0009096529C91965D689296A64E9396E34FFD
:108D00009496C8539596B96296962B679796AB6CD6
:108D10009896C48F9996AD4F9A966D7E9B96BF9EFE
:108D20009C96074E9D9662619E96806E9F962B6FD5
:108D3000A0961385A1967354A2962A67A396459B85
:108D4000A496F35DA596957BA696AC5CA796C65BAC
:108D5000A8961C87A9964A6EAA96D184AB96147AD7
:108D6000AC960881AD969959AE968D7CAF96116CF4
:108D7000B0962077B196D952B2962259B396217106
:108D8000B4965F72B596DB77B6962797B796619DD6
:108D9000B8960B69B9967F5ABA96185ABB96A551E0
:108DA000BC960D54BD967D54BE960E66BF96DF767A
:108DB000C096F78FC1969892C296F49CC396EA59D2
:108DC000C4965D72C596C56EC6964D51C796C96864
:108DD000C896BF7DC996EC7DCA966297CB96BA9E1F
:108DE000CC967864CD96216ACE960283CF9684592C
:108DF000D0965F5BD196DB6BD2961B73D396F276DF
:108E0000D496B27DD5961780D6969984D79632514E
:108E1000D8962867D996D99EDA96EE76DB96626761
:108E2000DC96FF52DD960599DE96245CDF963B6268
:108E3000E0967E7CE196B08CE2964F55E396B66064
:108E4000E4960B7DE5968095E6960153E7965F4E96
:108E5000E896B651E9961C59EA963A72EB96368036
:108E6000EC96CE91ED96255FEE96E277EF968453E1
:108E7000F096795FF196047DF296AC85F396338A8D
:108E8000F4968D8EF5965697F696F367F796AE851F
:108E9000F8965394F9960961FA960861FB96B96CB5
:108EA000FC9652764097ED8A4197388F42972F551E
:108EB0004397514F44972A514597C7524697CB53F2
:108EC0004797A55B48977D5E4997A0604A97826166
:108ED0004B97D6634C9709674D97DA674E97676E45
:108EE0004F978C6D509736735197377352973175F2
:108EF000539750795497D5885597988A56974A90A2
:108F0000579791905897F5905997C4965A978D878F
:108F10005B9715595C97884E5D97594F5E970E4E3B
:108F20005F97898A60973F8F619710986297AD50DD
:108F300063977C5E649796596597B95B6697B85E50
:108F40006797DA636897FA636997C1646A97DC6622
:108F50006B974A696C97D8696D970B6D6E97B66E73
:108F60006F979471709728757197AF7A72978A7F0F
:108F700073970080749749847597C984769781891F
:108F80007797218B78970A8E799765907A977D9657
:108F90007B970A997C977E617D9791627E97326B71
:108FA0008097836C8197746D8297CC7F8397FC7FC9
:108FB0008497C06D8597857F8697BA878797F8884D
:108FC000889765678997B1838A973C988B97F796BE
:108FD0008C971B6D8D97617D8E973D848F976A91DD
:108FE0009097714E919775539297505D9397046B3C
:108FF0009497EB6F9597CD8596972D869797A78930
:109000009897295299970F549A97655C9B974E674A
:109010009C97A8689D9706749E9783749F97E275A6
:10902000A097CF88A197E188A297CC91A397E296C9
:10903000A4977896A5978B5FA6978773A797CB7A07
:10904000A8974E84A997A063AA976575AB97895294
:10905000AC97416DAD979C6EAE970974AF975975FB
:10906000B0976B78B197927CB2978696B397DC7A7B
:10907000B4978D9FB597B64FB6976E61B797C56594
:10908000B8975C86B997864EBA97AE4EBB97DA50C2
:10909000BC97214EBD97CC51BE97EE5BBF979965AB
:1090A000C0978168C197BC6DC2971F73C397427602
:1090B000C497AD77C5971C7AC697E77CC7976F8230
:1090C000C897D28AC9977C90CA97CF91CB9775964B
:1090D000CC971898CD979B52CE97D17DCF972B5098
:1090E000D0979853D1979767D297CB6DD397D0717C
:1090F000D4973374D597E881D6972A8FD797A396BC
:10910000D897579CD9979F9EDA976074DB97415800
:10911000DC97996DDD972F7DDE975E98DF97E44EA3
:10912000E097364FE1978B4FE297B751E397B152F3
:10913000E497BA5DE5971C60E697B273E7973C79D0
:10914000E897D382E9973492EA97B796EB97F69629
:10915000EC970A97ED97979EEE97629FEF97A6661A
:10916000F097746BF1971752F297A352F397C87068
:10917000F497C288F597C95EF6974B60F7979061B0
:10918000F897236FF9974971FA973E7CFB97F47D26
:10919000FC976F804098EE844198239042982C93DE
:1091A0004398425444986F9B4598D36A4698897077
:1091B0004798C28C4898EF8D499832974A98B45294
:1091C0004B98415A4C98CA5E4D98045F4E98176769
:1091D0004F987C695098946951986A6D52980F6FB6
:1091E000539862725498FC725598ED7B56980180A2
:1091F00057987E8058984B875998CE905A986D51C1
:109200005B98939E5C9884795D988B805E9832938E
:109210005F98D68A60982D5061988C546298718AB4
:1092200063986A6B6498C48C659807816698D1606E
:109230006798A0676898F29D6998994E6A98984EC9
:109240006B98109C6C986B8A6D98C1856E98688538
:109250006F98006970987E6E7198977872985581B2
:109260009F980C5FA098104EA198154EA2982A4E78
:10927000A398314EA498364EA5983C4EA6983F4EE2
:10928000A798424EA898564EA998584EAA98824E32
:10929000AB98854EAC986B8CAD988A4EAE98128286
:1092A000AF980D5FB0988E4EB1989E4EB2989F4E7B
:1092B000B398A04EB498A24EB598B04EB698B34E9F
:1092C000B798B64EB898CE4EB998CD4EBA98C44E0F
:1092D000BB98C64EBC98C24EBD98D74EBE98DE4EC7
:1092E000BF98ED4EC098DF4EC198F74EC298094F17
:1092F000C3985A4FC498304FC5985B4FC6985D4F7E
:10930000C798574FC898474FC998764FCA98884F03
:10931000CB988F4FCC98984FCD987B4FCE98694F74
:10932000CF98704FD098914FD1986F4FD298864F69
:10933000D398964FD4981851D598D44FD698DF4FDC
:10934000D798CE4FD898D84FD998DB4FDA98D14FCD
:10935000DB98DA4FDC98D04FDD98E44FDE98E54F8C
:10936000DF981A50E0982850E1981450E2982A505B
:10937000E3982550E4980550E5981C4FE698F64F81
:10938000E7982150E8982950E9982C50EA98FE4F28
:10939000EB98EF4FEC981150ED980650EE98435033
:1093A000EF984750F0980367F1985550F298505055
:1093B000F3984850F4985A50F5985650F6986C50D7
:1093C000F7987850F8988050F9989A50FA98855004
:1093D000FB98B450FC98B2504099C9504199CA507A
:1093E0004299B3504399C2504499D6504599DE50A2
:1093F0004699E5504799ED504899E3504999EE5008
:109400004A99F9504B99F5504C9909514D99015190
:109410004E9902514F991651509915515199145125
:1094200052991A515399215154993A51559937519A
:1094300056993C5157993B5158993F515999405130
:109440005A9952515B994C515C9954515D996251B2
:109450005E99F87A5F99695160996A5161996E5184
:1094600062998051639982516499D85665998C515B
:109470006699895167998F5168999151699993516A
:109480006A9995516B9996516C99A4516D99A65111
:109490006E99A2516F99A9517099AA517199AB51C6
:1094A0007299B3517399B1517499B2517599B05180
:1094B0007699B5517799BD517899C5517999C95126
:1094C0007A99DB517B99E0517C9955867D99E951D8
:1094D0007E99ED518099F0518199F5518299FE5113
:1094E0008399045284990B528599145286990E528D
:1094F0008799275288992A5289992E528A993352EC
:109500008B9939528C994F528D9944528E994B5266
:109510008F994C5290995E529199545292996A52F5
:1095200093997452949969529599735296997F526E
:1095300097997D5298998D52999994529A999252ED
:109540009B9971529C9988529D9991529E99A88F8E
:109550009F99A78FA099AC52A199AD52A299BC52E4
:10956000A399B552A499C152A599CD52A699D752A3
:10957000A799DE52A899E352A999E652AA99ED98C3
:10958000AB99E052AC99F352AD99F552AE99F852BD
:10959000AF99F952B0990653B1990853B2993875F9
:1095A000B3990D53B4991053B5990F53B6991553F8
:1095B000B7991A53B8992353B9992F53BA9931537C
:1095C000BB993353BC993853BD994053BE99465308
:1095D000BF994553C099174EC1994953C2994D53EC
:1095E000C399D651C4995E53C5996953C6996E53B0
:1095F000C7991859C8997B53C9997753CA99825307
:10960000CB999653CC99A053CD99A653CE99A553F7
:10961000CF99AE53D099B053D199B653D299C35381
:10962000D399127CD499D996D599DF53D699FC66F3
:10963000D799EE71D899EE53D999E853DA99ED5349
:10964000DB99FA53DC990154DD993D54DE9940547D
:10965000DF992C54E0992D54E1993C54E2992E5411
:10966000E3993654E4992954E5991D54E6994E54EA
:10967000E7998F54E8997554E9998E54EA995F54A3
:10968000EB997154EC997754ED997054EE9992548A
:10969000EF997B54F0998054F1997654F29984545F
:1096A000F3999054F4998654F599C754F699A254B5
:1096B000F799B854F899A554F999AC54FA99C45447
:1096C000FB99C854FC99A854409AAB54419AC2548F
:1096D000429AA454439ABE54449ABC54459AD854CE
:1096E000469AE554479AE654489A0F55499A1455B4
:1096F0004A9AFD544B9AEE544C9AED544D9AFA54B2
:109700004E9AE2544F9A3955509A4055519A6355A2
:10971000529A4C55539A2E55549A5C55559A455524
:10972000569A5655579A5755589A3855599A335507
:109730005A9A5D555B9A99555C9A80555D9AAF54DB
:109740005E9A8A555F9A9F55609A7B55619A7E55BD
:10975000629A9855639A9E55649AAE55659A7C555F
:10976000669A8355679AA955689A8755699AA85544
:109770006A9ADA556B9AC5556C9ADF556D9AC4553D
:109780006E9ADC556F9AE455709AD455719A1456B6
:10979000729AF755739A1656749AFE55759AFD5536
:1097A000769A1B56779AF955789A4E56799A50566A
:1097B0007A9ADF717B9A34567C9A36567D9A325665
:1097C0007E9A3856809A6B56819A6456829A2F56A2
:1097D000839A6C56849A6A56859A8656869A8056DB
:1097E000879A8A56889AA056899A94568A9A8F564A
:1097F0008B9AA5568C9AAE568D9AB6568E9AB456BA
:109800008F9AC256909ABC56919AC156929AC35654
:10981000939AC056949AC856959ACE56969AD1560F
:10982000979AD356989AD756999AEE569A9AF95685
:109830009B9A00579C9AFF569D9A04579E9A0957E7
:109840009F9A0857A09A0B57A19A0D57A29A13579F
:10985000A39A1857A49A1657A59AC755A69A1C57A3
:10986000A79A2657A89A3757A99A3857AA9A4E57AF
:10987000AB9A3B57AC9A4057AD9A4F57AE9A69573F
:10988000AF9AC057B09A8857B19A6157B29A7F572A
:10989000B39A8957B49A9357B59AA057B69AB357C3
:1098A000B79AA457B89AAA57B99AB057BA9AC35751
:1098B000BB9AC657BC9AD457BD9AD257BE9AD357B3
:1098C000BF9A0A58C09AD657C19AE357C29A0B5802
:1098D000C39A1958C49A1D58C59A7258C69A2158E5
:1098E000C79A6258C89A4B58C99A7058CA9AC06B9E
:1098F000CB9A5258CC9A3D58CD9A7958CE9A8558E1
:10990000CF9AB958D09A9F58D19AAB58D29ABA5890
:10991000D39ADE58D49ABB58D59AB858D69AAE582E
:10992000D79AC558D89AD358D99AD158DA9AD758CD
:10993000DB9AD958DC9AD858DD9AE558DE9ADC587B
:10994000DF9AE458E09ADF58E19AEF58E29AFA5821
:10995000E39AF958E49AFB58E59AFC58E69AFD58C0
:10996000E79A0259E89A0A59E99A1059EA9A1B5952
:10997000EB9AA668EC9A2559ED9A2C59EE9A2D5936
:10998000EF9A3259F09A3859F19A3E59F29AD27AAE
:10999000F39A5559F49A5059F59A4E59F69A5A59DC
:1099A000F79A5859F89A6259F99A6059FA9A675988
:1099B000FB9A6C59FC9A6959409B7859419B815993
:1099C000429B9D59439B5E4F449BAB4F459BA35984
:1099D000469BB259479BC659489BE859499BDC595D
:1099E0004A9B8D594B9BD9594C9BDA594D9B255A13
:1099F0004E9B1F5A4F9B115A509B1C5A519B095A00
:109A0000529B1A5A539B405A549B6C5A559B495A25
:109A1000569B355A579B365A589B625A599B6A5ADD
:109A20005A9B9A5A5B9BBC5A5C9BBE5A5D9BCB5A15
:109A30005E9BC25A5F9BBD5A609BE35A619BD75A9B
:109A4000629BE65A639BE95A649BD65A659BFA5A15
:109A5000669BFB5A679B0C5B689B0B5B699B165B69
:109A60006A9B325B6B9BD05A6C9B2A5B6D9B365B0F
:109A70006E9B3E5B6F9B435B709B455B719B405B4A
:109A8000729B515B739B555B749B5A5B759B5B5BD5
:109A9000769B655B779B695B789B705B799B735B5F
:109AA0007A9B755B7B9B785B7C9B88657D9B7A5BF7
:109AB0007E9B805B809B835B819BA65B829BB85B6C
:109AC000839BC35B849BC75B859BC95B869BD45B85
:109AD000879BD05B889BE45B899BE65B8A9BE25B10
:109AE0008B9BDE5B8C9BE55B8D9BEB5B8E9BF05BCE
:109AF0008F9BF65B909BF35B919B055C929B075C55
:109B0000939B085C949B0D5C959B135C969B205CDF
:109B1000979B225C989B285C999B385C9A9B395C4C
:109B20009B9B415C9C9B465C9D9B4E5C9E9B535CBF
:109B30009F9B505CA09B4F5CA19B715BA29B6C5C4C
:109B4000A39B6E5CA49B624EA59B765CA69B795CF6
:109B5000A79B8C5CA89B915CA99B945CAA9B9B593E
:109B6000AB9BAB5CAC9BBB5CAD9BB65CAE9BBC5C8F
:109B7000AF9BB75CB09BC55CB19BBE5CB29BC75C46
:109B8000B39BD95CB49BE95CB59BFD5CB69BFA5C6E
:109B9000B79BED5CB89B8C5DB99BEA5CBA9B0B5D97
:109BA000BB9B155DBC9B175DBD9B5C5DBE9B1F5D3C
:109BB000BF9B1B5DC09B115DC19B145DC29B225D61
:109BC000C39B1A5DC49B195DC59B185DC69B4C5D0C
:109BD000C79B525DC89B4E5DC99B4B5DCA9B6C5D2C
:109BE000CB9B735DCC9B765DCD9B875DCE9B845D6F
:109BF000CF9B825DD09BA25DD19B9D5DD29BAC5DD6
:109C0000D39BAE5DD49BBD5DD59B905DD69BB75D70
:109C1000D79BBC5DD89BC95DD99BCD5DDA9BD35DDD
:109C2000DB9BD25DDC9BD65DDD9BDB5DDE9BEB5D74
:109C3000DF9BF25DE09BF55DE19B0B5EE29B1A5EB4
:109C4000E39B195EE49B115EE59B1B5EE69B365E23
:109C5000E79B375EE89B445EE99B435EEA9B405E80
:109C6000EB9B4E5EEC9B575EED9B545EEE9B5F5E06
:109C7000EF9B625EF09B645EF19B475EF29B755EBC
:109C8000F39B765EF49B7A5EF59BBC9EF69B7F5EB3
:109C9000F79BA05EF89BC15EF99BC25EFA9BC85E13
:109CA000FB9BD05EFC9BCF5E409CD65E419CE35EFE
:109CB000429CDD5E439CDA5E449CDB5E459CE25E3A
:109CC000469CE15E479CE85E489CE95E499CEC5EF0
:109CD0004A9CF15E4B9CF35E4C9CF05E4D9CF45EA6
:109CE0004E9CF85E4F9CFE5E509C035F519C095F4A
:109CF000529C5D5F539C5C5F549C0B5F559C115F55
:109D0000569C165F579C295F589C2D5F599C385F65
:109D10005A9C415F5B9C485F5C9C4C5F5D9C4E5FC6
:109D20005E9C2F5F5F9C515F609C565F619C575F9C
:109D3000629C595F639C615F649C6D5F659C735F0F
:109D4000669C775F679C835F689C825F699C7F5F8E
:109D50006A9C8A5F6B9C885F6C9C915F6D9C875F3F
:109D60006E9C9E5F6F9C995F709C985F719CA05FDA
:109D7000729CA85F739CAD5F749CBC5F759CD65F42
:109D8000769CFB5F779CE45F789CF85F799CF15F41
:109D90007A9CDD5F7B9CB3607C9CFF5F7D9C216037
:109DA0007E9C6060809C1960819C1060829C296010
:109DB000839C0E60849C3160859C1B60869C156032
:109DC000879C2B60889C2660899C0F608A9C3A60E7
:109DD0008B9C5A608C9C41608D9C6A608E9C7760E5
:109DE0008F9C5F60909C4A60919C4660929C4D6005
:109DF000939C6360949C4360959C6460969C4260D5
:109E0000979C6C60989C6B60999C59609A9C81604F
:109E10009B9C8D609C9CE7609D9C83609E9C9A604F
:109E20009F9C8460A09C9B60A19C9660A29C976074
:109E3000A39C9260A49CA760A59C8B60A69CE160FB
:109E4000A79CB860A89CE060A99CD360AA9CB46061
:109E5000AB9CF05FAC9CBD60AD9CC660AE9CB56039
:109E6000AF9CD860B09C4D61B19C1561B29C0661FD
:109E7000B39CF660B49CF760B59C0061B69CF4603E
:109E8000B79CFA60B89C0361B99C2161BA9CFB60E5
:109E9000BB9CF160BC9C0D61BD9C0E61BE9C47618A
:109EA000BF9C3E61C09C2861C19C2761C29C4A61E5
:109EB000C39C3F61C49C3C61C59C2C61C69C3461C1
:109EC000C79C3D61C89C4261C99C4461CA9C736146
:109ED000CB9C7761CC9C5861CD9C5961CE9C5A61DA
:109EE000CF9C6B61D09C7461D19C6F61D29C656189
:109EF000D39C7161D49C5F61D59C5D61D69C53619C
:109F0000D79C7561D89C9961D99C9661DA9C8761D0
:109F1000DB9CAC61DC9C9461DD9C9A61DE9C8A6177
:109F2000DF9C9161E09CAB61E19CAE61E29CCC6105
:109F3000E39CCA61E49CC961E59CF761E69CC86149
:109F4000E79CC361E89CC661E99CBA61EA9CCB616D
:109F5000EB9C797FEC9CCD61ED9CE661EE9CE3612E
:109F6000EF9CF661F09CFA61F19CF461F29CFF6158
:109F7000F39CFD61F49CFC61F59CFE61F69C006223
:109F8000F79C0862F89C0962F99C0D62FA9C0C62CD
:109F9000FB9C1462FC9C1B62409D1E62419D2162E1
:109FA000429D2A62439D2E62449D3062459D3262ED
:109FB000469D3362479D4162489D4E62499D5E6267
:109FC0004A9D63624B9D5B624C9D60624D9D6862E1
:109FD0004E9D7C624F9D8262509D8962519D7E6242
:109FE000529D9262539D9362549D9662559DD46298
:109FF000569D8362579D9462589DD762599DD16248
:10A000005A9DBB625B9DCF625C9DFF625D9DC66297
:10A010005E9DD4645F9DC862609DDC62619DCC6280
:10A02000629DCA62639DC262649DC762659D9B62B8
:10A03000669DC962679D0C63689DEE62699DF162D1
:10A040006A9D27636B9D02636C9D08636D9DEF6243
:10A050006E9DF5626F9D5063709D3E63719D4D6373
:10A06000729D1C64739D4F63749D9663759D8E6392
:10A07000769D8063779DAB63789D7663799DA363BE
:10A080007A9D8F637B9D89637C9D9F637D9DB56376
:10A090007E9D6B63809D6963819DBE63829DE96344
:10A0A000839DC063849DC663859DE363869DC9636C
:10A0B000879DD263889DF663899DC4638A9D1664DB
:10A0C0008B9D34648C9D06648D9D13648E9D2664E7
:10A0D0008F9D3664909D1D65919D1764929D2864A7
:10A0E000939D0F64949D6764959D6F64969D7664BF
:10A0F000979D4E64989D2A65999D95649A9D936459
:10A100009B9DA5649C9DA9649D9D88649E9DBC6447
:10A110009F9DDA64A09DD264A19DC564A29DC76481
:10A12000A39DBB64A49DD864A59DC264A69DF16453
:10A13000A79DE764A89D0982A99DE064AA9DE164AA
:10A14000AB9DAC62AC9DE364AD9DEF64AE9D2C65B0
:10A15000AF9DF664B09DF464B19DF264B29DFA6463
:10A16000B39D0065B49DFD64B59D1865B69D1C65E5
:10A17000B79D0565B89D2465B99D2365BA9D2B657E
:10A18000BB9D3465BC9D3565BD9D3765BE9D3665FF
:10A19000BF9D3865C09D4B75C19D4865C29D566584
:10A1A000C39D5565C49D4D65C59D5865C69D5E653D
:10A1B000C79D5D65C89D7265C99D7865CA9D8265AC
:10A1C000CB9D8365CC9D8A8BCD9D9B65CE9D9F65E8
:10A1D000CF9DAB65D09DB765D19DC365D29DC6654A
:10A1E000D39DC165D49DC465D59DCC65D69DD265F2
:10A1F000D79DDB65D89DD965D99DE065DA9DE16580
:10A20000DB9DF165DC9D7267DD9D0A66DE9D036660
:10A21000DF9DFB65E09D7367E19D3566E29D3666D7
:10A22000E39D3466E49D1C66E59D4F66E69D4466AD
:10A23000E79D4966E89D4166E99D5E66EA9D5D662B
:10A24000EB9D6466EC9D6766ED9D6866EE9D5F66BE
:10A25000EF9D6266F09D7066F19D8366F29D886653
:10A26000F39D8E66F49D8966F59D8466F69D9866DD
:10A27000F79D9D66F89DC166F99DB966FA9DC96610
:10A28000FB9DBE66FC9DBC66409EC466419EB86652
:10A29000429ED666439EDA66449EE066459E3F66D1
:10A2A000469EE666479EE966489EF066499EF566CC
:10A2B0004A9EF7664B9E0F674C9E16674D9E1E6723
:10A2C0004E9E26674F9E2767509E3897519E2E6759
:10A2D000529E3F67539E3667549E4167559E38672E
:10A2E000569E3767579E4667589E5E67599E6067C1
:10A2F0005A9E59675B9E63675C9E64675D9E896733
:10A300005E9E70675F9EA967609E7C67619E6A67BC
:10A31000629E8C67639E8B67649EA667659EA1673D
:10A32000669E8567679EB767689EEF67699EB4679C
:10A330006A9EEC676B9EB3676C9EE9676D9EB8671B
:10A340006E9EE4676F9EDE67709EDD67719EE267BA
:10A35000729EEE67739EB967749ECE67759EC667E0
:10A36000769EE767779E9C6A789E1E68799E46680F
:10A370007A9E29687B9E40687C9E4D687D9E3268EF
:10A380007E9E4E68809EB368819E2B68829E59682F
:10A39000839E6368849E7768859E7F68869E9F689B
:10A3A000879E8F68889EAD68899E94688A9E9D6806
:10A3B0008B9E9B688C9E83688D9EAE6A8E9EB968CC
:10A3C0008F9E7468909EB568919EA068929EBA68B0
:10A3D000939E0F69949E8D68959E7E68969E0169F6
:10A3E000979ECA68989E0869999ED8689A9E226925
:10A3F0009B9E26699C9EE1689D9E0C699E9ECD68F1
:10A400009F9ED468A09EE768A19ED568A29E3669EB
:10A41000A39E1269A49E0469A59ED768A69EE368C0
:10A42000A79E2569A89EF968A99EE068AA9EEF6884
:10A43000AB9E2869AC9E2A69AD9E1A69AE9E2369BF
:10A44000AF9E2169B09EC668B19E7969B29E776958
:10A45000B39E5C69B49E7869B59E6B69B69E54697B
:10A46000B79E7E69B89E6E69B99E3969BA9E746955
:10A47000BB9E3D69BC9E5969BD9E3069BE9E6169A7
:10A48000BF9E5E69C09E5D69C19E8169C29E6A6908
:10A49000C39EB269C49EAE69C59ED069C69EBF699F
:10A4A000C79EC169C89ED369C99EBE69CA9ECE694E
:10A4B000CB9EE85BCC9ECA69CD9EDD69CE9EBB6912
:10A4C000CF9EC369D09EA769D19E2E6AD29E916904
:10A4D000D39EA069D49E9C69D59E9569D69EB46989
:10A4E000D79EDE69D89EE869D99E026ADA9E1B6A09
:10A4F000DB9EFF69DC9E0A6BDD9EF969DE9EF269D8
:10A50000DF9EE769E09E056AE19EB169E29E1E6AF0
:10A51000E39EED69E49E146AE59EEB69E69E0A6A95
:10A52000E79E126AE89EC16AE99E236AEA9E136A60
:10A53000EB9E446AEC9E0C6AED9E726AEE9E366A51
:10A54000EF9E786AF09E476AF19E626AF29E596AAF
:10A55000F39E666AF49E486AF59E386AF69E226A01
:10A56000F79E906AF89E8D6AF99EA06AFA9E846AA8
:10A57000FB9EA26AFC9EA36A409F976A419F178632
:10A58000429FBB6A439FC36A449FC26A459FB86AA1
:10A59000469FB36A479FAC6A489FDE6A499FD16A6B
:10A5A0004A9FDF6A4B9FAA6A4C9FDA6A4D9FEA6A0C
:10A5B0004E9FFB6A4F9F056B509F1686519FFA6A0C
:10A5C000529F126B539F166B549F319B559F1F6B6D
:10A5D000569F386B579F376B589FDC76599F396B66
:10A5E0005A9FEE985B9F476B5C9F436B5D9F496BE7
:10A5F0005E9F506B5F9F596B609F546B619F5B6B5D
:10A60000629F5F6B639F616B649F786B659F796BE3
:10A61000669F7F6B679F806B689F846B699F836B6E
:10A620006A9F8D6B6B9F986B6C9F956B6D9F9E6BFC
:10A630006E9FA46B6F9FAA6B709FAB6B719FAF6B8C
:10A64000729FB26B739FB16B749FB36B759FB76B47
:10A65000769FBC6B779FC66B789FCB6B799FD36BD4
:10A660007A9FDF6B7B9FEC6B7C9FEB6B7D9FF36B2B
:10A670007E9FEF6B809FBE9E819F086C829F136CB4
:10A68000839F146C849F1B6C859F246C869F236C16
:10A69000879F5E6C889F556C899F626C8A9F6A6CED
:10A6A0008B9F826C8C9F8D6C8D9F9A6C8E9F816C22
:10A6B0008F9F9B6C909F7E6C919F686C929F736C38
:10A6C000939F926C949F906C959FC46C969FF16C35
:10A6D000979FD36C989FBD6C999FD76C9A9FC56CC0
:10A6E0009B9FDD6C9C9FAE6C9D9FB16C9E9FBE6CD2
:10A6F0009F9FBA6CA09FDB6CA19FEF6CA29FD96C4F
:10A70000A39FEA6CA49F1F6DA59F4D88A69F366DE1
:10A71000A79F2B6DA89F3D6DA99F386DAA9F196DAE
:10A72000AB9F356DAC9F336DAD9F126DAE9F0C6DC1
:10A73000AF9F636DB09F936DB19F646DB29F5A6D73
:10A74000B39F796DB49F596DB59F8E6DB69F956D12
:10A75000B79FE46FB89F856DB99FF96DBA9F156E6D
:10A76000BB9F0A6EBC9FB56DBD9FC76DBE9FE66D5A
:10A77000BF9FB86DC09FC66DC19FEC6DC29FDE6D5F
:10A78000C39FCC6DC49FE86DC59FD26DC69FC56D3C
:10A79000C79FFA6DC89FD96DC99FE46DCA9FD56DDB
:10A7A000CB9FEA6DCC9FEE6DCD9F2D6ECE9F6E6ED2
:10A7B000CF9F2E6ED09F196ED19F726ED29F5F6E0B
:10A7C000D39F3E6ED49F236ED59F6B6ED69F2B6E0C
:10A7D000D79F766ED89F4D6ED99F1F6EDA9F436EBE
:10A7E000DB9F3A6EDC9F4E6EDD9F246EDE9FFF6E18
:10A7F000DF9F1D6EE09F386EE19F826EE29FAA6E22
:10A80000E39F986EE49FC96EE59FB76EE69FD36E97
:10A81000E79FBD6EE89FAF6EE99FC46EEA9FB26E80
:10A82000EB9FD46EEC9FD56EED9F8F6EEE9FA56E65
:10A83000EF9FC26EF09F9F6EF19F416FF29F116F6D
:10A84000F39F4C70F49FEC6EF59FF86EF69FFE6ED2
:10A85000F79F3F6FF89FF26EF99F316FFA9FEF6E8F
:10A86000FB9F326FFC9FCC6E40E03E6F41E0136F68
:10A8700042E0F76E43E0866F44E07A6F45E0786F20
:10A8800046E0816F47E0806F48E06F6F49E05B6FA3
:10A890004AE0F36F4BE06D6F4CE0826F4DE07C6FF0
:10A8A0004EE0586F4FE08E6F50E0916F51E0C26FF5
:10A8B00052E0666F53E0B36F54E0A36F55E0A16FB1
:10A8C00056E0A46F57E0B96F58E0C66F59E0AA6F21
:10A8D0005AE0DF6F5BE0D56F5CE0EC6F5DE0D46F5A
:10A8E0005EE0D86F5FE0F16F60E0EE6F61E0DB6F1C
:10A8F00062E0097063E00B7064E0FA6F65E011706C
:10A9000066E0017067E00F7068E0FE6F69E01B7041
:10A910006AE01A706BE0746F6CE01D706DE0187087
:10A920006EE01F706FE0307070E03E7071E032706A
:10A9300072E0517073E0637074E0997075E092702A
:10A9400076E0AF7077E0F17078E0AC7079E0B870E5
:10A950007AE0B3707BE0AE707CE0DF707DE0CB70BE
:10A960007EE0DD7080E0D97081E0097182E0FD70E9
:10A9700083E01C7184E0197185E0657186E0557192
:10A9800087E0887188E0667189E062718AE04C71C5
:10A990008BE056718CE06C718DE08F718EE0FB71F5
:10A9A0008FE0847190E0957191E0A87192E0AC71B4
:10A9B00093E0D77194E0B97195E0BE7196E0D271E1
:10A9C00097E0C97198E0D47199E0CE719AE0E07196
:10A9D0009BE0EC719CE0E7719DE0F5719EE0FC71FD
:10A9E0009FE0F971A0E0FF71A1E00D72A2E010728A
:10A9F000A3E01B72A4E02872A5E02D72A6E02C72E1
:10AA0000A7E03072A8E03272A9E03B72AAE03C7283
:10AA1000ABE03F72ACE04072ADE04672AEE04B722C
:10AA2000AFE05872B0E07472B1E07E72B2E0827250
:10AA3000B3E08172B4E08772B5E09272B6E09672CC
:10AA4000B7E0A272B8E0A772B9E0B972BAE0B27228
:10AA5000BBE0C372BCE0C672BDE0C472BEE0CE72A1
:10AA6000BFE0D272C0E0E272C1E0E072C2E0E17227
:10AA7000C3E0F972C4E0F772C5E00F50C6E0177387
:10AA8000C7E00A73C8E01C73C9E01673CAE01D73FF
:10AA9000CBE03473CCE02F73CDE02973CEE0257387
:10AAA000CFE03E73D0E04E73D1E04F73D2E0D89E3A
:10AAB000D3E05773D4E06A73D5E06873D6E070735F
:10AAC000D7E07873D8E07573D9E07B73DAE07A73F6
:10AAD000DBE0C873DCE0B373DDE0CE73DEE0BB73B4
:10AAE000DFE0C073E0E0E573E1E0EE73E2E0DE7327
:10AAF000E3E0A274E4E00574E5E06F74E6E0257439
:10AB0000E7E0F873E8E03274E9E03A74EAE055749B
:10AB1000EBE03F74ECE05F74EDE05974EEE04174FB
:10AB2000EFE05C74F0E06974F1E07074F2E063747B
:10AB3000F3E06A74F4E07674F5E07E74F6E08B740A
:10AB4000F7E09E74F8E0A774F9E0CA74FAE0CF74F5
:10AB5000FBE0D474FCE0F17340E1E07441E1E374A4
:10AB600042E1E77443E1E97444E1EE7445E1F274D3
:10AB700046E1F07447E1F17448E1F87449E1F77493
:10AB80004AE104754BE103754CE105754DE10C7527
:10AB90004EE10E754FE10D7550E1157551E11375DC
:10ABA00052E11E7553E1267554E12C7555E13C7553
:10ABB00056E1447557E14D7558E14A7559E14975BB
:10ABC0005AE15B755BE146755CE15A755DE169755B
:10ABD0005EE164755FE1677560E16B7561E16D75FC
:10ABE00062E1787563E1767564E1867565E1877584
:10ABF00066E1747567E18A7568E1897569E1827556
:10AC00006AE194756BE19A756CE19D756DE1A575CE
:10AC10006EE1A3756FE1C27570E1B37571E1C37543
:10AC200072E1B57573E1BD7574E1B87575E1BC7518
:10AC300076E1B17577E1CD7578E1CA7579E1D275C4
:10AC40007AE1D9757BE1E3757CE1DE757DE1FE7526
:10AC50007EE1FF7580E1FC7581E1017682E1F075AE
:10AC600083E1FA7584E1F27585E1F37586E10B768F
:10AC700087E10D7688E1097689E11F768AE12776FA
:10AC80008BE120768CE121768DE122768EE12476AF
:10AC90008FE1347690E1307691E13B7692E1477630
:10ACA00093E1487694E1467695E15C7696E15876B4
:10ACB00097E1617698E1627699E168769AE1697642
:10ACC0009BE16A769CE167769DE16C769EE1707609
:10ACD0009FE17276A0E17676A1E17876A2E17C76BA
:10ACE000A3E18076A4E18376A5E18876A6E18B7660
:10ACF000A7E18E76A8E19676A9E19376AAE1997606
:10AD0000ABE19A76ACE1B076ADE1B476AEE1B8767F
:10AD1000AFE1B976B0E1BA76B1E1C276B2E1CD7613
:10AD2000B3E1D676B4E1D276B5E1DE76B6E1E1768E
:10AD3000B7E1E576B8E1E776B9E1EA76BAE12F86E0
:10AD4000BBE1FB76BCE10877BDE10777BEE10477A4
:10AD5000BFE12977C0E12477C1E11E77C2E1257701
:10AD6000C3E12677C4E11B77C5E13777C6E13877C1
:10AD7000C7E14777C8E15A77C9E16877CAE16B77DD
:10AD8000CBE15B77CCE16577CDE17F77CEE17E7774
:10AD9000CFE17977D0E18E77D1E18B77D2E19177EE
:10ADA000D3E1A077D4E19E77D5E1B077D6E1B6774D
:10ADB000D7E1B977D8E1BF77D9E1BC77DAE1BD77E0
:10ADC000DBE1BB77DCE1C777DDE1CD77DEE1D7778B
:10ADD000DFE1DA77E0E1DC77E1E1E377E2E1EE770A
:10ADE000E3E1FC77E4E10C78E5E11278E6E126792D
:10ADF000E7E12078E8E12A79E9E14578EAE18E782F
:10AE0000EBE17478ECE18678EDE17C78EEE19A781C
:10AE1000EFE18C78F0E1A378F1E1B578F2E1AA787E
:10AE2000F3E1AF78F4E1D178F5E1C678F6E1CB78DB
:10AE3000F7E1D478F8E1BE78F9E1BC78FAE1C578B9
:10AE4000FBE1CA78FCE1EC7840E2E77841E2DA78AD
:10AE500042E2FD7843E2F47844E2077945E2127970
:10AE600046E2117947E2197948E22C7949E22B79D7
:10AE70004AE240794BE260794CE257794DE25F79E2
:10AE80004EE25A794FE2557950E2537951E27A799C
:10AE900052E27F7953E28A7954E29D7955E2A779AB
:10AEA00056E24B9F57E2AA7958E2AE7959E2B3795C
:10AEB0005AE2B9795BE2BA795CE2C9795DE2D579A7
:10AEC0005EE2E7795FE2EC7960E2E17961E2E37901
:10AED00062E2087A63E20D7A64E2187A65E2197A2E
:10AEE00066E2207A67E21F7A68E2807969E2317A65
:10AEF0006AE23B7A6BE23E7A6CE2377A6DE2437A41
:10AF00006EE2577A6FE2497A70E2617A71E2627AB0
:10AF100072E2697A73E29D9F74E2707A75E2797ADF
:10AF200076E27D7A77E2887A78E2977A79E2957AA2
:10AF30007AE2987A7BE2967A7CE2A97A7DE2C87A14
:10AF40007EE2B07A80E2B67A81E2C57A82E2C47AA1
:10AF500083E2BF7A84E2839085E2C77A86E2CA7A86
:10AF600087E2CD7A88E2CF7A89E2D57A8AE2D37A0B
:10AF70008BE2D97A8CE2DA7A8DE2DD7A8EE2E17ABE
:10AF80008FE2E27A90E2E67A91E2ED7A92E2F07A6A
:10AF900093E2027B94E20F7B95E20A7B96E2067BCA
:10AFA00097E2337B98E2187B99E2197B9AE21E7B49
:10AFB0009BE2357B9CE2287B9DE2367B9EE2507BC8
:10AFC0009FE27A7BA0E2047BA1E24D7BA2E20B7BB5
:10AFD000A3E24C7BA4E2457BA5E2757BA6E2657B00
:10AFE000A7E2747BA8E2677BA9E2707BAAE2717B8F
:10AFF000ABE26C7BACE26E7BADE29D7BAEE2987B1C
:10B00000AFE29F7BB0E28D7BB1E29C7BB2E29A7BA8
:10B01000B3E28B7BB4E2927BB5E28F7BB6E25D7BE1
:10B02000B7E2997BB8E2CB7BB9E2C17BBAE2CC7BD9
:10B03000BBE2CF7BBCE2B47BBDE2C67BBEE2DD7B84
:10B04000BFE2E97BC0E2117CC1E2147CC2E2E67B94
:10B05000C3E2E57BC4E2607CC5E2007CC6E2077C1B
:10B06000C7E2137CC8E2F37BC9E2F77BCAE2177C34
:10B07000CBE20D7CCCE2F67BCDE2237CCEE2277CDA
:10B08000CFE22A7CD0E21F7CD1E2377CD2E22B7C5B
:10B09000D3E23D7CD4E24C7CD5E2437CD6E2547CC6
:10B0A000D7E24F7CD8E2407CD9E2507CDAE2587C8F
:10B0B000DBE25F7CDCE2647CDDE2567CDEE2657C28
:10B0C000DFE26C7CE0E2757CE1E2837CE2E2907C92
:10B0D000E3E2A47CE4E2AD7CE5E2A27CE6E2AB7CC8
:10B0E000E7E2A17CE8E2A87CE9E2B37CEAE2B27C98
:10B0F000EBE2B17CECE2AE7CEDE2B97CEEE2BD7C51
:10B10000EFE2C07CF0E2C57CF1E2C27CF2E2D87CE6
:10B11000F3E2D27CF4E2DC7CF5E2E27CF6E23B9BFB
:10B12000F7E2EF7CF8E2F27CF9E2F47CFAE2F67CFA
:10B13000FBE2FA7CFCE2067D40E3027D41E31C7DFC
:10B1400042E3157D43E30A7D44E3457D45E34B7DC2
:10B1500046E32E7D47E3327D48E33F7D49E3357D7D
:10B160004AE3467D4BE3737D4CE3567D4DE34E7DD4
:10B170004EE3727D4FE3687D50E36E7D51E34F7D7A
:10B1800052E3637D53E3937D54E3897D55E35B7D17
:10B1900056E38F7D57E37D7D58E39B7D59E3BA7D70
:10B1A0005AE3AE7D5BE3A37D5CE3B57D5DE3C77DE4
:10B1B0005EE3BD7D5FE3AB7D60E33D7E61E3A27D49
:10B1C00062E3AF7D63E3DC7D64E3B87D65E39F7D8F
:10B1D00066E3B07D67E3D87D68E3DD7D69E3E47D08
:10B1E0006AE3DE7D6BE3FB7D6CE3F27D6DE3E17D85
:10B1F0006EE3057E6FE30A7E70E3237E71E3217EBA
:10B2000072E3127E73E3317E74E31F7E75E3097E81
:10B2100076E30B7E77E3227E78E3467E79E3667EF3
:10B220007AE33B7E7BE3357E7CE3397E7DE3437EC0
:10B230007EE3377E80E3327E81E33A7E82E3677E7F
:10B2400083E35D7E84E3567E85E35E7E86E3597EFE
:10B2500087E35A7E88E3797E89E36A7E8AE3697EA2
:10B260008BE37C7E8CE37B7E8DE3837E8EE3D57DDA
:10B270008FE37D7E90E3AE8F91E37F7E92E3887EC5
:10B2800093E3897E94E38C7E95E3927E96E3907EB1
:10B2900097E3937E98E3947E99E3967E9AE38E7E7D
:10B2A0009BE39B7E9CE39C7E9DE3387F9EE33A7FFD
:10B2B0009FE3457FA0E34C7FA1E34D7FA2E34E7F58
:10B2C000A3E3507FA4E3517FA5E3557FA6E3547F1A
:10B2D000A7E3587FA8E35F7FA9E3607FAAE3687FC5
:10B2E000ABE3697FACE3677FADE3787FAEE3827F5A
:10B2F000AFE3867FB0E3837FB1E3887FB2E3877FEC
:10B30000B3E38C7FB4E3947FB5E39E7FB6E39D7F88
:10B31000B7E39A7FB8E3A37FB9E3AF7FBAE3B27F25
:10B32000BBE3B97FBCE3AE7FBDE3B67FBEE3B87FCE
:10B33000BFE3718BC0E3C57FC1E3C67FC2E3CA7FB1
:10B34000C3E3D57FC4E3D47FC5E3E17FC6E3E67FF3
:10B35000C7E3E97FC8E3F37FC9E3F97FCAE3DC9879
:10B36000CBE30680CCE30480CDE30B80CEE31280F8
:10B37000CFE31880D0E31980D1E31C80D2E3218091
:10B38000D3E32880D4E33F80D5E33B80D6E34A80F3
:10B39000D7E34680D8E35280D9E35880DAE35A8075
:10B3A000DBE35F80DCE36280DDE36880DEE3738003
:10B3B000DFE37280E0E37080E1E37680E2E37980AE
:10B3C000E3E37D80E4E37F80E5E38480E6E3868059
:10B3D000E7E38580E8E39B80E9E39380EAE39A80F2
:10B3E000EBE3AD80ECE39051EDE3AC80EEE3DB808A
:10B3F000EFE3E580F0E3D980F1E3DD80F2E3C480A0
:10B40000F3E3DA80F4E3D680F5E30981F6E3EF8035
:10B41000F7E3F180F8E31B81F9E32981FAE3238163
:10B42000FBE32F81FCE34B8140E48B9641E44681B2
:10B4300042E43E8143E4538144E4518145E4FC808D
:10B4400046E4718147E46E8148E4658149E46681A0
:10B450004AE474814BE483814CE488814DE48A8121
:10B460004EE480814FE4828150E4A08151E49581D3
:10B4700052E4A48153E4A38154E45F8155E49381B1
:10B4800056E4A98157E4B08158E4B58159E4BE81FE
:10B490005AE4B8815BE4BD815CE4C0815DE4C281B3
:10B4A0005EE4BA815FE4C98160E4CD8161E4D18169
:10B4B00062E4D98163E4D88164E4C88165E4DA8117
:10B4C00066E4DF8167E4E08168E4E78169E4FA81AA
:10B4D0006AE4FB816BE4FE816CE401826DE402822C
:10B4E0006EE405826FE4078270E40A8271E40D82E3
:10B4F00072E4108273E4168274E4298275E42B826C
:10B5000076E4388277E4338278E4408279E45982C1
:10B510007AE458827BE45D827CE45A827DE45F8237
:10B520007EE4648280E4628281E4688282E46A82EA
:10B5300083E46B8284E42E8285E4718286E47782E0
:10B5400087E4788288E47E8289E48D828AE492822C
:10B550008BE4AB828CE49F828DE4BB828EE4AC8270
:10B560008FE4E18290E4E38291E4DF8292E4D2828C
:10B5700093E4F48294E4F38295E4FA8296E493836C
:10B5800097E4038398E4FB8299E4F9829AE4DE82EB
:10B590009BE406839CE4DC829DE409839EE4D982DB
:10B5A0009FE43583A0E43483A1E41683A2E43283CC
:10B5B000A3E43183A4E44083A5E43983A6E4508363
:10B5C000A7E44583A8E42F83A9E42B83AAE4178387
:10B5D000ABE41883ACE48583ADE49A83AEE4AA833C
:10B5E000AFE49F83B0E4A283B1E49683B2E4238303
:10B5F000B3E48E83B4E48783B5E48A83B6E47C83C2
:10B60000B7E4B583B8E47383B9E47583BAE4A0837F
:10B61000BBE48983BCE4A883BDE4F483BEE4138463
:10B62000BFE4EB83C0E4CE83C1E4FD83C2E40384C2
:10B63000C3E4D883C4E40B84C5E4C183C6E4F783C0
:10B64000C7E40784C8E4E083C9E4F283CAE40D8454
:10B65000CBE42284CCE42084CDE4BD83CEE43884E2
:10B66000CFE40685D0E4FB83D1E46D84D2E42A8460
:10B67000D3E43C84D4E45A85D5E48484D6E4778446
:10B68000D7E46B84D8E4AD84D9E46E84DAE48284B0
:10B69000DBE46984DCE44684DDE42C84DEE46F844E
:10B6A000DFE47984E0E43584E1E4CA84E2E462849E
:10B6B000E3E4B984E4E4BF84E5E49F84E6E4D98468
:10B6C000E7E4CD84E8E4BB84E9E4DA84EAE4D08406
:10B6D000EBE4C184ECE4C684EDE4D684EEE4A1841A
:10B6E000EFE42185F0E4FF84F1E4F484F2E41785CB
:10B6F000F3E41885F4E42C85F5E41F85F6E415855C
:10B70000F7E41485F8E4FC84F9E44085FAE4638501
:10B71000FBE45885FCE4488540E5418541E5028627
:10B7200042E54B8543E5558544E5808545E5A4859F
:10B7300046E5888547E5918548E58A8549E5A885F8
:10B740004AE56D854BE594854CE59B854DE5EA859D
:10B750004EE587854FE59C8550E5778551E57E85EB
:10B7600052E5908553E5C98554E5BA8555E5CF8501
:10B7700056E5B98557E5D08558E5D58559E5DD8588
:10B780005AE5E5855BE5DC855CE5F9855DE50A86DE
:10B790005EE513865FE50B8660E5FE8561E5FA856B
:10B7A00062E5068663E5228664E51A8665E53086ED
:10B7B00066E53F8667E54D8668E5554E69E5548642
:10B7C0006AE55F866BE567866CE571866DE5938655
:10B7D0006EE5A3866FE5A98670E5AA8671E58B867E
:10B7E00072E58C8673E5B68674E5AF8675E5C4862A
:10B7F00076E5C68677E5B08678E5C98679E523885B
:10B800007AE5AB867BE5D4867CE5DE867DE5E98658
:10B810007EE5EC8680E5DF8681E5DB8682E5EF86E6
:10B8200083E5128784E5068785E5088786E5008736
:10B8300087E5038788E5FB8689E511878AE509871F
:10B840008BE50D878CE5F9868DE50A878EE53487D3
:10B850008FE53F8790E5378791E53B8792E5258720
:10B8600093E5298794E51A8795E5608796E55F87D4
:10B8700097E5788798E54C8799E54E879AE5748730
:10B880009BE557879CE568879DE56E879EE5598710
:10B890009FE55387A0E56387A1E56A87A2E5058850
:10B8A000A3E5A287A4E59F87A5E58287A6E5AF87E4
:10B8B000A7E5CB87A8E5BD87A9E5C087AAE5D0871E
:10B8C000ABE5D696ACE5AB87ADE5C487AEE5B3870F
:10B8D000AFE5C787B0E5C687B1E5BB87B2E5EF87BF
:10B8E000B3E5F287B4E5E087B5E50F88B6E50D88E6
:10B8F000B7E5FE87B8E5F687B9E5F787BAE50E88BC
:10B90000BBE5D287BCE51188BDE51688BEE5158884
:10B91000BFE52288C0E52188C1E53188C2E53688C7
:10B92000C3E53988C4E52788C5E53B88C6E5448872
:10B93000C7E54288C8E55288C9E55988CAE55E88E6
:10B94000CBE56288CCE56B88CDE58188CEE57E8845
:10B95000CFE59E88D0E57588D1E57D88D2E5B588AC
:10B96000D3E57288D4E58288D5E59788D6E59288B4
:10B97000D7E5AE88D8E59988D9E5A288DAE58D883B
:10B98000DBE5A488DCE5B088DDE5BF88DEE5B188CD
:10B99000DFE5C388E0E5C488E1E5D488E2E5D8883E
:10B9A000E3E5D988E4E5DD88E5E5F988E6E502899F
:10B9B000E7E5FC88E8E5F488E9E5E888EAE5F28867
:10B9C000EBE50489ECE50C89EDE50A89EEE51389E0
:10B9D000EFE54389F0E51E89F1E52589F2E52A893D
:10B9E000F3E52B89F4E54189F5E54489F6E53B89E2
:10B9F000F7E53689F8E53889F9E54C89FAE51D89D6
:10BA0000FBE56089FCE55E8940E6668941E664897C
:10BA100042E66D8943E66A8944E66F8945E67489A2
:10BA200046E6778947E67E8948E6838949E688893C
:10BA30004AE68A894BE693894CE698894DE6A189C6
:10BA40004EE6A9894FE6A68950E6AC8951E6AF8952
:10BA500052E6B28953E6BA8954E6BD8955E6BF89F4
:10BA600056E6C08957E6DA8958E6DC8959E6DD8969
:10BA70005AE6E7895BE6F4895CE6F8895DE6038AC5
:10BA80005EE6168A5FE6108A60E60C8A61E61B8A2B
:10BA900062E61D8A63E6258A64E6368A65E6418A9F
:10BAA00066E65B8A67E6528A68E6468A69E6488AFD
:10BAB0006AE67C8A6BE66D8A6CE66C8A6DE6628A61
:10BAC0006EE6858A6FE6828A70E6848A71E6A88AC5
:10BAD00072E6A18A73E6918A74E6A58A75E6A68A5B
:10BAE00076E69A8A77E6A38A78E6C48A79E6CD8AEA
:10BAF0007AE6C28A7BE6DA8A7CE6EB8A7DE6F38A1E
:10BB00007EE6E78A80E6E48A81E6F18A82E6148BA3
:10BB100083E6E08A84E6E28A85E6F78A86E6DE8ABC
:10BB200087E6DB8A88E60C8B89E6078B8AE61A8B28
:10BB30008BE6E18A8CE6168B8DE6108B8EE6178BF2
:10BB40008FE6208B90E6338B91E6AB9792E6268BBF
:10BB500093E62B8B94E63E8B95E6288B96E6418BFD
:10BB600097E64C8B98E64F8B99E64E8B9AE6498B7D
:10BB70009BE6568B9CE65B8B9DE65A8B9EE66B8B19
:10BB80009FE65F8BA0E66C8BA1E66F8BA2E6748BC1
:10BB9000A3E67D8BA4E6808BA5E68C8BA6E68E8B38
:10BBA000A7E6928BA8E6938BA9E6968BAAE6998BDB
:10BBB000ABE69A8BACE63A8CADE6418CAEE63F8CB8
:10BBC000AFE6488CB0E64C8CB1E64E8CB2E6508CB9
:10BBD000B3E6558CB4E6628CB5E66C8CB6E6788C30
:10BBE000B7E67A8CB8E6828CB9E6898CBAE6858CA1
:10BBF000BBE68A8CBCE68D8CBDE68E8CBEE6948C52
:10BC0000BFE67C8CC0E6988CC1E61D62C2E6AD8CB6
:10BC1000C3E6AA8CC4E6BD8CC5E6B28CC6E6B38C7E
:10BC2000C7E6AE8CC8E6B68CC9E6C88CCAE6C18C3D
:10BC3000CBE6E48CCCE6E38CCDE6DA8CCEE6FD8C6C
:10BC4000CFE6FA8CD0E6FB8CD1E6048DD2E6058DEA
:10BC5000D3E60A8DD4E6078DD5E60F8DD6E60D8D99
:10BC6000D7E6108DD8E64E9FD9E6138DDAE6CD8C57
:10BC7000DBE6148DDCE6168DDDE6678DDEE66D8D88
:10BC8000DFE6718DE0E6738DE1E6818DE2E6998D68
:10BC9000E3E6C28DE4E6BE8DE5E6BA8DE6E6CF8D3D
:10BCA000E7E6DA8DE8E6D68DE9E6CC8DEAE6DB8DCF
:10BCB000EBE6CB8DECE6EA8DEDE6EB8DEEE6DF8D87
:10BCC000EFE6E38DF0E6FC8DF1E6088EF2E6098EF4
:10BCD000F3E6FF8DF4E61D8EF5E61E8EF6E6108E79
:10BCE000F7E61F8EF8E6428EF9E6358EFAE6308EDC
:10BCF000FBE6348EFCE64A8E40E7478E41E7498EEC
:10BD000042E74C8E43E7508E44E7488E45E7598E14
:10BD100046E7648E47E7608E48E72A8E49E7638EE0
:10BD20004AE7558E4BE7768E4CE7728E4DE77C8E58
:10BD30004EE7818E4FE7878E50E7858E51E7848EE0
:10BD400052E78B8E53E78A8E54E7938E55E7918E98
:10BD500056E7948E57E7998E58E7AA8E59E7A18E39
:10BD60005AE7AC8E5BE7B08E5CE7C68E5DE7B18EBE
:10BD70005EE7BE8E5FE7C58E60E7C88E61E7CB8E5B
:10BD800062E7DB8E63E7E38E64E7FC8E65E7FB8E9C
:10BD900066E7EB8E67E7FE8E68E70A8F69E7058F37
:10BDA0006AE7158F6BE7128F6CE7198F6DE7138FBA
:10BDB0006EE71C8F6FE71F8F70E71B8F71E70C8F8B
:10BDC00072E7268F73E7338F74E73B8F75E7398F00
:10BDD00076E7458F77E7428F78E73E8F79E74C8F9C
:10BDE0007AE7498F7BE7468F7CE74E8F7DE7578F59
:10BDF0007EE75C8F80E7628F81E7638F82E7648FE5
:10BE000083E79C8F84E79F8F85E7A38F86E7AD8FBD
:10BE100087E7AF8F88E7B78F89E7DA8F8AE7E58F03
:10BE20008BE7E28F8CE7EA8F8DE7EF8F8EE78790C5
:10BE30008FE7F48F90E7059091E7F98F92E7FA8FFB
:10BE400093E7119094E7159095E7219096E70D9070
:10BE500097E71E9098E7169099E70B909AE727903E
:10BE60009BE736909CE735909DE739909EE7F88FE9
:10BE70009FE74F90A0E75090A1E75190A2E7529022
:10BE8000A3E70E90A4E74990A5E73E90A6E7569059
:10BE9000A7E75890A8E75E90A9E76890AAE76F9097
:10BEA000ABE77690ACE7A896ADE77290AEE78290EC
:10BEB000AFE77D90B0E78190B1E78090B2E78A90DC
:10BEC000B3E78990B4E78F90B5E7A890B6E7AF9055
:10BED000B7E7B190B8E7B590B9E7E290BAE7E49078
:10BEE000BBE74862BCE7DB90BDE70291BEE7129179
:10BEF000BFE71991C0E73291C1E73091C2E74A919B
:10BF0000C3E75691C4E75891C5E76391C6E76591C9
:10BF1000C7E76991C8E77391C9E77291CAE78B9146
:10BF2000CBE78991CCE78291CDE7A291CEE7AB91A7
:10BF3000CFE7AF91D0E7AA91D1E7B591D2E7B4911D
:10BF4000D3E7BA91D4E7C091D5E7C191D6E7C991BB
:10BF5000D7E7CB91D8E7D091D9E7D691DAE7DF914F
:10BF6000DBE7E191DCE7DB91DDE7FC91DEE7F591D2
:10BF7000DFE7F691E0E71E92E1E7FF91E2E7149236
:10BF8000E3E72C92E4E71592E5E71192E6E75E928B
:10BF9000E7E75792E8E74592E9E74992EAE76492D2
:10BFA000EBE74892ECE79592EDE73F92EEE74B9294
:10BFB000EFE75092F0E79C92F1E79692F2E79392C6
:10BFC000F3E79B92F4E75A92F5E7CF92F6E7B9923E
:10BFD000F7E7B792F8E7E992F9E70F93FAE7FA92F1
:10BFE000FBE74493FCE72E9340E8199341E8229342
:10BFF00042E81A9343E8239344E83A9345E835939B
:10C0000046E83B9347E85C9348E8609349E87C93B3
:10C010004AE86E934BE856934CE8B0934DE8AC93E6
:10C020004EE8AD934FE8949350E8B99351E8D69316
:10C0300052E8D79353E8E89354E8E59355E8D8934A
:10C0400056E8C39357E8DD9358E8D09359E8C8936E
:10C050005AE8E4935BE81A945CE814945DE813945E
:10C060005EE803945FE8079460E8109461E8369412
:10C0700062E82B9463E8359464E8219465E83A9487
:10C0800066E8419467E8529468E8449469E85B94F0
:10C090006AE860946BE862946CE85E946DE86A9478
:10C0A0006EE829926FE8709470E8759471E877945F
:10C0B00072E87D9473E85A9474E87C9475E87E94F1
:10C0C00076E8819477E87F9478E8829579E8879597
:10C0D0007AE88A957BE894957CE896957DE8989532
:10C0E0007EE8999580E8A09581E8A89582E8A795D3
:10C0F00083E8AD9584E8BC9585E8BB9586E8B9955D
:10C1000087E8BE9588E8CA9589E8F66F8AE8C395FE
:10C110008BE8CD958CE8CC958DE8D5958EE8D495B7
:10C120008FE8D69590E8DC9591E8E19592E8E59561
:10C1300093E8E29594E8219695E8289696E82E965D
:10C1400097E82F9698E8429699E84C969AE84F9689
:10C150009BE84B969CE877969DE85C969EE85E96F9
:10C160009FE85D96A0E85F96A1E86696A2E87296C1
:10C17000A3E86C96A4E88D96A5E89896A6E895960F
:10C18000A7E89796A8E8AA96A9E8A796AAE8B1967C
:10C19000ABE8B296ACE8B096ADE8B496AEE8B69629
:10C1A000AFE8B896B0E8B996B1E8CE96B2E8CB96CB
:10C1B000B3E8C996B4E8CD96B5E84D89B6E8DC9603
:10C1C000B7E80D97B8E8D596B9E8F996BAE80497B4
:10C1D000BBE80697BCE80897BDE81397BEE80E9742
:10C1E000BFE81197C0E80F97C1E81697C2E8199702
:10C1F000C3E82497C4E82A97C5E83097C6E839977A
:10C20000C7E83D97C8E83E97C9E84497CAE846970B
:10C21000CBE84897CCE84297CDE84997CEE85C97C1
:10C22000CFE86097D0E86497D1E86697D2E868973E
:10C23000D3E8D252D4E86B97D5E87197D6E87997CE
:10C24000D7E88597D8E87C97D9E88197DAE87A9794
:10C25000DBE88697DCE88B97DDE88F97DEE8909740
:10C26000DFE89C97E0E8A897E1E8A697E2E8A397C3
:10C27000E3E8B397E4E8B497E5E8C397E6E8C69740
:10C28000E7E8C897E8E8CB97E9E8DC97EAE8ED97B4
:10C29000EBE84F9FECE8F297EDE8DF7AEEE8F697EF
:10C2A000EFE8F597F0E80F98F1E80C98F2E8389885
:10C2B000F3E82498F4E82198F5E83798F6E83D98F3
:10C2C000F7E84698F8E84F98F9E84B98FAE86B9841
:10C2D000FBE86F98FCE8709840E9719841E9749820
:10C2E00042E9739843E9AA9844E9AF9845E9B198BF
:10C2F00046E9B69847E9C49848E9C39849E9C69819
:10C300004AE9E9984BE9EB984CE903994DE9099919
:10C310004EE912994FE9149950E9189951E9219978
:10C3200052E91D9953E91E9954E9249955E9209938
:10C3300056E92C9957E92E9958E93D9959E93E99C2
:10C340005AE942995BE949995CE945995DE9509957
:10C350005EE94B995FE9519960E9529961E94C991D
:10C3600062E9559963E9979964E9989965E9A5990E
:10C3700066E9AD9967E9AE9968E9BC9969E9DF9921
:10C380006AE9DB996BE9DD996CE9D8996DE9D19996
:10C390006EE9ED996FE9EE9970E9F19971E9F29919
:10C3A00072E9FB9973E9F89974E9019A75E90F9AB2
:10C3B00076E9059A77E9E29978E9199A79E92B9A69
:10C3C0007AE9379A7BE9459A7CE9429A7DE9409A75
:10C3D0007EE9439A80E93E9A81E9559A82E94D9A2D
:10C3E00083E95B9A84E9579A85E95F9A86E9629ABC
:10C3F00087E9659A88E9649A89E9699A8AE96B9A72
:10C400008BE96A9A8CE9AD9A8DE9B09A8EE9BC9A6B
:10C410008FE9C09A90E9CF9A91E9D19A92E9D39A9B
:10C4200093E9D49A94E9DE9A95E9DF9A96E9E29A3B
:10C4300097E9E39A98E9E69A99E9EF9A9AE9EB9AEB
:10C440009BE9EE9A9CE9F49A9DE9F19A9EE9F79AA4
:10C450009FE9FB9AA0E9069BA1E9189BA2E91A9B18
:10C46000A3E91F9BA4E9229BA5E9239BA6E9259BA1
:10C47000A7E9279BA8E9289BA9E9299BAAE92A9B68
:10C48000ABE92E9BACE92F9BADE9329BAEE9449B17
:10C49000AFE9439BB0E94F9BB1E94D9BB2E94E9B9D
:10C4A000B3E9519BB4E9589BB5E9749BB6E9939BFA
:10C4B000B7E9839BB8E9919BB9E9969BBAE9979B49
:10C4C000BBE99F9BBCE9A09BBDE9A89BBEE9B49BCF
:10C4D000BFE9C09BC0E9CA9BC1E9B99BC2E9C69B41
:10C4E000C3E9CF9BC4E9D19BC5E9D29BC6E9E39BD5
:10C4F000C7E9E29BC8E9E49BC9E9D49BCAE9E19B8F
:10C50000CBE93A9CCCE9F29BCDE9F19BCEE9F09BDB
:10C51000CFE9159CD0E9149CD1E9099CD2E9139C80
:10C52000D3E90C9CD4E9069CD5E9089CD6E9129C79
:10C53000D7E90A9CD8E9049CD9E92E9CDAE91B9C2E
:10C54000DBE9259CDCE9249CDDE9219CDEE9309CCB
:10C55000DFE9479CE0E9329CE1E9469CE2E93E9C48
:10C56000E3E95A9CE4E9609CE5E9679CE6E9769C8E
:10C57000E7E9789CE8E9E79CE9E9EC9CEAE9F09CCA
:10C58000EBE9099DECE9089DEDE9EB9CEEE9039DE3
:10C59000EFE9069DF0E92A9DF1E9269DF2E9AF9DBC
:10C5A000F3E9239DF4E91F9DF5E9449DF6E9159D06
:10C5B000F7E9129DF8E9419DF9E93F9DFAE93E9DB1
:10C5C000FBE9469DFCE9489D40EA5D9D41EA5E9D90
:10C5D00042EA649D43EA519D44EA509D45EA599DD3
:10C5E00046EA729D47EA899D48EA879D49EAAB9DE4
:10C5F0004AEA6F9D4BEA7A9D4CEA9A9D4DEAA49DCA
:10C600004EEAA99D4FEAB29D50EAC49D51EAC19DF0
:10C6100052EABB9D53EAB89D54EABA9D55EAC69DBD
:10C6200056EACF9D57EAC29D58EAD99D59EAD39D53
:10C630005AEAF89D5BEAE69D5CEAED9D5DEAEF9DB6
:10C640005EEAFD9D5FEA1A9E60EA1B9E61EA1E9EFD
:10C6500062EA759E63EA799E64EA7D9E65EA819E40
:10C6600066EA889E67EA8B9E68EA8C9E69EA929EDB
:10C670006AEA959E6BEA919E6CEA9D9E6DEAA59E84
:10C680006EEAA99E6FEAB89E70EAAA9E71EAAD9E14
:10C6900072EA619773EACC9E74EACE9E75EACF9EE9
:10C6A00076EAD09E77EAD49E78EADC9E79EADE9E2E
:10C6B0007AEADD9E7BEAE09E7CEAE59E7DEAE89EE2
:10C6C0007EEAEF9E80EAF49E81EAF69E82EAF79E79
:10C6D00083EAF99E84EAFB9E85EAFC9E86EAFD9E3B
:10C6E00087EA079F88EA089F89EAB7768AEA159F52
:10C6F0008BEA219F8CEA2C9F8DEA3E9F8EEA4A9F0F
:10C700008FEA529F90EA549F91EA639F92EA5F9F5B
:10C7100093EA609F94EA619F95EA669F96EA679F15
:10C7200097EA6C9F98EA6A9F99EA779F9AEA729FC4
:10C730009BEA769F9CEA959F9DEA9C9F9EEAA09F1C
:10C740009FEA2F58A0EAC769A1EA5990A2EA647447
:10C75000A3EADC51A4EA997140FA702141FA7121EF
:10C7600042FA722143FA732144FA742145FA752181
:10C7700046FA762147FA772148FA782149FA792151
:10C7800055FAE4FF56FA07FF57FA02FF5CFA8A7E71
:10C790005DFA1C895EFA48935FFA889260FADC843D
:10C7A00061FAC94F62FABB7063FA316664FAC8680D
:10C7B00065FAF99266FAFB6667FA455F68FA284EF1
:10C7C00069FAE14E6AFAFC4E6BFA004F6CFA034FBD
:10C7D0006DFA394F6EFA564F6FFA924F70FA8A4FD0
:10C7E00071FA9A4F72FA944F73FACD4F74FA40501F
:10C7F00075FA225076FAFF4F77FA1E5078FA4650B3
:10C8000079FA70507AFA42507BFA94507CFAF450DC
:10C810007DFAD8507EFA4A5180FA645181FA9D51CE
:10C8200082FABE5183FAEC5184FA155285FA9C5271
:10C8300086FAA65287FAC05288FADB5289FA005368
:10C840008AFA07538BFA24538CFA72538DFA935356
:10C850008EFAB2538FFADD5390FA0EFA91FA9C5485
:10C8600092FA8A5493FAA95494FAFF5495FA865589
:10C8700096FA595797FA655798FAAC5799FAC857E4
:10C880009AFAC7579BFA0FFA9CFA10FA9DFA9E582B
:10C890009EFAB2589FFA0B59A0FA5359A1FA5B5964
:10C8A000A2FA5D59A3FA6359A4FAA459A5FABA5990
:10C8B000A6FA565BA7FAC05BA8FA2F75A9FAD85B4F
:10C8C000AAFAEC5BABFA1E5CACFAA65CADFABA5CF9
:10C8D000AEFAF55CAFFA275DB0FA535DB1FA11FA22
:10C8E000B2FA425DB3FA6D5DB4FAB85DB5FAB95DFE
:10C8F000B6FAD05DB7FA215FB8FA345FB9FA675F6C
:10C90000BAFAB75FBBFADE5FBCFA5D60BDFA85605C
:10C91000BEFA8A60BFFADE60C0FAD560C1FA206153
:10C92000C2FAF260C3FA1161C4FA3761C5FA306124
:10C93000C6FA9861C7FA1362C8FAA662C9FAF56323
:10C94000CAFA6064CBFA9D64CCFACE64CDFA4E6527
:10C95000CEFA0066CFFA1566D0FA3B66D1FA0966C0
:10C96000D2FA2E66D3FA1E66D4FA2466D5FA656624
:10C97000D6FA5766D7FA5966D8FA12FAD9FA736610
:10C98000DAFA9966DBFAA066DCFAB266DDFABF660F
:10C99000DEFAFA66DFFA0E67E0FA29F9E1FA66676D
:10C9A000E2FABB67E3FA5268E4FAC067E5FA0168A5
:10C9B000E6FA4468E7FACF68E8FA13FAE9FA686930
:10C9C000EAFA14FAEBFA9869ECFAE269EDFA306ADD
:10C9D000EEFA6B6AEFFA466AF0FA736AF1FA7E6A67
:10C9E000F2FAE26AF3FAE46AF4FAD66BF5FA3F6C0B
:10C9F000F6FA5C6CF7FA866CF8FA6F6CF9FADA6C96
:10CA0000FAFA046DFBFA876DFCFA6F6D40FB966DC8
:10CA100041FBAC6D42FBCF6D43FBF86D44FBF26D07
:10CA200045FBFC6D46FB396E47FB5C6E48FB276E91
:10CA300049FB3C6E4AFBBF6E4BFB886F4CFBB56FEE
:10CA40004DFBF56F4EFB05704FFB077050FB2870D8
:10CA500051FB857052FBAB7053FB0F7154FB04719B
:10CA600055FB5C7156FB467157FB477158FB15FA35
:10CA700059FBC1715AFBFE715BFBB1725CFBBE726C
:10CA80005DFB24735EFB16FA5FFB777360FBBD737F
:10CA900061FBC97362FBD67363FBE37364FBD27300
:10CAA00065FB077466FBF57367FB267468FB2A74E5
:10CAB00069FB29746AFB2E746BFB62746CFB8974CE
:10CAC0006DFB9F746EFB01756FFB6F7570FB82765B
:10CAD00071FB9C7672FB9E7673FB9B7674FBA6764D
:10CAE00075FB17FA76FB467777FBAF5278FB217818
:10CAF00079FB4E787AFB64787BFB7A787CFB307923
:10CB00007DFB18FA7EFB19FA80FB1AFA81FB9479F7
:10CB100082FB1BFA83FB9B7984FBD17A85FBE77A46
:10CB200086FB1CFA87FBEB7A88FB9E7B89FB1DFA50
:10CB30008AFB487D8BFB5C7D8CFBB77D8DFBA07DEC
:10CB40008EFBD67D8FFB527E90FB477F91FBA17FB2
:10CB500092FB1EFA93FB018394FB628395FB7F8318
:10CB600096FBC78397FBF68398FB488499FBB484B4
:10CB70009AFB53859BFB59859CFB6B859DFB1FFA9C
:10CB80009EFBB0859FFB20FAA0FB21FAA1FB078842
:10CB9000A2FBF588A3FB128AA4FB378AA5FB798A3E
:10CBA000A6FBA78AA7FBBE8AA8FBDF8AA9FB22FAFD
:10CBB000AAFBF68AABFB538BACFB7F8BADFBF08CF7
:10CBC000AEFBF48CAFFB128DB0FB768DB1FB23FA7C
:10CBD000B2FBCF8EB3FB24FAB4FB25FAB5FB67900A
:10CBE000B6FBDE90B7FB26FAB8FB1591B9FB27918F
:10CBF000BAFBDA91BBFBD791BCFBDE91BDFBED919B
:10CC0000BEFBEE91BFFBE491C0FBE591C1FB069238
:10CC1000C2FB1092C3FB0A92C4FB3A92C5FB40923E
:10CC2000C6FB3C92C7FB4E92C8FB5992C9FB51927E
:10CC3000CAFB3992CBFB6792CCFBA792CDFB7792D4
:10CC4000CEFB7892CFFBE792D0FBD792D1FBD99263
:10CC5000D2FBD092D3FB27FAD4FBD592D5FBE0923E
:10CC6000D6FBD392D7FB2593D8FB2193D9FBFB921C
:10CC7000DAFB28FADBFB1E93DCFBFF92DDFB1D9346
:10CC8000DEFB0293DFFB7093E0FB5793E1FBA49381
:10CC9000E2FBC693E3FBDE93E4FBF893E5FB319400
:10CCA000E6FB4594E7FB4894E8FB9295E9FBDCF949
:10CCB000EAFB29FAEBFB9D96ECFBAF96EDFB339775
:10CCC000EEFB3B97EFFB4397F0FB4D97F1FB4F9744
:10CCD000F2FB5197F3FB5597F4FB5798F5FB6598DA
:10CCE000F6FB2AFAF7FB2BFAF8FB2799F9FB2CFA4B
:10CCF000FAFB9E99FBFB4E9AFCFBD99A40FCDC9A0E
:10CD000041FC759B42FC729B43FC8F9B44FCB19B96
:10CD100045FCBB9B46FC009C47FC709D48FC6B9D02
:10CD200049FC2DFA4AFC199E4BFCD19E00000000E4
:10CD300061001A03E0001703F8000703FF00010079
:10CD400078010001300132010601390110014A0168
:10CD50002E017901060180014D004302810182010B
:10CD600082018401840186018701870189018A018A
:10CD70008B018B018D018E018F0190019101910139
:10CD800093019401F60196019701980198013D02E3
:10CD90009B019C019D0120029F01A001A001A20115
:10CDA000A201A401A401A601A701A701A901AA014A
:10CDB000AB01AC01AC01AE01AF01AF01B101B201F9
:10CDC000B301B301B501B501B701B801B801BA01AA
:10CDD000BB01BC01BC01BE01F701C001C101C20120
:10CDE000C301C401C501C401C701C801C701CA010B
:10CDF000CB01CA01CD011001DD0101008E01DE0170
:10CE00001201F3010300F101F401F401F80128011A
:10CE1000220212013A020900652C3B023B023D024C
:10CE2000662C3F0240024102410246020A015302BF
:10CE3000400081018601550289018A0158028F0153
:10CE40005A0290015C025D025E025F029301610280
:10CE5000620294016402650266026702970196010C
:10CE60006A02622C6C026D026E029C0170027102F9
:10CE70009D01730274029F017602770278027902A3
:10CE80007A027B027C02642C7E027F02A601810270
:10CE90008202A9018402850286028702AE01440251
:10CEA000B101B20145028D028E028F029002910201
:10CEB000B7017B030300FD03FE03FF03AC03040083
:10CEC0008603880389038A03B1031103C2030200A6
:10CED000A303A303C4030803CC0303008C038E0342
:10CEE0008F03D8031801F2030A00F903F303F403D4
:10CEF000F503F603F703F703F903FA03FA03300423
:10CF0000200350041007600422018A043601C10482
:10CF10000E01CF040100C004D004440161052604C1
:10CF2000000000007D1D0100632C001E9601A01E64
:10CF30005A01001F0806101F0606201F0806301F92
:10CF40000806401F0606511F0700591F521F5B1F8E
:10CF5000541F5D1F561F5F1F601F0806701F0E00C5
:10CF6000BA1FBB1FC81FC91FCA1FCB1FDA1FDB1F79
:10CF7000F81FF91FEA1FEB1FFA1FFB1F801F08068F
:10CF8000901F0806A01F0806B01F0400B81FB91F95
:10CF9000B21FBC1FCC1F0100C31FD01F0206E01F21
:10CFA0000206E51F0100EC1FF31F0100FC1F4E21CC
:10CFB0000100322170211002842101008321D0243C
:10CFC0001A05302C2F04602C0201672C0601752CE9
:10CFD0000201802C6401002D260841FF1A03000085
:10CFE000013201083132010865320108A532010819
:10CFF000FFFFFFFFFFFFFFFFFFFFFFFF000000003D
:10D00000000000000000000001000000FFFFFFFF23
:10D01000020000000500000003000000FEFFFFFF0B
:10D02000F9FFFFFFFBFFFFFFFCFFFFFFFCFFFFFF20
:10D0300096C298D84539A1F4A033EB2D817D0377B2
:10D04000F240A463E5E6BCF847422CE1F2D1176B4D
:10D05000F551BF376840B6CBCE5E316B5733CE2B20
:10D06000169E0F7C4AEBE78E9B7F1AFEE242E34F4F
:10D0700003000000000000000000000000000000AD
:10D0800000000000000000000000000000000000A0
:10D090004B60D2273E3CCE3BF6B053CCB0061D656C
:10D0A000BC86987655BDEBB3E7933AAAD835C65AF5
:10D0B000512563FCC2CAB9F3849E17A7ADFAE6BC3A
:10D0C000FFFFFFFFFFFFFFFF00000000FFFFFFFF6C
:10D0D0005D43010800000000AD4301081D44010844
:10D0E00049440108654401087D440108954401084C
:10D0F000B5440108C5440108F74401082525255B0E
:10D100005D5C5C2503000000020201EC020301EDFE
:10D11000020401EE020501EF020601F0020701F12F
:10D12000020801F2020901F3020A01F4020B01F5FF
:10D13000020C01F6020D01F7020E01F8000F01F9D1
:10D14000001001FA001101FB001201FC001301FDA7
:10D15000021401FE001501FF021601000017010173
:10D160000018010202180103001901040219010547
:10D170000319010605190107061901080819010913
:10D180000D19010A020201EC020301ED000501EE96
:10D19000000601EF000701F0000801F1000901F2AB
:10D1A000000A01F3000B01F4000C01F5000D01F67B
:10D1B000000E01F7000F01F8001001F9001101FA4B
:10D1C000001201FB001301FC021401FD021501FE17
:10D1D000001701FF021701000018010100190102E8
:10D1E0000219010308D104081F70000084D104084B
:10D1F000182000010200000088ED00E008ED00E0CA
:10D200000200000026272527252600010102010231
:10D2100002030001020104040404FA009600640001
:10D220004B0032001E001400D0048901D0047801A4
:10D2300089010000D90D0208050E02085D0E0208E2
:10D24000910E0208C90F02083D100208B110020831
:10D25000DD1002083D110208A9110208951202080A
:10D260000913020889130208091402088D14020820
:10D27000051502083915020875150208B1150208CE
:10D280002916020875160208B9160208350B02089D
:10D2900000000C0027000000280018007A017A0125
:10D2A00085650208856502088565020885650208AE
:10D2B000B1660208B16602088D6B0208F56D0208BE
:10D2C000F56D020879700208797002087970020819
:10D2D00079700208000000008D6B02080000000059
:10D2E000000000000000000000000000000000003E
:10D2F000000000000000000000000000000000002E
:10D30000000000000000000038080000F8030000E2
:10D31000030000003808000000FC01000A000000C3
:10D32000380800000000FE0011000000380800006E
:10D330000000007F18000000400800007F0000008F
:10D34000000000004008000000007F001000000006
:10D350003C080000F803000003000000000000008B
:10D360001E00000028000000460000005A000000D7
:10D37000640000006E0000007E0000007987020853
:10D38000F985020895870208A18702080989020821
:10D390001589020865890208898A0208C984020879
:10D3A0002D8F0208858F0208918F02089D8F020839
:10D3B000F18F020821900208AD75020875910208EC
:10D3C000A19302089D7B02084D940208C1940208B3
:10D3D0000300010003010100030201001303010027
:10D3E00004E0070004E0050014E0010004E005018A
:10D3F00004E0070314E0030004E0050104E0070370
:10D4000014E0030004E0000A14E0010A14E0010A39
:10D4100002FF02000220DE000221D0000222B90039
:10D420000209CF00020AB500020C0A00020DCF006B
:10D43000020EB500023C0B00023D0F00023E1F0031
:10D440000224DE000225D0000226B90002040A00F0
:10D450000205CF000206B50002400B0002411B008E
:10D4600002421F000227F8000228DE000229D00035
:10D47000022ABA00020F0A000210DC000211C700E3
:10D480000212B1000243090002440B0002450F00E2
:10D4900002461F000247090002480B0002490F0024
:10D4A000024A1F00021A0500024E200002FF01007E
:10D4B00002AFE50002B0E50002B1E50002B2E4000F
:10D4C0000256070002BE000002C0000002C20000B7
:10D4D00002C4000002C7010002C9030002CB06001B
:10D4E00002CD0E0002CF1B0002D12F0002D34B0051
:10D4F00002D56D0002D7910002D9B20002DBCE0046
:10D5000002DDE30002DFF00002E1F70002E3FB00CE
:10D5100002E5FC0002FF000002680C0002DC0400CF
:10D520000284DD000258050002B1B800026E0C0052
:10D5300002094600024A040002E903000227230010
:10D5400002F74000028C0600028D0000028E0000EF
:10D550000281300002820200028B040012FCBC0037
:10D5600004E007020293100F0295C802020A0805A0
:10D570000298028902980000020A00000295E01E4B
:10D580000288390002DB1F000297F00002E8070062
:10D590000297F1500297F0000295C00002975000E8
:10D5A00002E80000029740000288310002DB000020
:10D5B0000295C21E0298804B029800000272010080
:10D5C0000298804B029800000295C0000272000091
:10D5D000029314000295D002020A061E02974186A9
:10D5E000029740000222020002736D00029712149B
:10D5F0000297100002736C0002220000020A000071
:10D600000295C000129310000293000012960000D1
:10D6100002C900001225000013F2020002FF000000
:10D620000293100F021101001237D0000293000084
:10D63000021100001237C00013FA010010000000B0
:10D640000C0000000C0000000C00000008000000AE
:10D650000400000050010000A80000003C00000091
:10D66000080000000800000044010000080000005D
:10D670002C0000002C0000002C0000002C000000FA
:10D680000C0000002000000024000000200000002A
:10D690002000000020000000200000000800000022
:10D6A0000400000014000000100000000C00000046
:10D6B0000400000004000000280000007D020A01B0
:10D6C000050309760700000003001A000265150F24
:10D6D0000C00000001000000000000000C00000031
:10D6E00040000000060000001C000000FFFFFFFFDC
:10D6F000000000002000000000FFFFFF0800000005
:10D7000020000000FF0000000000000024000000D6
:10D71000FFFF000000000000FFFFFFFF1F000000F0
:10D72000000000FFFFFFFFFFFF00205FF8F7FFC7CB
:10D7300000000000000000000000000001130000D5
:10D740003540030802FE0000B5400308030A00004C
:10D7500059410308040C000091410308050D000025
:10D76000A7410308060B0000E3410308070B000074
:10D77000EF4103080A1F0000FB4103080BF2000001
:10D78000974203080C060000D94203081404000065
:10D79000F7420308050400000943030808040000D9
:10D7A000654303080C0800009143030810010000C2
:10D7B000C143030813FD0000CD4303081A01000014
:10D7C00049440308300300004D4403085702000099
:10D7D00075440308BD1A3CCDA6B8995899B740EBDB
:10D7E0007B60FF4A503F10D2E3B3C974385FC5A3D2
:10D7F000D4F6493F512563FCC2CAB9F3849E17A7EA
:10D80000ADFAE6BCFFFFFFFFFFFFFFFF00000000D7
:10D81000FFFFFFFF60000600F000F0006000300036
:10D820000600A000A0003000FB349B5F8000008059
:10D8300000100000000000006C888391AAF5A53854
:10D8400060370BDB5A6083BE010102010201000256
:10D8500001000202020102010101010102000201B4
:10D8600000000000E69D350E480103CCDBFDF4AC62
:10D870001191F4EFB9A5F9E9A7832C5E2CBE97F2BC
:10D88000D203B0208BD28915D08E1C742430ED8F3A
:10D89000C24563765C15525ABF9A32636DEB2A65B6
:10D8A000499C80DC002020202020202020202828C7
:10D8B0002828282020202020202020202020202050
:10D8C0002020202020881010101010101010101090
:10D8D00010101010100404040404040404040410C0
:10D8E000101010101010414141414141010101014E
:10D8F0000101010101010101010101010101010118
:10D900001010101010104242424242420202020223
:10D9100002020202020202020202020202020202E7
:10D920001010101020000000000000000000000097
:10D9300000000000000000000000000000000000E7
:10D9400000000000000000000000000000000000D7
:10D9500000000000000000000000000000000000C7
:10D9600000000000000000000000000000000000B7
:10D9700000000000000000000000000000000000A7
:10D980000000000000000000000000000000000097
:10D990000000000000000000000000000000000087
:10D9A0000000000000232D302B2000686C4C006527
:10D9B00066674546470030313233343536373839BB
:10D9C00041424344454600303132333435363738EE
:08D9D0003961626364656600C1
:08D9D800C827FB7F01000000DD
:04D9E00085010008B5
:04D9E40061010008D5
:10D9E8000A003200C832C8320000000000000000FF
:10D9F8000000000000000000010001000400000019
:10DA0800F90000007D000000AA0064000612000072
:10DA180000000000FFFFFFFF010000009001000070
:10DA280002000000C8000000202E0020EE030000C5
:10DA38000200000038000020445553545F5800008D
:10DA48000000000600000000000000001924000883
:10DA5800C832C832000000000000000000000000CA
:10DA680000000000C832C8320000000000000000BA
:10DA780000000000000000000024F4001000000076
:10DA880001010C000030024000000000000000000E
:10DA9800000000000000000000000000000000007E
:10DAA80000000000000000000060024001000000CB
:10DAB800000000004060024001000000000000007B
:10DAC80053656E736F7200000709445553545F58CD
:10DAD8000FFF300000000000000000000000000000
:10DAE800C832C8320000000000000000000000003A
:10DAF800000000000000000000000000000000001E
:10DB080001000000B71D0000080000000000000030
:10DB180000000000000000000300000002010000F7
:10DB280000000000000000000000000000000000ED
:10DB380000000000000000000000000000000000DD
:10DB480000000000000000000000000000000000CD
:10DB5800000000000000000000000000FFFFFFFFC1
:10DB6800FFFFFFFF2700000000000000000000008A
:10DB78000200000004000000F10A0208FFFF000094
:10DB8800AAFF000002FF0200026290000265C100C5
:10DB980002668900026789000268EE000269F200E5
:10DBA800026A8000026B3600026CA100026DC2009E
:10DBB800026ED70012FF0000000000000000000005
:10DBC800000000000000000000000000000000004D
:10DBD800000000000000000000000000000000003D
:10DBE800000000000000000000000000000000002D
:10DBF800000000000000000000000000000000001D
:10DC0800000000000000000000000000000000000C
:10DC180000000000000000000000000000000000FC
:10DC280000000000000000000000000000000000EC
:10DC380000000000000000000000000000000000DC
:10DC480000000000000000000000000000000000CC
:10DC580000000000000000000000000000000000BC
:10DC680000000000000000000000000000000000AC
:10DC7800000000000000000000000000000000009C
:10DC8800000000000000000000000000000000008C
:10DC9800000000000000000000000000000000007C
:10DCA80000000000027D00000295C802020A080573
:10DCB800029607000298022202980000020A000059
:10DCC8000295C400020A08000250780002980187F1
:10DCD80002980000020A0000025070001295C0006D
:10DCE800032D01001304010002FF020002C92300F2
:10DCF80002CA230002CB230002CC230002CD23005A
:10DD080002CE230002CF230002D0230002D1230039
:10DD180002D2230002D3230002D4230002D5230019
:10DD280002D6230002D7230002D8230002D92300F9
:10DD380002DA230002DB230002DC230002DD2300D9
:10DD480002DE230002DF230002E0230002E12300B9
:10DD580002E2230002E3230002E4230002E5230099
:10DD680002E6230002E7230002E8230002E9230079
:10DD780002EA230002EB230002EC230002ED230059
:10DD880002EE230002EF230002F0230002A11C0090
:10DD980002A21C0002A31C0002A41C0002A51C0075
:10DDA80002A61C0002A71C0002A81C0002A91C0055
:10DDB80002AA1C0002AB1C0002AC1C0002AD1C0035
:10DDC80002AE1C0002AF1C0002B01C0002B11C0015
:10DDD80002B21C0002B31C0002B41C0002B51C00F5
:10DDE80002B61C0002B71C0002B81C0002B91C00D5
:10DDF80002BA1C0002BB1C0002BC1C0002BD1C00B5
:10DE080002BE1C0002BF1C0002C01C0002C11C0094
:10DE180002C21C0002C31C0002C41C0002C51C0074
:10DE280002C61C0002C71C0012C81C0004E0070040
:10DE38001293100F0272000002750C0002490000D4
:10DE4800026308000460070002931802020A08141B
:10DE5800029358000265150F04600700146007005C
:10DE68000272010002750400024902000263080000
:10DE78000460070002931802020A0814029358006B
:10DE88000265150F046007001460070002720200A3
:10DE980002750C00024900000263080004600700D4
:10DEA80002931802020A0814029358000265150F1B
:10DEB8000460070014600700027203000275040082
:10DEC8000249020002630800046007000293180276
:10DED800020A0814029358000265150F046007002F
:10DEE8001460070002AB000002AC000012AD000095
:10DEF8000265050502931800020A0000029300005B
:10DF08000263080002B86A0002BB2A0014E003009A
:10DF18000265050502931800020A0000029300003A
:10DF28000263080002B86A0002AC000002BB2A00C3
:10DF380014E0030004600700026505050293180059
:10DF4800020A00000293100002630800024902005E
:10DF580014E003000272000002B2FF0004E00700B0
:10DF68000293140F02933C02020A061E04E0070003
:10DF780014E007000272010002B2FF0004E007008B
:10DF88000293140F02933C02020A061E04E00700E3
:10DF980014E007000272020002B2FF0004E007006A
:10DFA8000293140F02933C02020A061E04E00700C3
:10DFB80014E0070004E00700020A000002931000C2
:10DFC80004E0030012B2CF00127D000112590000D4
:10DFD800200100000658585858580000000000005A
:10DFE800FFFFFFFF1F004000000000007FC9010481
:10DFF800000000000707FFFFFFFF1FFFFFFFFF1FD5
:10E008002406002000000000000000006800000056
:10E01800D000000000000000000000000000000028
:10E0280000000000000000000000000000000000E8
:10E0380000000000000000000000000000000000D8
:10E0480000000000000000000000000000000000C8
:040000050801971146
:00000001FF
